DATABASE time_oltp;
INSERT INTO time_oltp:company (company_id, name, passcode, is_deleted, creation_date, creation_user, modification_date, modification_user) VALUES (80018001, 'Company 1', 'PASSCODE 1(80018001)', 0, CURRENT, 132456, CURRENT, 132456);
INSERT INTO time_oltp:payment_terms (payment_terms_id, description, creation_date, creation_user, modification_date, modification_user, active, term) VALUES (80018001, 'Payment Terms 1', CURRENT, 132456, CURRENT, 132456, 1, 1);
INSERT INTO time_oltp:client (client_id, name, company_id, payment_term_id, status, salestax, start_date, end_date, code_name, is_deleted, client_status_id, creation_date, creation_user, modification_date, modification_user, cmc_account_id, customer_number) VALUES (80018001, 'Client 80018001', 80018001, 80018001, 1, 15.0, '2016-05-02 03:15:09', '2016-05-19 03:15:09', 'CodeName 1', 0, 1, CURRENT, 132456, CURRENT, 132456, 800180010, 8001800100);
INSERT INTO time_oltp:project (project_id, company_id, name, active, sales_tax, po_box_number, payment_terms_id, description, start_date, end_date, project_status_id, client_id, parent_project_id, is_deleted, is_manual_prize_setting, budget, creation_date, creation_user, modification_date, modification_user) VALUES (80018001, 80018001, 'Client 80018001 Billing Account 1', 1, 27.0, 'PO BOX 80018001', 80018001, 'Client 80018001 Billing Account 1', '2016-05-05 03:15:09', '2016-04-28 10:46:20', 1, 80018001, null, 0, 0, 20309.0, CURRENT, 132456, CURRENT, 132456);
INSERT INTO time_oltp:client_project (client_id, project_id, creation_date, creation_user, modification_date, modification_user) VALUES (80018001, 80018001, CURRENT, 132456, CURRENT, 132456);
INSERT INTO user_account (user_account_id, company_id, account_status_id, user_name, password, creation_date, creation_user, modification_date, modification_user) VALUES (80018001, 80018001, 1, 'heffan', 'password', CURRENT, 132456, CURRENT, 132456);
INSERT INTO user_account (user_account_id, company_id, account_status_id, user_name, password, creation_date, creation_user, modification_date, modification_user) VALUES (80018002, 80018001, 1, 'user', 'password', CURRENT, 132456, CURRENT, 132456);
INSERT INTO user_account (user_account_id, company_id, account_status_id, user_name, password, creation_date, creation_user, modification_date, modification_user) VALUES (80018003, 80018001, 1, 'Yoshi', 'password', CURRENT, 132456, CURRENT, 132456);
INSERT INTO project_manager (project_id, user_account_id, pay_rate, cost, active, creation_date, creation_user, modification_date, modification_user) VALUES (80018001, 80018001, 86.0, 730.0, 1, CURRENT, 132456, CURRENT, 132456);
INSERT INTO project_worker (project_id, user_account_id, pay_rate, cost, active, start_date, end_date,creation_date, creation_user, modification_date, modification_user) VALUES (80018001, 80018002, 39.0, 720.0, 1, '2016-05-05 03:15:09', '2016-04-28 10:46:20', CURRENT, 132456, CURRENT, 132456);
INSERT INTO project_worker (project_id, user_account_id, pay_rate, cost, active, start_date, end_date,creation_date, creation_user, modification_date, modification_user) VALUES (80018001, 80018003, 58.0, 912.0, 1, '2016-05-05 03:15:09', '2016-04-28 10:46:20', CURRENT, 132456, CURRENT, 132456);
DATABASE corporate_oltp;
INSERT INTO corporate_oltp:tc_direct_project (project_id, name, description, project_status_id, user_id, create_date, modify_date, project_forum_id, demand_work_id) VALUES (80018001, 'Client 80018001 Billing Account 1 Project 1', 'Client 80018001 Billing Account 1 Project 1', 1, 132458, CURRENT, CURRENT, 80018001, 80018001);
INSERT INTO corporate_oltp:direct_project_account (direct_project_account_id,  project_id, billing_account_id) VALUES (80018001, 80018001, 80018001);
INSERT INTO jive:jivecategory (categoryid, name, description, creationdate, modificationdate, lft, rgt)        VALUES (80018001, 'Client 80018001 Billing Account 1 Project 1', 'Client 80018001 Billing Account 1 Project 1', 0, 0, 800180010, 800180015);
INSERT INTO jive:jiveforum (forumid, name, nntpname, description, moddefaultthreadval, moddefaultmsgval,                        creationdate, modificationdate, categoryid, categoryindex, forumindexcounter)        VALUES (800180011, 'Development Strategies', 'Development Strategies.800180011', 'Discuss Project Development Strategies here',                0, 0, 0, 0, 80018001, 1, 0);
INSERT INTO jive:jiveforum (forumid, name, nntpname, description, moddefaultthreadval, moddefaultmsgval,                        creationdate, modificationdate, categoryid, categoryindex, forumindexcounter)        VALUES (800180012, 'Project Requirements', 'Project Requirements.800180012', 'Discuss Project Requirements here',                0, 0, 0, 0, 80018001, 2, 0);
INSERT INTO jive:jiveforum (forumid, name, nntpname, description, moddefaultthreadval, moddefaultmsgval,                        creationdate, modificationdate, categoryid, categoryindex, forumindexcounter)        VALUES (800180013, 'Project Issues and Bugs', 'Project Issues and Bugs.800180013', 'Discuss issues and bugs of the project here',                0, 0, 0, 0, 80018001, 3, 0);
INSERT INTO jive:jiveforum (forumid, name, nntpname, description, moddefaultthreadval, moddefaultmsgval,                        creationdate, modificationdate, categoryid, categoryindex, forumindexcounter)        VALUES (800180014, 'TopCoder Platform Support', 'TopCoder Platform Support.800180014', 'Need a help on TopCoder Platform for your project',                0, 0, 0, 0, 80018001, 4, 0);

INSERT INTO tcs_catalog:direct_project_metadata (tc_direct_project_id, project_metadata_key_id, metadata_value) VALUES (80018001, 6, '136');
INSERT INTO tcs_catalog:direct_project_metadata (tc_direct_project_id, project_metadata_key_id, metadata_value) VALUES (80018001, 3, '31824');
INSERT INTO tcs_catalog:direct_project_metadata (tc_direct_project_id, project_metadata_key_id, metadata_value) VALUES (80018001, 2, '124916');
INSERT INTO tcs_catalog:project_milestone (project_milestone_id, name, description, due_date, send_notifications, completed, project_id, completion_date) VALUES (800180010, 'Conceptualization completion', 'Detailed description for milestone: Conceptualization completion', '2016-04-25 13:15:09', 'f', 'f', 80018001, null);
INSERT INTO tcs_catalog:project_milestone_owner (project_milestone_owner_id, user_id, user_handle, project_milestone_id) VALUES (800180010, 132458, 'user', 800180010);
INSERT INTO tcs_catalog:project_milestone (project_milestone_id, name, description, due_date, send_notifications, completed, project_id, completion_date) VALUES (800180011, 'QA completion', 'Detailed description for milestone: QA completion', '2016-04-27 13:15:09', 'f', 't', 80018001, '2016-04-27 13:15:09');
INSERT INTO tcs_catalog:project_milestone_owner (project_milestone_owner_id, user_id, user_handle, project_milestone_id) VALUES (800180011, 132458, 'user', 800180011);
INSERT INTO user_permission_grant (user_permission_grant_id, user_id, resource_id, permission_type_id, is_studio) VALUES (80018001, 132456, 80018001, 1, 0);
INSERT INTO user_permission_grant (user_permission_grant_id, user_id, resource_id, permission_type_id, is_studio) VALUES (80018002, 132458, 80018001, 3, 0);
INSERT INTO user_permission_grant (user_permission_grant_id, user_id, resource_id, permission_type_id, is_studio) VALUES (80018003, 124916, 80018001, 1, 0);
DATABASE tcs_catalog;
INSERT INTO user_terms_of_use_xref     SELECT u.user_id, t.terms_of_use_id, CURRENT, CURRENT     FROM user u JOIN terms_of_use t ON 1=1     LEFT JOIN (SELECT user_id, terms_of_use_id FROM user_terms_of_use_xref) x          ON x.user_id = u.user_id AND x.terms_of_use_id = t.terms_of_use_id    WHERE x.user_id IS NULL;
INSERT INTO user_rating   SELECT u.user_id,          ABS(MOD(TRUNC((((u.user_id * 1103515245) + 12345) - 4294967296 * TRUNC(((t.project_category_id * 1103515245) + 12345) / 4294967296)) / 65536), 3000)),          t.project_category_id + 111, 0, 0, 0, CURRENT, CURRENT,   NULL::DECIMAL(12,0)   FROM user u JOIN project_category_lu t ON 1=1   LEFT JOIN (SELECT user_id, phase_id FROM user_rating) x        ON x.user_id = u.user_id AND x.phase_id = (t.project_category_id + 111)  WHERE x.user_id IS NULL AND t.project_category_id IN (1, 2, 6, 7, 13, 14, 14, 19, 23, 24, 26, 35, 36, 37, 38, 39);
INSERT INTO common_oltp:security_user (login_id, user_id, password, create_user_id) VALUES (80018001, 'dok80018001', '4EjPjy6o+/C+dqNPnxIy9A==', 0);
INSERT INTO common_oltp:user_security_key (user_id, security_key, security_key_type_id) VALUES (80018001, 'some key data for dok80018001', 1);
INSERT INTO common_oltp:user (user_id, first_name, last_name, create_date, handle, status, timezone_id) VALUES (80018001, 'Jessie', 'Smith', CURRENT, 'dok80018001', 'A', 143);
INSERT INTO common_oltp:email (user_id, email_id, email_type_id, address, create_date, modify_date, primary_ind, status_id) VALUES (80018001, 80018001, 1, 'test@test.com', CURRENT, CURRENT, 1, 1);
INSERT INTO informixoltp:coder (coder_id, member_since, quote, modify_date, language_id, coder_type_id, date_of_birth, comp_country_code, contact_date) VALUES (80018001, '2001-05-09 01:04:42.000', 'User quote', '2008-08-14 14:05:37.000', 1, 2, NULL, '840', NULL);
INSERT INTO common_oltp:user_social_login (social_user_id, user_id, social_login_provider_id, social_user_name) VALUES ('fb80018001', 80018001, 1, 'dok80018001_social');
INSERT INTO common_oltp:security_user (login_id, user_id, password, create_user_id) VALUES (80018002, 'WishingBone80018002', '4EjPjy6o+/C+dqNPnxIy9A==', 0);
INSERT INTO common_oltp:user_security_key (user_id, security_key, security_key_type_id) VALUES (80018002, 'some key data for WishingBone80018002', 1);
INSERT INTO common_oltp:user (user_id, first_name, last_name, create_date, handle, status, timezone_id) VALUES (80018002, 'Dave', 'Smith', CURRENT, 'WishingBone80018002', 'A', 143);
INSERT INTO common_oltp:email (user_id, email_id, email_type_id, address, create_date, modify_date, primary_ind, status_id) VALUES (80018002, 80018002, 1, 'test@test.com', CURRENT, CURRENT, 1, 1);
INSERT INTO informixoltp:coder (coder_id, member_since, quote, modify_date, language_id, coder_type_id, date_of_birth, comp_country_code, contact_date) VALUES (80018002, '2001-05-09 01:04:42.000', 'User quote', '2008-08-14 14:05:37.000', 1, 2, NULL, '840', NULL);
INSERT INTO common_oltp:user_social_login (social_user_id, user_id, social_login_provider_id, social_user_name) VALUES ('fb80018002', 80018002, 1, 'WishingBone80018002_social');
INSERT INTO common_oltp:security_user (login_id, user_id, password, create_user_id) VALUES (80018003, 'marcg80018003', '4EjPjy6o+/C+dqNPnxIy9A==', 0);
INSERT INTO common_oltp:user_security_key (user_id, security_key, security_key_type_id) VALUES (80018003, 'some key data for marcg80018003', 1);
INSERT INTO common_oltp:user (user_id, first_name, last_name, create_date, handle, status, timezone_id) VALUES (80018003, 'John', 'Blais', CURRENT, 'marcg80018003', 'A', 143);
INSERT INTO common_oltp:email (user_id, email_id, email_type_id, address, create_date, modify_date, primary_ind, status_id) VALUES (80018003, 80018003, 1, 'test@test.com', CURRENT, CURRENT, 1, 1);
INSERT INTO informixoltp:coder (coder_id, member_since, quote, modify_date, language_id, coder_type_id, date_of_birth, comp_country_code, contact_date) VALUES (80018003, '2001-05-09 01:04:42.000', 'User quote', '2008-08-14 14:05:37.000', 1, 2, NULL, '840', NULL);
INSERT INTO common_oltp:user_social_login (social_user_id, user_id, social_login_provider_id, social_user_name) VALUES ('fb80018003', 80018003, 1, 'marcg80018003_social');
INSERT INTO common_oltp:security_user (login_id, user_id, password, create_user_id) VALUES (80018004, 'ThinMan80018004', '4EjPjy6o+/C+dqNPnxIy9A==', 0);
INSERT INTO common_oltp:user_security_key (user_id, security_key, security_key_type_id) VALUES (80018004, 'some key data for ThinMan80018004', 1);
INSERT INTO common_oltp:user (user_id, first_name, last_name, create_date, handle, status, timezone_id) VALUES (80018004, 'Jessie', 'Roberts', CURRENT, 'ThinMan80018004', 'A', 143);
INSERT INTO common_oltp:email (user_id, email_id, email_type_id, address, create_date, modify_date, primary_ind, status_id) VALUES (80018004, 80018004, 1, 'test@test.com', CURRENT, CURRENT, 1, 1);
INSERT INTO informixoltp:coder (coder_id, member_since, quote, modify_date, language_id, coder_type_id, date_of_birth, comp_country_code, contact_date) VALUES (80018004, '2001-05-09 01:04:42.000', 'User quote', '2008-08-14 14:05:37.000', 1, 2, NULL, '840', NULL);
INSERT INTO common_oltp:user_social_login (social_user_id, user_id, social_login_provider_id, social_user_name) VALUES ('fb80018004', 80018004, 1, 'ThinMan80018004_social');
INSERT INTO common_oltp:security_user (login_id, user_id, password, create_user_id) VALUES (80018005, 'srowen80018005', '4EjPjy6o+/C+dqNPnxIy9A==', 0);
INSERT INTO common_oltp:user_security_key (user_id, security_key, security_key_type_id) VALUES (80018005, 'some key data for srowen80018005', 1);
INSERT INTO common_oltp:user (user_id, first_name, last_name, create_date, handle, status, timezone_id) VALUES (80018005, 'Marc', 'Smith', CURRENT, 'srowen80018005', 'A', 143);
INSERT INTO common_oltp:email (user_id, email_id, email_type_id, address, create_date, modify_date, primary_ind, status_id) VALUES (80018005, 80018005, 1, 'test@test.com', CURRENT, CURRENT, 1, 1);
INSERT INTO informixoltp:coder (coder_id, member_since, quote, modify_date, language_id, coder_type_id, date_of_birth, comp_country_code, contact_date) VALUES (80018005, '2001-05-09 01:04:42.000', 'User quote', '2008-08-14 14:05:37.000', 1, 2, NULL, '840', NULL);
INSERT INTO common_oltp:user_social_login (social_user_id, user_id, social_login_provider_id, social_user_name) VALUES ('fb80018005', 80018005, 1, 'srowen80018005_social');
INSERT INTO common_oltp:security_user (login_id, user_id, password, create_user_id) VALUES (80018006, 'TonyJ80018006', '4EjPjy6o+/C+dqNPnxIy9A==', 0);
INSERT INTO common_oltp:user_security_key (user_id, security_key, security_key_type_id) VALUES (80018006, 'some key data for TonyJ80018006', 1);
INSERT INTO common_oltp:user (user_id, first_name, last_name, create_date, handle, status, timezone_id) VALUES (80018006, 'Dave', 'Theron', CURRENT, 'TonyJ80018006', 'A', 143);
INSERT INTO common_oltp:email (user_id, email_id, email_type_id, address, create_date, modify_date, primary_ind, status_id) VALUES (80018006, 80018006, 1, 'test@test.com', CURRENT, CURRENT, 1, 1);
INSERT INTO informixoltp:coder (coder_id, member_since, quote, modify_date, language_id, coder_type_id, date_of_birth, comp_country_code, contact_date) VALUES (80018006, '2001-05-09 01:04:42.000', 'User quote', '2008-08-14 14:05:37.000', 1, 2, NULL, '840', NULL);
INSERT INTO common_oltp:user_social_login (social_user_id, user_id, social_login_provider_id, social_user_name) VALUES ('fb80018006', 80018006, 1, 'TonyJ80018006_social');
INSERT INTO common_oltp:security_user (login_id, user_id, password, create_user_id) VALUES (80018007, 'dok80018007', '4EjPjy6o+/C+dqNPnxIy9A==', 0);
INSERT INTO common_oltp:user_security_key (user_id, security_key, security_key_type_id) VALUES (80018007, 'some key data for dok80018007', 1);
INSERT INTO common_oltp:user (user_id, first_name, last_name, create_date, handle, status, timezone_id) VALUES (80018007, 'Rowan', 'Grzeskowiak', CURRENT, 'dok80018007', 'A', 143);
INSERT INTO common_oltp:email (user_id, email_id, email_type_id, address, create_date, modify_date, primary_ind, status_id) VALUES (80018007, 80018007, 1, 'test@test.com', CURRENT, CURRENT, 1, 1);
INSERT INTO informixoltp:coder (coder_id, member_since, quote, modify_date, language_id, coder_type_id, date_of_birth, comp_country_code, contact_date) VALUES (80018007, '2001-05-09 01:04:42.000', 'User quote', '2008-08-14 14:05:37.000', 1, 2, NULL, '840', NULL);
INSERT INTO common_oltp:user_social_login (social_user_id, user_id, social_login_provider_id, social_user_name) VALUES ('fb80018007', 80018007, 1, 'dok80018007_social');
INSERT INTO common_oltp:security_user (login_id, user_id, password, create_user_id) VALUES (80018008, 'mess80018008', '4EjPjy6o+/C+dqNPnxIy9A==', 0);
INSERT INTO common_oltp:user_security_key (user_id, security_key, security_key_type_id) VALUES (80018008, 'some key data for mess80018008', 1);
INSERT INTO common_oltp:user (user_id, first_name, last_name, create_date, handle, status, timezone_id) VALUES (80018008, 'Bill', 'Messinger', CURRENT, 'mess80018008', 'A', 143);
INSERT INTO common_oltp:email (user_id, email_id, email_type_id, address, create_date, modify_date, primary_ind, status_id) VALUES (80018008, 80018008, 1, 'test@test.com', CURRENT, CURRENT, 1, 1);
INSERT INTO informixoltp:coder (coder_id, member_since, quote, modify_date, language_id, coder_type_id, date_of_birth, comp_country_code, contact_date) VALUES (80018008, '2001-05-09 01:04:42.000', 'User quote', '2008-08-14 14:05:37.000', 1, 2, NULL, '840', NULL);
INSERT INTO common_oltp:user_social_login (social_user_id, user_id, social_login_provider_id, social_user_name) VALUES ('fb80018008', 80018008, 1, 'mess80018008_social');
INSERT INTO common_oltp:security_user (login_id, user_id, password, create_user_id) VALUES (80018009, 'Pops80018009', '4EjPjy6o+/C+dqNPnxIy9A==', 0);
INSERT INTO common_oltp:user_security_key (user_id, security_key, security_key_type_id) VALUES (80018009, 'some key data for Pops80018009', 1);
INSERT INTO common_oltp:user (user_id, first_name, last_name, create_date, handle, status, timezone_id) VALUES (80018009, 'Rowan', 'Grzeskowiak', CURRENT, 'Pops80018009', 'A', 143);
INSERT INTO common_oltp:email (user_id, email_id, email_type_id, address, create_date, modify_date, primary_ind, status_id) VALUES (80018009, 80018009, 1, 'test@test.com', CURRENT, CURRENT, 1, 1);
INSERT INTO informixoltp:coder (coder_id, member_since, quote, modify_date, language_id, coder_type_id, date_of_birth, comp_country_code, contact_date) VALUES (80018009, '2001-05-09 01:04:42.000', 'User quote', '2008-08-14 14:05:37.000', 1, 2, NULL, '840', NULL);
INSERT INTO common_oltp:user_social_login (social_user_id, user_id, social_login_provider_id, social_user_name) VALUES ('fb80018009', 80018009, 1, 'Pops80018009_social');
INSERT INTO common_oltp:security_user (login_id, user_id, password, create_user_id) VALUES (80018010, 'hohosky80018010', '4EjPjy6o+/C+dqNPnxIy9A==', 0);
INSERT INTO common_oltp:user_security_key (user_id, security_key, security_key_type_id) VALUES (80018010, 'some key data for hohosky80018010', 1);
INSERT INTO common_oltp:user (user_id, first_name, last_name, create_date, handle, status, timezone_id) VALUES (80018010, 'Charlize', 'Theron', CURRENT, 'hohosky80018010', 'A', 143);
INSERT INTO common_oltp:email (user_id, email_id, email_type_id, address, create_date, modify_date, primary_ind, status_id) VALUES (80018010, 80018010, 1, 'test@test.com', CURRENT, CURRENT, 1, 1);
INSERT INTO informixoltp:coder (coder_id, member_since, quote, modify_date, language_id, coder_type_id, date_of_birth, comp_country_code, contact_date) VALUES (80018010, '2001-05-09 01:04:42.000', 'User quote', '2008-08-14 14:05:37.000', 1, 2, NULL, '840', NULL);
INSERT INTO common_oltp:user_social_login (social_user_id, user_id, social_login_provider_id, social_user_name) VALUES ('fb80018010', 80018010, 1, 'hohosky80018010_social');
INSERT INTO common_oltp:security_user (login_id, user_id, password, create_user_id) VALUES (80018011, 'dok80018011', '4EjPjy6o+/C+dqNPnxIy9A==', 0);
INSERT INTO common_oltp:user_security_key (user_id, security_key, security_key_type_id) VALUES (80018011, 'some key data for dok80018011', 1);
INSERT INTO common_oltp:user (user_id, first_name, last_name, create_date, handle, status, timezone_id) VALUES (80018011, 'Jessica', 'Wu', CURRENT, 'dok80018011', 'A', 143);
INSERT INTO common_oltp:email (user_id, email_id, email_type_id, address, create_date, modify_date, primary_ind, status_id) VALUES (80018011, 80018011, 1, 'test@test.com', CURRENT, CURRENT, 1, 1);
INSERT INTO informixoltp:coder (coder_id, member_since, quote, modify_date, language_id, coder_type_id, date_of_birth, comp_country_code, contact_date) VALUES (80018011, '2001-05-09 01:04:42.000', 'User quote', '2008-08-14 14:05:37.000', 1, 2, NULL, '840', NULL);
INSERT INTO common_oltp:user_social_login (social_user_id, user_id, social_login_provider_id, social_user_name) VALUES ('fb80018011', 80018011, 1, 'dok80018011_social');
INSERT INTO common_oltp:security_user (login_id, user_id, password, create_user_id) VALUES (80018012, 'srowen80018012', '4EjPjy6o+/C+dqNPnxIy9A==', 0);
INSERT INTO common_oltp:user_security_key (user_id, security_key, security_key_type_id) VALUES (80018012, 'some key data for srowen80018012', 1);
INSERT INTO common_oltp:user (user_id, first_name, last_name, create_date, handle, status, timezone_id) VALUES (80018012, 'John', 'Blais', CURRENT, 'srowen80018012', 'A', 143);
INSERT INTO common_oltp:email (user_id, email_id, email_type_id, address, create_date, modify_date, primary_ind, status_id) VALUES (80018012, 80018012, 1, 'test@test.com', CURRENT, CURRENT, 1, 1);
INSERT INTO informixoltp:coder (coder_id, member_since, quote, modify_date, language_id, coder_type_id, date_of_birth, comp_country_code, contact_date) VALUES (80018012, '2001-05-09 01:04:42.000', 'User quote', '2008-08-14 14:05:37.000', 1, 2, NULL, '840', NULL);
INSERT INTO common_oltp:user_social_login (social_user_id, user_id, social_login_provider_id, social_user_name) VALUES ('fb80018012', 80018012, 1, 'srowen80018012_social');
INSERT INTO common_oltp:security_user (login_id, user_id, password, create_user_id) VALUES (80018013, 'srowen80018013', '4EjPjy6o+/C+dqNPnxIy9A==', 0);
INSERT INTO common_oltp:user_security_key (user_id, security_key, security_key_type_id) VALUES (80018013, 'some key data for srowen80018013', 1);
INSERT INTO common_oltp:user (user_id, first_name, last_name, create_date, handle, status, timezone_id) VALUES (80018013, 'Rowan', 'Bollinger', CURRENT, 'srowen80018013', 'A', 143);
INSERT INTO common_oltp:email (user_id, email_id, email_type_id, address, create_date, modify_date, primary_ind, status_id) VALUES (80018013, 80018013, 1, 'test@test.com', CURRENT, CURRENT, 1, 1);
INSERT INTO informixoltp:coder (coder_id, member_since, quote, modify_date, language_id, coder_type_id, date_of_birth, comp_country_code, contact_date) VALUES (80018013, '2001-05-09 01:04:42.000', 'User quote', '2008-08-14 14:05:37.000', 1, 2, NULL, '840', NULL);
INSERT INTO common_oltp:user_social_login (social_user_id, user_id, social_login_provider_id, social_user_name) VALUES ('fb80018013', 80018013, 1, 'srowen80018013_social');
INSERT INTO common_oltp:security_user (login_id, user_id, password, create_user_id) VALUES (80018014, 'srowen80018014', '4EjPjy6o+/C+dqNPnxIy9A==', 0);
INSERT INTO common_oltp:user_security_key (user_id, security_key, security_key_type_id) VALUES (80018014, 'some key data for srowen80018014', 1);
INSERT INTO common_oltp:user (user_id, first_name, last_name, create_date, handle, status, timezone_id) VALUES (80018014, 'Rowan', 'Messinger', CURRENT, 'srowen80018014', 'A', 143);
INSERT INTO common_oltp:email (user_id, email_id, email_type_id, address, create_date, modify_date, primary_ind, status_id) VALUES (80018014, 80018014, 1, 'test@test.com', CURRENT, CURRENT, 1, 1);
INSERT INTO informixoltp:coder (coder_id, member_since, quote, modify_date, language_id, coder_type_id, date_of_birth, comp_country_code, contact_date) VALUES (80018014, '2001-05-09 01:04:42.000', 'User quote', '2008-08-14 14:05:37.000', 1, 2, NULL, '840', NULL);
INSERT INTO common_oltp:user_social_login (social_user_id, user_id, social_login_provider_id, social_user_name) VALUES ('fb80018014', 80018014, 1, 'srowen80018014_social');
INSERT INTO common_oltp:security_user (login_id, user_id, password, create_user_id) VALUES (80018015, 'Pops80018015', '4EjPjy6o+/C+dqNPnxIy9A==', 0);
INSERT INTO common_oltp:user_security_key (user_id, security_key, security_key_type_id) VALUES (80018015, 'some key data for Pops80018015', 1);
INSERT INTO common_oltp:user (user_id, first_name, last_name, create_date, handle, status, timezone_id) VALUES (80018015, 'Marc', 'Doe', CURRENT, 'Pops80018015', 'A', 143);
INSERT INTO common_oltp:email (user_id, email_id, email_type_id, address, create_date, modify_date, primary_ind, status_id) VALUES (80018015, 80018015, 1, 'test@test.com', CURRENT, CURRENT, 1, 1);
INSERT INTO informixoltp:coder (coder_id, member_since, quote, modify_date, language_id, coder_type_id, date_of_birth, comp_country_code, contact_date) VALUES (80018015, '2001-05-09 01:04:42.000', 'User quote', '2008-08-14 14:05:37.000', 1, 2, NULL, '840', NULL);
INSERT INTO common_oltp:user_social_login (social_user_id, user_id, social_login_provider_id, social_user_name) VALUES ('fb80018015', 80018015, 1, 'Pops80018015_social');
INSERT INTO common_oltp:security_user (login_id, user_id, password, create_user_id) VALUES (80018016, 'marcg80018016', '4EjPjy6o+/C+dqNPnxIy9A==', 0);
INSERT INTO common_oltp:user_security_key (user_id, security_key, security_key_type_id) VALUES (80018016, 'some key data for marcg80018016', 1);
INSERT INTO common_oltp:user (user_id, first_name, last_name, create_date, handle, status, timezone_id) VALUES (80018016, 'Tony', 'Bollinger', CURRENT, 'marcg80018016', 'A', 143);
INSERT INTO common_oltp:email (user_id, email_id, email_type_id, address, create_date, modify_date, primary_ind, status_id) VALUES (80018016, 80018016, 1, 'test@test.com', CURRENT, CURRENT, 1, 1);
INSERT INTO informixoltp:coder (coder_id, member_since, quote, modify_date, language_id, coder_type_id, date_of_birth, comp_country_code, contact_date) VALUES (80018016, '2001-05-09 01:04:42.000', 'User quote', '2008-08-14 14:05:37.000', 1, 2, NULL, '840', NULL);
INSERT INTO common_oltp:user_social_login (social_user_id, user_id, social_login_provider_id, social_user_name) VALUES ('fb80018016', 80018016, 1, 'marcg80018016_social');
INSERT INTO common_oltp:security_user (login_id, user_id, password, create_user_id) VALUES (80018017, 'WishingBone80018017', '4EjPjy6o+/C+dqNPnxIy9A==', 0);
INSERT INTO common_oltp:user_security_key (user_id, security_key, security_key_type_id) VALUES (80018017, 'some key data for WishingBone80018017', 1);
INSERT INTO common_oltp:user (user_id, first_name, last_name, create_date, handle, status, timezone_id) VALUES (80018017, 'Rowan', 'Bollinger', CURRENT, 'WishingBone80018017', 'A', 143);
INSERT INTO common_oltp:email (user_id, email_id, email_type_id, address, create_date, modify_date, primary_ind, status_id) VALUES (80018017, 80018017, 1, 'test@test.com', CURRENT, CURRENT, 1, 1);
INSERT INTO informixoltp:coder (coder_id, member_since, quote, modify_date, language_id, coder_type_id, date_of_birth, comp_country_code, contact_date) VALUES (80018017, '2001-05-09 01:04:42.000', 'User quote', '2008-08-14 14:05:37.000', 1, 2, NULL, '840', NULL);
INSERT INTO common_oltp:user_social_login (social_user_id, user_id, social_login_provider_id, social_user_name) VALUES ('fb80018017', 80018017, 1, 'WishingBone80018017_social');
INSERT INTO common_oltp:security_user (login_id, user_id, password, create_user_id) VALUES (80018018, 'jwlms80018018', '4EjPjy6o+/C+dqNPnxIy9A==', 0);
INSERT INTO common_oltp:user_security_key (user_id, security_key, security_key_type_id) VALUES (80018018, 'some key data for jwlms80018018', 1);
INSERT INTO common_oltp:user (user_id, first_name, last_name, create_date, handle, status, timezone_id) VALUES (80018018, 'Jessica', 'Wu', CURRENT, 'jwlms80018018', 'A', 143);
INSERT INTO common_oltp:email (user_id, email_id, email_type_id, address, create_date, modify_date, primary_ind, status_id) VALUES (80018018, 80018018, 1, 'test@test.com', CURRENT, CURRENT, 1, 1);
INSERT INTO informixoltp:coder (coder_id, member_since, quote, modify_date, language_id, coder_type_id, date_of_birth, comp_country_code, contact_date) VALUES (80018018, '2001-05-09 01:04:42.000', 'User quote', '2008-08-14 14:05:37.000', 1, 2, NULL, '840', NULL);
INSERT INTO common_oltp:user_social_login (social_user_id, user_id, social_login_provider_id, social_user_name) VALUES ('fb80018018', 80018018, 1, 'jwlms80018018_social');
INSERT INTO common_oltp:security_user (login_id, user_id, password, create_user_id) VALUES (80018019, 'marcg80018019', '4EjPjy6o+/C+dqNPnxIy9A==', 0);
INSERT INTO common_oltp:user_security_key (user_id, security_key, security_key_type_id) VALUES (80018019, 'some key data for marcg80018019', 1);
INSERT INTO common_oltp:user (user_id, first_name, last_name, create_date, handle, status, timezone_id) VALUES (80018019, 'Dave', 'Grzeskowiak', CURRENT, 'marcg80018019', 'A', 143);
INSERT INTO common_oltp:email (user_id, email_id, email_type_id, address, create_date, modify_date, primary_ind, status_id) VALUES (80018019, 80018019, 1, 'test@test.com', CURRENT, CURRENT, 1, 1);
INSERT INTO informixoltp:coder (coder_id, member_since, quote, modify_date, language_id, coder_type_id, date_of_birth, comp_country_code, contact_date) VALUES (80018019, '2001-05-09 01:04:42.000', 'User quote', '2008-08-14 14:05:37.000', 1, 2, NULL, '840', NULL);
INSERT INTO common_oltp:user_social_login (social_user_id, user_id, social_login_provider_id, social_user_name) VALUES ('fb80018019', 80018019, 1, 'marcg80018019_social');
INSERT INTO common_oltp:security_user (login_id, user_id, password, create_user_id) VALUES (80018020, 'dok80018020', '4EjPjy6o+/C+dqNPnxIy9A==', 0);
INSERT INTO common_oltp:user_security_key (user_id, security_key, security_key_type_id) VALUES (80018020, 'some key data for dok80018020', 1);
INSERT INTO common_oltp:user (user_id, first_name, last_name, create_date, handle, status, timezone_id) VALUES (80018020, 'Jessica', 'Theron', CURRENT, 'dok80018020', 'A', 143);
INSERT INTO common_oltp:email (user_id, email_id, email_type_id, address, create_date, modify_date, primary_ind, status_id) VALUES (80018020, 80018020, 1, 'test@test.com', CURRENT, CURRENT, 1, 1);
INSERT INTO informixoltp:coder (coder_id, member_since, quote, modify_date, language_id, coder_type_id, date_of_birth, comp_country_code, contact_date) VALUES (80018020, '2001-05-09 01:04:42.000', 'User quote', '2008-08-14 14:05:37.000', 1, 2, NULL, '840', NULL);
INSERT INTO common_oltp:user_social_login (social_user_id, user_id, social_login_provider_id, social_user_name) VALUES ('fb80018020', 80018020, 1, 'dok80018020_social');
INSERT INTO common_oltp:security_user (login_id, user_id, password, create_user_id) VALUES (80018021, 'flexme80018021', '4EjPjy6o+/C+dqNPnxIy9A==', 0);
INSERT INTO common_oltp:user_security_key (user_id, security_key, security_key_type_id) VALUES (80018021, 'some key data for flexme80018021', 1);
INSERT INTO common_oltp:user (user_id, first_name, last_name, create_date, handle, status, timezone_id) VALUES (80018021, 'Charlize', 'Atkinson', CURRENT, 'flexme80018021', 'A', 143);
INSERT INTO common_oltp:email (user_id, email_id, email_type_id, address, create_date, modify_date, primary_ind, status_id) VALUES (80018021, 80018021, 1, 'test@test.com', CURRENT, CURRENT, 1, 1);
INSERT INTO informixoltp:coder (coder_id, member_since, quote, modify_date, language_id, coder_type_id, date_of_birth, comp_country_code, contact_date) VALUES (80018021, '2001-05-09 01:04:42.000', 'User quote', '2008-08-14 14:05:37.000', 1, 2, NULL, '840', NULL);
INSERT INTO common_oltp:user_social_login (social_user_id, user_id, social_login_provider_id, social_user_name) VALUES ('fb80018021', 80018021, 1, 'flexme80018021_social');
INSERT INTO common_oltp:security_user (login_id, user_id, password, create_user_id) VALUES (80018022, 'heffan80018022', '4EjPjy6o+/C+dqNPnxIy9A==', 0);
INSERT INTO common_oltp:user_security_key (user_id, security_key, security_key_type_id) VALUES (80018022, 'some key data for heffan80018022', 1);
INSERT INTO common_oltp:user (user_id, first_name, last_name, create_date, handle, status, timezone_id) VALUES (80018022, 'Tony', 'Doe', CURRENT, 'heffan80018022', 'A', 143);
INSERT INTO common_oltp:email (user_id, email_id, email_type_id, address, create_date, modify_date, primary_ind, status_id) VALUES (80018022, 80018022, 1, 'test@test.com', CURRENT, CURRENT, 1, 1);
INSERT INTO informixoltp:coder (coder_id, member_since, quote, modify_date, language_id, coder_type_id, date_of_birth, comp_country_code, contact_date) VALUES (80018022, '2001-05-09 01:04:42.000', 'User quote', '2008-08-14 14:05:37.000', 1, 2, NULL, '840', NULL);
INSERT INTO common_oltp:user_social_login (social_user_id, user_id, social_login_provider_id, social_user_name) VALUES ('fb80018022', 80018022, 1, 'heffan80018022_social');
INSERT INTO common_oltp:security_user (login_id, user_id, password, create_user_id) VALUES (80018023, 'mess80018023', '4EjPjy6o+/C+dqNPnxIy9A==', 0);
INSERT INTO common_oltp:user_security_key (user_id, security_key, security_key_type_id) VALUES (80018023, 'some key data for mess80018023', 1);
INSERT INTO common_oltp:user (user_id, first_name, last_name, create_date, handle, status, timezone_id) VALUES (80018023, 'Dave', 'Smith', CURRENT, 'mess80018023', 'A', 143);
INSERT INTO common_oltp:email (user_id, email_id, email_type_id, address, create_date, modify_date, primary_ind, status_id) VALUES (80018023, 80018023, 1, 'test@test.com', CURRENT, CURRENT, 1, 1);
INSERT INTO informixoltp:coder (coder_id, member_since, quote, modify_date, language_id, coder_type_id, date_of_birth, comp_country_code, contact_date) VALUES (80018023, '2001-05-09 01:04:42.000', 'User quote', '2008-08-14 14:05:37.000', 1, 2, NULL, '840', NULL);
INSERT INTO common_oltp:user_social_login (social_user_id, user_id, social_login_provider_id, social_user_name) VALUES ('fb80018023', 80018023, 1, 'mess80018023_social');
INSERT INTO common_oltp:security_user (login_id, user_id, password, create_user_id) VALUES (80018024, 'bblais80018024', '4EjPjy6o+/C+dqNPnxIy9A==', 0);
INSERT INTO common_oltp:user_security_key (user_id, security_key, security_key_type_id) VALUES (80018024, 'some key data for bblais80018024', 1);
INSERT INTO common_oltp:user (user_id, first_name, last_name, create_date, handle, status, timezone_id) VALUES (80018024, 'Jessie', 'Smith', CURRENT, 'bblais80018024', 'A', 143);
INSERT INTO common_oltp:email (user_id, email_id, email_type_id, address, create_date, modify_date, primary_ind, status_id) VALUES (80018024, 80018024, 1, 'test@test.com', CURRENT, CURRENT, 1, 1);
INSERT INTO informixoltp:coder (coder_id, member_since, quote, modify_date, language_id, coder_type_id, date_of_birth, comp_country_code, contact_date) VALUES (80018024, '2001-05-09 01:04:42.000', 'User quote', '2008-08-14 14:05:37.000', 1, 2, NULL, '840', NULL);
INSERT INTO common_oltp:user_social_login (social_user_id, user_id, social_login_provider_id, social_user_name) VALUES ('fb80018024', 80018024, 1, 'bblais80018024_social');
INSERT INTO copilot_profile (copilot_profile_id, user_id, copilot_profile_status_id, suspension_count, reliability, activation_date, show_copilot_earnings, create_user, create_date, update_user, update_date) VALUES (80018001, 132456, 1, 0, 56.0, '2016-05-12 03:15:09', 't', 132456, CURRENT, 132456, CURRENT);
INSERT INTO copilot_project (copilot_project_id, copilot_profile_id, tc_direct_project_id, copilot_type_id, copilot_project_status_id, private_project, create_user, create_date, modify_user, modify_date) VALUES (80018001, 80018001, 80018001, 1, 1, '0', 132456, CURRENT, 132456, CURRENT);
INSERT INTO comp_catalog (component_id, current_version, short_desc, component_name, description, function_desc, create_time, status_id, root_category_id, modify_date, public_ind)  VALUES (80018001, 1, 'Short description for First2Finish Contest 1', 'First2Finish Contest 1', 'Description for First2Finish Contest 1', 'Functional description for First2Finish Contest 1', CURRENT, 1, 27202915, CURRENT, 1);
INSERT INTO comp_categories (comp_categories_id, component_id, category_id)  VALUES (80018001, 80018001, 27202915);
INSERT INTO comp_versions (comp_vers_id, component_id, version, version_text, create_time, phase_id, phase_time, price, comments, modify_date, suspended_ind) VALUES (80018001, 80018001, 1, '1.0', CURRENT, 112, CURRENT, 1200.0, 'Comments for version #1', CURRENT, 0);
INSERT INTO comp_version_dates (comp_version_dates_id, comp_vers_id, phase_id, posting_date, initial_submission_date, winner_announced_date, final_submission_date, estimated_dev_date, price, total_submissions, status_id, create_time, level_id, screening_complete_date, review_complete_date, aggregation_complete_date, phase_complete_date, production_date, aggregation_complete_date_comment, phase_complete_date_comment, review_complete_date_comment, winner_announced_date_comment, initial_submission_date_comment, screening_complete_date_comment, final_submission_date_comment, production_date_comment, modify_date) VALUES (80018001, 80018001, 112, '1976-06-05', '2000-02-01', '2000-02-01', '2000-02-01', '2000-02-01', 0.00, 0, 301, CURRENT, 100, '2000-02-01', '2000-02-01', '2000-02-01', '2000-02-01', null, null, null, null, null, null, null, null, null, CURRENT);
INSERT INTO comp_technology (comp_tech_id, comp_vers_id, technology_type_id) VALUES (800180010, 80018001, 7375010);
INSERT INTO comp_technology (comp_tech_id, comp_vers_id, technology_type_id) VALUES (800180011, 80018001, 24665371);
INSERT INTO comp_technology (comp_tech_id, comp_vers_id, technology_type_id) VALUES (800180012, 80018001, 6);
INSERT INTO project (project_id, project_status_id, project_category_id, create_user, create_date, modify_user, modify_date, tc_direct_project_id, project_studio_spec_id) VALUES (80018001, 1, 38, 132456, CURRENT, 132456, CURRENT, 80018001, NULL);
INSERT INTO project_info (project_id, project_info_type_id, value, create_user, create_date, modify_user, modify_date) VALUES (80018001, 1, '80018001', 132456, CURRENT, 132456, CURRENT);
INSERT INTO project_info (project_id, project_info_type_id, value, create_user, create_date, modify_user, modify_date) VALUES (80018001, 2, '80018001', 132456, CURRENT, 132456, CURRENT);
INSERT INTO project_info (project_id, project_info_type_id, value, create_user, create_date, modify_user, modify_date) VALUES (80018001, 3, '80018001', 132456, CURRENT, 132456, CURRENT);
INSERT INTO project_info (project_id, project_info_type_id, value, create_user, create_date, modify_user, modify_date) VALUES (80018001, 4, '80018002', 132456, CURRENT, 132456, CURRENT);
INSERT INTO comp_jive_category_xref (comp_vers_id, jive_category_id) VALUES (80018001, 0);
INSERT INTO project_info (project_id, project_info_type_id, value, create_user, create_date, modify_user, modify_date) VALUES (80018001, 5, '27202915', 132456, CURRENT, 132456, CURRENT);
INSERT INTO project_info (project_id, project_info_type_id, value, create_user, create_date, modify_user, modify_date) VALUES (80018001, 6, 'First2Finish Contest 1', 132456, CURRENT, 132456, CURRENT);
INSERT INTO project_info (project_id, project_info_type_id, value, create_user, create_date, modify_user, modify_date) VALUES (80018001, 7, '1.0', 132456, CURRENT, 132456, CURRENT);
INSERT INTO project_info (project_id, project_info_type_id, value, create_user, create_date, modify_user, modify_date) VALUES (80018001, 8, '', 132456, CURRENT, 132456, CURRENT);
INSERT INTO project_info (project_id, project_info_type_id, value, create_user, create_date, modify_user, modify_date) VALUES (80018001, 11, 'On', 132456, CURRENT, 132456, CURRENT);
INSERT INTO project_info (project_id, project_info_type_id, value, create_user, create_date, modify_user, modify_date) VALUES (80018001, 9, 'On', 132456, CURRENT, 132456, CURRENT);
INSERT INTO project_info (project_id, project_info_type_id, value, create_user, create_date, modify_user, modify_date) VALUES (80018001, 10, 'On', 132456, CURRENT, 132456, CURRENT);
INSERT INTO project_info (project_id, project_info_type_id, value, create_user, create_date, modify_user, modify_date) VALUES (80018001, 12, 'Yes', 132456, CURRENT, 132456, CURRENT);
INSERT INTO project_info (project_id, project_info_type_id, value, create_user, create_date, modify_user, modify_date) VALUES (80018001, 13, 'Yes', 132456, CURRENT, 132456, CURRENT);
INSERT INTO project_info (project_id, project_info_type_id, value, create_user, create_date, modify_user, modify_date) VALUES (80018001, 14, 'Open', 132456, CURRENT, 132456, CURRENT);
INSERT INTO project_info (project_id, project_info_type_id, value, create_user, create_date, modify_user, modify_date) VALUES (80018001, 16, '1200.0', 132456, CURRENT, 132456, CURRENT);
INSERT INTO project_info (project_id, project_info_type_id, value, create_user, create_date, modify_user, modify_date) VALUES (80018001, 17, '', 132456, CURRENT, 132456, CURRENT);
INSERT INTO project_info (project_id, project_info_type_id, value, create_user, create_date, modify_user, modify_date) VALUES (80018001, 26, 'On', 132456, CURRENT, 132456, CURRENT);
INSERT INTO project_info (project_id, project_info_type_id, value, create_user, create_date, modify_user, modify_date) VALUES (80018001, 30, '540.0', 132456, CURRENT, 132456, CURRENT);
INSERT INTO project_info (project_id, project_info_type_id, value, create_user, create_date, modify_user, modify_date) VALUES (80018001, 31, '6001.0', 132456, CURRENT, 132456, CURRENT);
INSERT INTO project_info (project_id, project_info_type_id, value, create_user, create_date, modify_user, modify_date) VALUES (80018001, 33, '761.0', 132456, CURRENT, 132456, CURRENT);
INSERT INTO project_info (project_id, project_info_type_id, value, create_user, create_date, modify_user, modify_date) VALUES (80018001, 35, '30.0', 132456, CURRENT, 132456, CURRENT);
INSERT INTO project_info (project_id, project_info_type_id, value, create_user, create_date, modify_user, modify_date) VALUES (80018001, 36, '1200.0', 132456, CURRENT, 132456, CURRENT);
INSERT INTO project_info (project_id, project_info_type_id, value, create_user, create_date, modify_user, modify_date) VALUES (80018001, 37, '600.0', 132456, CURRENT, 132456, CURRENT);
INSERT INTO project_info (project_id, project_info_type_id, value, create_user, create_date, modify_user, modify_date) VALUES (80018001, 45, 'true', 132456, CURRENT, 132456, CURRENT);
INSERT INTO project_info (project_id, project_info_type_id, value, create_user, create_date, modify_user, modify_date) VALUES (80018001, 47, 'true', 132456, CURRENT, 132456, CURRENT);
INSERT INTO project_info (project_id, project_info_type_id, value, create_user, create_date, modify_user, modify_date) VALUES (80018001, 38, '380.0', 132456, CURRENT, 132456, CURRENT);
INSERT INTO project_info (project_id, project_info_type_id, value, create_user, create_date, modify_user, modify_date) VALUES (80018001, 39, '0.0', 132456, CURRENT, 132456, CURRENT);
INSERT INTO project_info (project_id, project_info_type_id, value, create_user, create_date, modify_user, modify_date) VALUES (80018001, 40, 'C', 132456, CURRENT, 132456, CURRENT);
INSERT INTO project_info (project_id, project_info_type_id, value, create_user, create_date, modify_user, modify_date) VALUES (80018001, 32, '80018001', 132456, CURRENT, 132456, CURRENT);
INSERT INTO project_info (project_id, project_info_type_id, value, create_user, create_date, modify_user, modify_date) VALUES (80018001, 41, 'true', 132456, CURRENT, 132456, CURRENT);
INSERT INTO project_info (project_id, project_info_type_id, value, create_user, create_date, modify_user, modify_date) VALUES (80018001, 43, 'true', 132456, CURRENT, 132456, CURRENT);
INSERT INTO project_info (project_id, project_info_type_id, value, create_user, create_date, modify_user, modify_date) VALUES (80018001, 44, 'false', 132456, CURRENT, 132456, CURRENT);
INSERT INTO project_info (project_id, project_info_type_id, value, create_user, create_date, modify_user, modify_date) VALUES (80018001, 46, 'true', 132456, CURRENT, 132456, CURRENT);
INSERT INTO project_info (project_id, project_info_type_id, value, create_user, create_date, modify_user, modify_date) VALUES (80018001, 48, 'true', 132456, CURRENT, 132456, CURRENT);
INSERT INTO project_info (project_id, project_info_type_id, value, create_user, create_date, modify_user, modify_date) VALUES (80018001, 49, '500', 132456, CURRENT, 132456, CURRENT);
INSERT INTO project_info (project_id, project_info_type_id, value, create_user, create_date, modify_user, modify_date) VALUES (80018001, 59, 'true', 132456, CURRENT, 132456, CURRENT);
INSERT INTO project_info (project_id, project_info_type_id, value, create_user, create_date, modify_user, modify_date) VALUES (80018001, 64, '68916', 132456, CURRENT, 132456, CURRENT);
INSERT INTO prize (prize_id, place, prize_amount, prize_type_id, number_of_submissions,                    create_user, create_date, modify_user, modify_date, project_id) VALUES (80018001, 1, 1200.0, 15, 1, 132456, CURRENT, 132456, CURRENT, 80018001);
INSERT INTO prize (prize_id, place, prize_amount, prize_type_id, number_of_submissions,                    create_user, create_date, modify_user, modify_date, project_id) VALUES (80018002, 2, 600.0, 15, 1, 132456, CURRENT, 132456, CURRENT, 80018001);
INSERT INTO project_spec (project_spec_id, project_id, version, detailed_requirements, submission_deliverables, environment_setup_instruction, final_submission_guidelines, private_description, create_user, create_date, modify_user, modify_date) VALUES (80018001, 80018001, 1, 'Detailed requirements for First2Finish Contest 1', '', '', 'Final submission guidelines for First2Finish Contest 1', '', 132456, CURRENT, 132456, CURRENT);
INSERT INTO project_phase (project_phase_id, project_id, phase_type_id, phase_status_id, fixed_start_time, scheduled_start_time, scheduled_end_time, actual_start_time, actual_end_time, duration, create_user, create_date, modify_user, modify_date) VALUES (80018001, 80018001, 1, 3, CURRENT + -6480 UNITS MINUTE, CURRENT + -6480 UNITS MINUTE, CURRENT + -3600 UNITS MINUTE, CURRENT + -6480 UNITS MINUTE, CURRENT + -3600 UNITS MINUTE, 172800000, 132456, CURRENT, 132456, CURRENT);
INSERT INTO project_phase (project_phase_id, project_id, phase_type_id, phase_status_id, fixed_start_time, scheduled_start_time, scheduled_end_time, actual_start_time, actual_end_time, duration, create_user, create_date, modify_user, modify_date) VALUES (80018002, 80018001, 2, 2, null, CURRENT + -6480 UNITS MINUTE, CURRENT + 720 UNITS MINUTE, CURRENT + -6480 UNITS MINUTE, null, 432000000, 132456, CURRENT, 132456, CURRENT);
INSERT INTO project_phase (project_phase_id, project_id, phase_type_id, phase_status_id, fixed_start_time, scheduled_start_time, scheduled_end_time, actual_start_time, actual_end_time, duration, create_user, create_date, modify_user, modify_date) VALUES (80018003, 80018001, 18, 1, null, CURRENT + -6480 UNITS MINUTE, CURRENT + -5760 UNITS MINUTE, null, null, 43200000, 132456, CURRENT, 132456, CURRENT);
INSERT INTO project_phase (project_phase_id, project_id, phase_type_id, phase_status_id, fixed_start_time, scheduled_start_time, scheduled_end_time, actual_start_time, actual_end_time, duration, create_user, create_date, modify_user, modify_date) VALUES (80018004, 80018001, 7, 1, null, CURRENT + 99 UNITS MINUTE, CURRENT + 819 UNITS MINUTE, null, null, 43200000, 132456, CURRENT, 132456, CURRENT);
INSERT INTO project_phase (project_phase_id, project_id, phase_type_id, phase_status_id, fixed_start_time, scheduled_start_time, scheduled_end_time, actual_start_time, actual_end_time, duration, create_user, create_date, modify_user, modify_date) VALUES (80018005, 80018001, 9, 1, null, CURRENT + 819 UNITS MINUTE, CURRENT + 2259 UNITS MINUTE, null, null, 86400000, 132456, CURRENT, 132456, CURRENT);
INSERT INTO project_phase (project_phase_id, project_id, phase_type_id, phase_status_id, fixed_start_time, scheduled_start_time, scheduled_end_time, actual_start_time, actual_end_time, duration, create_user, create_date, modify_user, modify_date) VALUES (80018006, 80018001, 10, 1, null, CURRENT + 2259 UNITS MINUTE, CURRENT + 2979 UNITS MINUTE, null, null, 43200000, 132456, CURRENT, 132456, CURRENT);
INSERT INTO project_phase (project_phase_id, project_id, phase_type_id, phase_status_id, fixed_start_time, scheduled_start_time, scheduled_end_time, actual_start_time, actual_end_time, duration, create_user, create_date, modify_user, modify_date) VALUES (80018007, 80018001, 11, 1, null, CURRENT + 2979 UNITS MINUTE, CURRENT + 10179 UNITS MINUTE, null, null, 432000000, 132456, CURRENT, 132456, CURRENT);
INSERT INTO phase_dependency (dependency_phase_id, dependent_phase_id, dependency_start, dependent_start, lag_time, create_user, create_date, modify_user, modify_date) VALUES (80018001, 80018002, 1, 1, 0, 132456, CURRENT, 132456, CURRENT);
INSERT INTO phase_dependency (dependency_phase_id, dependent_phase_id, dependency_start, dependent_start, lag_time, create_user, create_date, modify_user, modify_date) VALUES (80018002, 80018003, 1, 1, 0, 132456, CURRENT, 132456, CURRENT);
INSERT INTO phase_dependency (dependency_phase_id, dependent_phase_id, dependency_start, dependent_start, lag_time, create_user, create_date, modify_user, modify_date) VALUES (80018004, 80018005, 0, 1, 0, 132456, CURRENT, 132456, CURRENT);
INSERT INTO phase_dependency (dependency_phase_id, dependent_phase_id, dependency_start, dependent_start, lag_time, create_user, create_date, modify_user, modify_date) VALUES (80018005, 80018006, 0, 1, 0, 132456, CURRENT, 132456, CURRENT);
INSERT INTO phase_dependency (dependency_phase_id, dependent_phase_id, dependency_start, dependent_start, lag_time, create_user, create_date, modify_user, modify_date) VALUES (80018006, 80018007, 0, 1, 0, 132456, CURRENT, 132456, CURRENT);
INSERT INTO phase_criteria (project_phase_id, phase_criteria_type_id, parameter, create_user, create_date, modify_user, modify_date) VALUES (80018001, 2, '0', 132456, CURRENT, 132456, CURRENT);
INSERT INTO phase_criteria (project_phase_id, phase_criteria_type_id, parameter, create_user, create_date, modify_user, modify_date) VALUES (80018001, 5, 'No', 132456, CURRENT, 132456, CURRENT);
INSERT INTO phase_criteria (project_phase_id, phase_criteria_type_id, parameter, create_user, create_date, modify_user, modify_date) VALUES (80018002, 3, '0', 132456, CURRENT, 132456, CURRENT);
INSERT INTO phase_criteria (project_phase_id, phase_criteria_type_id, parameter, create_user, create_date, modify_user, modify_date) VALUES (80018002, 5, 'Yes', 132456, CURRENT, 132456, CURRENT);
INSERT INTO phase_criteria (project_phase_id, phase_criteria_type_id, parameter, create_user, create_date, modify_user, modify_date) VALUES (80018003, 1, '30000419', 132456, CURRENT, 132456, CURRENT);
INSERT INTO phase_criteria (project_phase_id, phase_criteria_type_id, parameter, create_user, create_date, modify_user, modify_date) VALUES (80018003, 5, 'No', 132456, CURRENT, 132456, CURRENT);
INSERT INTO phase_criteria (project_phase_id, phase_criteria_type_id, parameter, create_user, create_date, modify_user, modify_date) VALUES (80018003, 6, '3', 132456, CURRENT, 132456, CURRENT);
INSERT INTO phase_criteria (project_phase_id, phase_criteria_type_id, parameter, create_user, create_date, modify_user, modify_date) VALUES (80018004, 5, 'No', 132456, CURRENT, 132456, CURRENT);
INSERT INTO phase_criteria (project_phase_id, phase_criteria_type_id, parameter, create_user, create_date, modify_user, modify_date) VALUES (80018005, 5, 'No', 132456, CURRENT, 132456, CURRENT);
INSERT INTO phase_criteria (project_phase_id, phase_criteria_type_id, parameter, create_user, create_date, modify_user, modify_date) VALUES (80018006, 5, 'No', 132456, CURRENT, 132456, CURRENT);
INSERT INTO phase_criteria (project_phase_id, phase_criteria_type_id, parameter, create_user, create_date, modify_user, modify_date) VALUES (80018007, 1, '30000720', 132456, CURRENT, 132456, CURRENT);
INSERT INTO phase_criteria (project_phase_id, phase_criteria_type_id, parameter, create_user, create_date, modify_user, modify_date) VALUES (80018007, 6, '1', 132456, CURRENT, 132456, CURRENT);
INSERT INTO resource (resource_id, resource_role_id, project_id, project_phase_id, create_user, create_date, modify_user, modify_date, user_id) VALUES (80018001, 13, 80018001, NULL, 132456, CURRENT, 132456, CURRENT, 132456);
INSERT INTO resource (resource_id, resource_role_id, project_id, project_phase_id, create_user, create_date, modify_user, modify_date, user_id) VALUES (80018002, 13, 80018001, NULL, 132456, CURRENT, 132456, CURRENT, 22770213);
INSERT INTO resource (resource_id, resource_role_id, project_id, project_phase_id, create_user, create_date, modify_user, modify_date, user_id) VALUES (80018003, 1, 80018001, NULL, 132456, CURRENT, 132456, CURRENT, 80018011);
INSERT INTO component_inquiry (component_inquiry_id, component_id, user_id, comment, agreed_to_terms, rating, phase, tc_user_id, version, create_time, project_id) VALUES (80018001, 80018001, 80018011, null, 1, 1774, 149, 80018011, 0, CURRENT, 80018001);
INSERT INTO project_result (user_id, project_id, old_rating, new_rating, raw_score, final_score, payment, placed, rating_ind, valid_submission_ind, create_date, modify_date, passed_review_ind, point_adjustment, rating_order) VALUES (80018011, 80018001, 1774, null, null, null, null, null, 0, 0, CURRENT, CURRENT, null, null, null);
UPDATE user_rating SET rating = 1774 WHERE user_id = 80018011 AND phase_id = 149;
INSERT INTO resource (resource_id, resource_role_id, project_id, project_phase_id, create_user, create_date, modify_user, modify_date, user_id) VALUES (80018004, 1, 80018001, NULL, 132456, CURRENT, 132456, CURRENT, 80018004);
INSERT INTO component_inquiry (component_inquiry_id, component_id, user_id, comment, agreed_to_terms, rating, phase, tc_user_id, version, create_time, project_id) VALUES (80018002, 80018001, 80018004, null, 1, 0, 149, 80018004, 0, CURRENT, 80018001);
INSERT INTO project_result (user_id, project_id, old_rating, new_rating, raw_score, final_score, payment, placed, rating_ind, valid_submission_ind, create_date, modify_date, passed_review_ind, point_adjustment, rating_order) VALUES (80018004, 80018001, null, null, null, null, null, null, 0, 0, CURRENT, CURRENT, null, null, null);
UPDATE user_rating SET rating = 0 WHERE user_id = 80018004 AND phase_id = 149;
INSERT INTO resource (resource_id, resource_role_id, project_id, project_phase_id, create_user, create_date, modify_user, modify_date, user_id) VALUES (80018005, 1, 80018001, NULL, 132456, CURRENT, 132456, CURRENT, 80018019);
INSERT INTO component_inquiry (component_inquiry_id, component_id, user_id, comment, agreed_to_terms, rating, phase, tc_user_id, version, create_time, project_id) VALUES (80018003, 80018001, 80018019, null, 1, 0, 149, 80018019, 0, CURRENT, 80018001);
INSERT INTO project_result (user_id, project_id, old_rating, new_rating, raw_score, final_score, payment, placed, rating_ind, valid_submission_ind, create_date, modify_date, passed_review_ind, point_adjustment, rating_order) VALUES (80018019, 80018001, null, null, null, null, null, null, 0, 0, CURRENT, CURRENT, null, null, null);
UPDATE user_rating SET rating = 0 WHERE user_id = 80018019 AND phase_id = 149;
INSERT INTO resource (resource_id, resource_role_id, project_id, project_phase_id, create_user, create_date, modify_user, modify_date, user_id) VALUES (80018006, 8, 80018001, 80018004, 132456, CURRENT, 132456, CURRENT, 124835);
INSERT INTO resource (resource_id, resource_role_id, project_id, project_phase_id, create_user, create_date, modify_user, modify_date, user_id) VALUES (80018007, 9, 80018001, 80018006, 132456, CURRENT, 132456, CURRENT, 124835);
INSERT INTO resource (resource_id, resource_role_id, project_id, project_phase_id, create_user, create_date, modify_user, modify_date, user_id) VALUES (80018008, 14, 80018001, NULL, 132456, CURRENT, 132456, CURRENT, 132456);
INSERT INTO resource (resource_id, resource_role_id, project_id, project_phase_id, create_user, create_date, modify_user, modify_date, user_id) VALUES (80018009, 10, 80018001, NULL, 132456, CURRENT, 132456, CURRENT, 132458);
INSERT INTO resource_info (resource_id, resource_info_type_id, value, create_user, create_date, modify_user, modify_date) VALUES (80018001, 1, '132456', 132456, CURRENT, 132456, CURRENT);
INSERT INTO resource_info (resource_id, resource_info_type_id, value, create_user, create_date, modify_user, modify_date) VALUES (80018001, 2, 'heffan', 132456, CURRENT, 132456, CURRENT);
INSERT INTO resource_info (resource_id, resource_info_type_id, value, create_user, create_date, modify_user, modify_date) VALUES (80018001, 8, 'N/A', 132456, CURRENT, 132456, CURRENT);
INSERT INTO resource_info (resource_id, resource_info_type_id, value, create_user, create_date, modify_user, modify_date) VALUES (80018001, 6, '05.12.2016 03:16 AM', 132456, CURRENT, 132456, CURRENT);
INSERT INTO resource_info (resource_id, resource_info_type_id, value, create_user, create_date, modify_user, modify_date) VALUES (80018002, 1, '22770213', 132456, CURRENT, 132456, CURRENT);
INSERT INTO resource_info (resource_id, resource_info_type_id, value, create_user, create_date, modify_user, modify_date) VALUES (80018002, 2, 'Applications', 132456, CURRENT, 132456, CURRENT);
INSERT INTO resource_info (resource_id, resource_info_type_id, value, create_user, create_date, modify_user, modify_date) VALUES (80018002, 8, 'N/A', 132456, CURRENT, 132456, CURRENT);
INSERT INTO resource_info (resource_id, resource_info_type_id, value, create_user, create_date, modify_user, modify_date) VALUES (80018002, 6, '05.12.2016 03:17 AM', 132456, CURRENT, 132456, CURRENT);
INSERT INTO resource_info (resource_id, resource_info_type_id, value, create_user, create_date, modify_user, modify_date) VALUES (80018003, 1, '80018011', 132456, CURRENT, 132456, CURRENT);
INSERT INTO resource_info (resource_id, resource_info_type_id, value, create_user, create_date, modify_user, modify_date) VALUES (80018003, 2, 'dok80018011', 132456, CURRENT, 132456, CURRENT);
INSERT INTO resource_info (resource_id, resource_info_type_id, value, create_user, create_date, modify_user, modify_date) VALUES (80018003, 3, 'test@test.com', 132456, CURRENT, 132456, CURRENT);
INSERT INTO resource_info (resource_id, resource_info_type_id, value, create_user, create_date, modify_user, modify_date) VALUES (80018003, 4, '1774', 132456, CURRENT, 132456, CURRENT);
INSERT INTO resource_info (resource_id, resource_info_type_id, value, create_user, create_date, modify_user, modify_date) VALUES (80018003, 5, '62', 132456, CURRENT, 132456, CURRENT);
INSERT INTO resource_info (resource_id, resource_info_type_id, value, create_user, create_date, modify_user, modify_date) VALUES (80018003, 8, 'N/A', 132456, CURRENT, 132456, CURRENT);
INSERT INTO resource_info (resource_id, resource_info_type_id, value, create_user, create_date, modify_user, modify_date) VALUES (80018003, 6, '05.12.2016 03:18 AM', 132456, CURRENT, 132456, CURRENT);
INSERT INTO resource_info (resource_id, resource_info_type_id, value, create_user, create_date, modify_user, modify_date) VALUES (80018003, 13, 'No', 132456, CURRENT, 132456, CURRENT);
INSERT INTO resource_info (resource_id, resource_info_type_id, value, create_user, create_date, modify_user, modify_date) VALUES (80018004, 1, '80018004', 132456, CURRENT, 132456, CURRENT);
INSERT INTO resource_info (resource_id, resource_info_type_id, value, create_user, create_date, modify_user, modify_date) VALUES (80018004, 2, 'ThinMan80018004', 132456, CURRENT, 132456, CURRENT);
INSERT INTO resource_info (resource_id, resource_info_type_id, value, create_user, create_date, modify_user, modify_date) VALUES (80018004, 3, 'test@test.com', 132456, CURRENT, 132456, CURRENT);
INSERT INTO resource_info (resource_id, resource_info_type_id, value, create_user, create_date, modify_user, modify_date) VALUES (80018004, 8, 'N/A', 132456, CURRENT, 132456, CURRENT);
INSERT INTO resource_info (resource_id, resource_info_type_id, value, create_user, create_date, modify_user, modify_date) VALUES (80018004, 6, '05.12.2016 03:19 AM', 132456, CURRENT, 132456, CURRENT);
INSERT INTO resource_info (resource_id, resource_info_type_id, value, create_user, create_date, modify_user, modify_date) VALUES (80018004, 13, 'No', 132456, CURRENT, 132456, CURRENT);
INSERT INTO resource_info (resource_id, resource_info_type_id, value, create_user, create_date, modify_user, modify_date) VALUES (80018005, 1, '80018019', 132456, CURRENT, 132456, CURRENT);
INSERT INTO resource_info (resource_id, resource_info_type_id, value, create_user, create_date, modify_user, modify_date) VALUES (80018005, 2, 'marcg80018019', 132456, CURRENT, 132456, CURRENT);
INSERT INTO resource_info (resource_id, resource_info_type_id, value, create_user, create_date, modify_user, modify_date) VALUES (80018005, 3, 'test@test.com', 132456, CURRENT, 132456, CURRENT);
INSERT INTO resource_info (resource_id, resource_info_type_id, value, create_user, create_date, modify_user, modify_date) VALUES (80018005, 8, 'N/A', 132456, CURRENT, 132456, CURRENT);
INSERT INTO resource_info (resource_id, resource_info_type_id, value, create_user, create_date, modify_user, modify_date) VALUES (80018005, 6, '05.12.2016 03:20 AM', 132456, CURRENT, 132456, CURRENT);
INSERT INTO resource_info (resource_id, resource_info_type_id, value, create_user, create_date, modify_user, modify_date) VALUES (80018005, 13, 'No', 132456, CURRENT, 132456, CURRENT);
INSERT INTO resource_info (resource_id, resource_info_type_id, value, create_user, create_date, modify_user, modify_date) VALUES (80018006, 1, '124835', 132456, CURRENT, 132456, CURRENT);
INSERT INTO resource_info (resource_id, resource_info_type_id, value, create_user, create_date, modify_user, modify_date) VALUES (80018006, 2, 'reassembler', 132456, CURRENT, 132456, CURRENT);
INSERT INTO resource_info (resource_id, resource_info_type_id, value, create_user, create_date, modify_user, modify_date) VALUES (80018006, 8, 'N/A', 132456, CURRENT, 132456, CURRENT);
INSERT INTO resource_info (resource_id, resource_info_type_id, value, create_user, create_date, modify_user, modify_date) VALUES (80018006, 6, '05.12.2016 05:00 AM', 132456, CURRENT, 132456, CURRENT);
INSERT INTO resource_info (resource_id, resource_info_type_id, value, create_user, create_date, modify_user, modify_date) VALUES (80018007, 1, '124835', 132456, CURRENT, 132456, CURRENT);
INSERT INTO resource_info (resource_id, resource_info_type_id, value, create_user, create_date, modify_user, modify_date) VALUES (80018007, 2, 'reassembler', 132456, CURRENT, 132456, CURRENT);
INSERT INTO resource_info (resource_id, resource_info_type_id, value, create_user, create_date, modify_user, modify_date) VALUES (80018007, 8, 'N/A', 132456, CURRENT, 132456, CURRENT);
INSERT INTO resource_info (resource_id, resource_info_type_id, value, create_user, create_date, modify_user, modify_date) VALUES (80018007, 6, '05.13.2016 05:01 PM', 132456, CURRENT, 132456, CURRENT);
INSERT INTO resource_info (resource_id, resource_info_type_id, value, create_user, create_date, modify_user, modify_date) VALUES (80018008, 1, '132456', 132456, CURRENT, 132456, CURRENT);
INSERT INTO resource_info (resource_id, resource_info_type_id, value, create_user, create_date, modify_user, modify_date) VALUES (80018008, 2, 'heffan', 132456, CURRENT, 132456, CURRENT);
INSERT INTO resource_info (resource_id, resource_info_type_id, value, create_user, create_date, modify_user, modify_date) VALUES (80018008, 8, 'N/A', 132456, CURRENT, 132456, CURRENT);
INSERT INTO resource_info (resource_id, resource_info_type_id, value, create_user, create_date, modify_user, modify_date) VALUES (80018008, 6, '05.12.2016 03:23 AM', 132456, CURRENT, 132456, CURRENT);
INSERT INTO resource_info (resource_id, resource_info_type_id, value, create_user, create_date, modify_user, modify_date) VALUES (80018009, 1, '132458', 132456, CURRENT, 132456, CURRENT);
INSERT INTO resource_info (resource_id, resource_info_type_id, value, create_user, create_date, modify_user, modify_date) VALUES (80018009, 2, 'user', 132456, CURRENT, 132456, CURRENT);
INSERT INTO resource_info (resource_id, resource_info_type_id, value, create_user, create_date, modify_user, modify_date) VALUES (80018009, 8, 'N/A', 132456, CURRENT, 132456, CURRENT);
INSERT INTO resource_info (resource_id, resource_info_type_id, value, create_user, create_date, modify_user, modify_date) VALUES (80018009, 6, '05.12.2016 03:24 AM', 132456, CURRENT, 132456, CURRENT);
INSERT INTO notification (project_id, external_ref_id, notification_type_id, create_user, create_date, modify_user, modify_date) VALUES (80018001, 80018004, 1, 132456, CURRENT, 132456, CURRENT);
INSERT INTO notification (project_id, external_ref_id, notification_type_id, create_user, create_date, modify_user, modify_date) VALUES (80018001, 124835, 1, 132456, CURRENT, 132456, CURRENT);
INSERT INTO notification (project_id, external_ref_id, notification_type_id, create_user, create_date, modify_user, modify_date) VALUES (80018001, 80018019, 1, 132456, CURRENT, 132456, CURRENT);
INSERT INTO notification (project_id, external_ref_id, notification_type_id, create_user, create_date, modify_user, modify_date) VALUES (80018001, 132458, 1, 132456, CURRENT, 132456, CURRENT);
INSERT INTO notification (project_id, external_ref_id, notification_type_id, create_user, create_date, modify_user, modify_date) VALUES (80018001, 132456, 1, 132456, CURRENT, 132456, CURRENT);
INSERT INTO notification (project_id, external_ref_id, notification_type_id, create_user, create_date, modify_user, modify_date) VALUES (80018001, 22770213, 1, 132456, CURRENT, 132456, CURRENT);
INSERT INTO notification (project_id, external_ref_id, notification_type_id, create_user, create_date, modify_user, modify_date) VALUES (80018001, 80018011, 1, 132456, CURRENT, 132456, CURRENT);
INSERT INTO contest_sale (contest_sale_id, contest_id, sale_status_id, price, paypal_order_id, create_date, sale_reference_id, sale_type_id) VALUES (80018001, 80018001, 1, 9512.0, 'PO BOX 80018001', CURRENT, 'PO BOX 80018001', 2);
INSERT INTO project_payment (project_payment_id, project_payment_type_id, resource_id, submission_id, amount, pacts_payment_id, create_user,create_date, modify_user, modify_date) VALUES (80018001, 4, 80018008, null, 350.0, null, 132456, CURRENT, 132456, CURRENT);
INSERT INTO contest_milestone_xref (contest_id, project_milestone_id, create_user, create_date, modify_user, modify_date) VALUES (80018001, 800180011, 132456, CURRENT, 132456, CURRENT);
INSERT INTO project_platform (project_id, project_platform_id, create_user, create_date, modify_user, modify_date) VALUES (80018001, 9, 132456, CURRENT, 132456, CURRENT);
INSERT INTO project_platform (project_id, project_platform_id, create_user, create_date, modify_user, modify_date) VALUES (80018001, 2, 132456, CURRENT, 132456, CURRENT);
INSERT INTO project_platform (project_id, project_platform_id, create_user, create_date, modify_user, modify_date) VALUES (80018001, 25, 132456, CURRENT, 132456, CURRENT);
INSERT INTO review_auction (review_auction_id, project_id, review_auction_type_id) VALUES (80018001, 80018001, 1);
INSERT INTO comp_catalog (component_id, current_version, short_desc, component_name, description, function_desc, create_time, status_id, root_category_id, modify_date, public_ind)  VALUES (80018002, 1, 'Short description for Assembly Competition Contest 2', 'Assembly Competition Contest 2', 'Description for Assembly Competition Contest 2', 'Functional description for Assembly Competition Contest 2', CURRENT, 1, 27355736, CURRENT, 1);
INSERT INTO comp_categories (comp_categories_id, component_id, category_id)  VALUES (80018002, 80018002, 27355736);
INSERT INTO comp_versions (comp_vers_id, component_id, version, version_text, create_time, phase_id, phase_time, price, comments, modify_date, suspended_ind) VALUES (80018002, 80018002, 1, '1.0', CURRENT, 112, CURRENT, 1000.0, 'Comments for version #1', CURRENT, 0);
INSERT INTO comp_version_dates (comp_version_dates_id, comp_vers_id, phase_id, posting_date, initial_submission_date, winner_announced_date, final_submission_date, estimated_dev_date, price, total_submissions, status_id, create_time, level_id, screening_complete_date, review_complete_date, aggregation_complete_date, phase_complete_date, production_date, aggregation_complete_date_comment, phase_complete_date_comment, review_complete_date_comment, winner_announced_date_comment, initial_submission_date_comment, screening_complete_date_comment, final_submission_date_comment, production_date_comment, modify_date) VALUES (80018002, 80018002, 112, '1976-06-05', '2000-02-01', '2000-02-01', '2000-02-01', '2000-02-01', 0.00, 0, 301, CURRENT, 100, '2000-02-01', '2000-02-01', '2000-02-01', '2000-02-01', null, null, null, null, null, null, null, null, null, CURRENT);
INSERT INTO comp_technology (comp_tech_id, comp_vers_id, technology_type_id) VALUES (800180020, 80018002, 1);
INSERT INTO comp_technology (comp_tech_id, comp_vers_id, technology_type_id) VALUES (800180021, 80018002, 7375010);
INSERT INTO comp_technology (comp_tech_id, comp_vers_id, technology_type_id) VALUES (800180022, 80018002, 15);
INSERT INTO project (project_id, project_status_id, project_category_id, create_user, create_date, modify_user, modify_date, tc_direct_project_id, project_studio_spec_id) VALUES (80018002, 1, 14, 132456, CURRENT, 132456, CURRENT, 80018001, NULL);
INSERT INTO project_info (project_id, project_info_type_id, value, create_user, create_date, modify_user, modify_date) VALUES (80018002, 1, '80018002', 132456, CURRENT, 132456, CURRENT);
INSERT INTO project_info (project_id, project_info_type_id, value, create_user, create_date, modify_user, modify_date) VALUES (80018002, 2, '80018002', 132456, CURRENT, 132456, CURRENT);
INSERT INTO project_info (project_id, project_info_type_id, value, create_user, create_date, modify_user, modify_date) VALUES (80018002, 3, '80018002', 132456, CURRENT, 132456, CURRENT);
INSERT INTO project_info (project_id, project_info_type_id, value, create_user, create_date, modify_user, modify_date) VALUES (80018002, 4, '80018003', 132456, CURRENT, 132456, CURRENT);
INSERT INTO comp_jive_category_xref (comp_vers_id, jive_category_id) VALUES (80018002, 0);
INSERT INTO project_info (project_id, project_info_type_id, value, create_user, create_date, modify_user, modify_date) VALUES (80018002, 5, '27355736', 132456, CURRENT, 132456, CURRENT);
INSERT INTO project_info (project_id, project_info_type_id, value, create_user, create_date, modify_user, modify_date) VALUES (80018002, 6, 'Assembly Competition Contest 2', 132456, CURRENT, 132456, CURRENT);
INSERT INTO project_info (project_id, project_info_type_id, value, create_user, create_date, modify_user, modify_date) VALUES (80018002, 7, '1.0', 132456, CURRENT, 132456, CURRENT);
INSERT INTO project_info (project_id, project_info_type_id, value, create_user, create_date, modify_user, modify_date) VALUES (80018002, 8, '', 132456, CURRENT, 132456, CURRENT);
INSERT INTO project_info (project_id, project_info_type_id, value, create_user, create_date, modify_user, modify_date) VALUES (80018002, 11, 'On', 132456, CURRENT, 132456, CURRENT);
INSERT INTO project_info (project_id, project_info_type_id, value, create_user, create_date, modify_user, modify_date) VALUES (80018002, 9, 'On', 132456, CURRENT, 132456, CURRENT);
INSERT INTO project_info (project_id, project_info_type_id, value, create_user, create_date, modify_user, modify_date) VALUES (80018002, 10, 'On', 132456, CURRENT, 132456, CURRENT);
INSERT INTO project_info (project_id, project_info_type_id, value, create_user, create_date, modify_user, modify_date) VALUES (80018002, 12, 'Yes', 132456, CURRENT, 132456, CURRENT);
INSERT INTO project_info (project_id, project_info_type_id, value, create_user, create_date, modify_user, modify_date) VALUES (80018002, 13, 'Yes', 132456, CURRENT, 132456, CURRENT);
INSERT INTO project_info (project_id, project_info_type_id, value, create_user, create_date, modify_user, modify_date) VALUES (80018002, 14, 'Open', 132456, CURRENT, 132456, CURRENT);
INSERT INTO project_info (project_id, project_info_type_id, value, create_user, create_date, modify_user, modify_date) VALUES (80018002, 16, '1000.0', 132456, CURRENT, 132456, CURRENT);
INSERT INTO project_info (project_id, project_info_type_id, value, create_user, create_date, modify_user, modify_date) VALUES (80018002, 17, '', 132456, CURRENT, 132456, CURRENT);
INSERT INTO project_info (project_id, project_info_type_id, value, create_user, create_date, modify_user, modify_date) VALUES (80018002, 26, 'On', 132456, CURRENT, 132456, CURRENT);
INSERT INTO project_info (project_id, project_info_type_id, value, create_user, create_date, modify_user, modify_date) VALUES (80018002, 30, '450.0', 132456, CURRENT, 132456, CURRENT);
INSERT INTO project_info (project_id, project_info_type_id, value, create_user, create_date, modify_user, modify_date) VALUES (80018002, 31, '6001.0', 132456, CURRENT, 132456, CURRENT);
INSERT INTO project_info (project_id, project_info_type_id, value, create_user, create_date, modify_user, modify_date) VALUES (80018002, 33, '683.0', 132456, CURRENT, 132456, CURRENT);
INSERT INTO project_info (project_id, project_info_type_id, value, create_user, create_date, modify_user, modify_date) VALUES (80018002, 35, '30.0', 132456, CURRENT, 132456, CURRENT);
INSERT INTO project_info (project_id, project_info_type_id, value, create_user, create_date, modify_user, modify_date) VALUES (80018002, 36, '1000.0', 132456, CURRENT, 132456, CURRENT);
INSERT INTO project_info (project_id, project_info_type_id, value, create_user, create_date, modify_user, modify_date) VALUES (80018002, 37, '500.0', 132456, CURRENT, 132456, CURRENT);
INSERT INTO project_info (project_id, project_info_type_id, value, create_user, create_date, modify_user, modify_date) VALUES (80018002, 45, 'true', 132456, CURRENT, 132456, CURRENT);
INSERT INTO project_info (project_id, project_info_type_id, value, create_user, create_date, modify_user, modify_date) VALUES (80018002, 47, 'true', 132456, CURRENT, 132456, CURRENT);
INSERT INTO project_info (project_id, project_info_type_id, value, create_user, create_date, modify_user, modify_date) VALUES (80018002, 38, '300.0', 132456, CURRENT, 132456, CURRENT);
INSERT INTO project_info (project_id, project_info_type_id, value, create_user, create_date, modify_user, modify_date) VALUES (80018002, 39, '0.0', 132456, CURRENT, 132456, CURRENT);
INSERT INTO project_info (project_id, project_info_type_id, value, create_user, create_date, modify_user, modify_date) VALUES (80018002, 40, 'B', 132456, CURRENT, 132456, CURRENT);
INSERT INTO project_info (project_id, project_info_type_id, value, create_user, create_date, modify_user, modify_date) VALUES (80018002, 32, '80018001', 132456, CURRENT, 132456, CURRENT);
INSERT INTO project_info (project_id, project_info_type_id, value, create_user, create_date, modify_user, modify_date) VALUES (80018002, 41, 'true', 132456, CURRENT, 132456, CURRENT);
INSERT INTO project_info (project_id, project_info_type_id, value, create_user, create_date, modify_user, modify_date) VALUES (80018002, 43, 'true', 132456, CURRENT, 132456, CURRENT);
INSERT INTO project_info (project_id, project_info_type_id, value, create_user, create_date, modify_user, modify_date) VALUES (80018002, 44, 'false', 132456, CURRENT, 132456, CURRENT);
INSERT INTO project_info (project_id, project_info_type_id, value, create_user, create_date, modify_user, modify_date) VALUES (80018002, 46, 'true', 132456, CURRENT, 132456, CURRENT);
INSERT INTO project_info (project_id, project_info_type_id, value, create_user, create_date, modify_user, modify_date) VALUES (80018002, 48, 'true', 132456, CURRENT, 132456, CURRENT);
INSERT INTO project_info (project_id, project_info_type_id, value, create_user, create_date, modify_user, modify_date) VALUES (80018002, 23, '80018016', 132456, CURRENT, 132456, CURRENT);
INSERT INTO project_info (project_id, project_info_type_id, value, create_user, create_date, modify_user, modify_date) VALUES (80018002, 49, '500', 132456, CURRENT, 132456, CURRENT);
INSERT INTO project_info (project_id, project_info_type_id, value, create_user, create_date, modify_user, modify_date) VALUES (80018002, 59, 'true', 132456, CURRENT, 132456, CURRENT);
INSERT INTO prize (prize_id, place, prize_amount, prize_type_id, number_of_submissions,                    create_user, create_date, modify_user, modify_date, project_id) VALUES (80018003, 1, 1000.0, 15, 1, 132456, CURRENT, 132456, CURRENT, 80018002);
INSERT INTO prize (prize_id, place, prize_amount, prize_type_id, number_of_submissions,                    create_user, create_date, modify_user, modify_date, project_id) VALUES (80018004, 2, 500.0, 15, 1, 132456, CURRENT, 132456, CURRENT, 80018002);
INSERT INTO project_spec (project_spec_id, project_id, version, detailed_requirements, submission_deliverables, environment_setup_instruction, final_submission_guidelines, private_description, create_user, create_date, modify_user, modify_date) VALUES (80018002, 80018002, 1, 'Detailed requirements for Assembly Competition Contest 2', '', '', 'Final submission guidelines for Assembly Competition Contest 2', '', 132456, CURRENT, 132456, CURRENT);
INSERT INTO project_phase (project_phase_id, project_id, phase_type_id, phase_status_id, fixed_start_time, scheduled_start_time, scheduled_end_time, actual_start_time, actual_end_time, duration, create_user, create_date, modify_user, modify_date) VALUES (80018008, 80018002, 13, 3, CURRENT + -21360 UNITS MINUTE, CURRENT + -21360 UNITS MINUTE, CURRENT + -18480 UNITS MINUTE, CURRENT + -21360 UNITS MINUTE, CURRENT + -18480 UNITS MINUTE, 172800000, 132456, CURRENT, 132456, CURRENT);
INSERT INTO project_phase (project_phase_id, project_id, phase_type_id, phase_status_id, fixed_start_time, scheduled_start_time, scheduled_end_time, actual_start_time, actual_end_time, duration, create_user, create_date, modify_user, modify_date) VALUES (80018009, 80018002, 14, 3, null, CURRENT + -18480 UNITS MINUTE, CURRENT + -18360 UNITS MINUTE, CURRENT + -18480 UNITS MINUTE, CURRENT + -18360 UNITS MINUTE, 7200000, 132456, CURRENT, 132456, CURRENT);
INSERT INTO project_phase (project_phase_id, project_id, phase_type_id, phase_status_id, fixed_start_time, scheduled_start_time, scheduled_end_time, actual_start_time, actual_end_time, duration, create_user, create_date, modify_user, modify_date) VALUES (80018010, 80018002, 1, 3, CURRENT + -18360 UNITS MINUTE, CURRENT + -18360 UNITS MINUTE, CURRENT + -15480 UNITS MINUTE, CURRENT + -18360 UNITS MINUTE, CURRENT + -15480 UNITS MINUTE, 172800000, 132456, CURRENT, 132456, CURRENT);
INSERT INTO project_phase (project_phase_id, project_id, phase_type_id, phase_status_id, fixed_start_time, scheduled_start_time, scheduled_end_time, actual_start_time, actual_end_time, duration, create_user, create_date, modify_user, modify_date) VALUES (80018011, 80018002, 2, 3, null, CURRENT + -18360 UNITS MINUTE, CURRENT + -11160 UNITS MINUTE, CURRENT + -18360 UNITS MINUTE, CURRENT + -11160 UNITS MINUTE, 432000000, 132456, CURRENT, 132456, CURRENT);
INSERT INTO project_phase (project_phase_id, project_id, phase_type_id, phase_status_id, fixed_start_time, scheduled_start_time, scheduled_end_time, actual_start_time, actual_end_time, duration, create_user, create_date, modify_user, modify_date) VALUES (80018012, 80018002, 3, 3, null, CURRENT + -11160 UNITS MINUTE, CURRENT + -10440 UNITS MINUTE, CURRENT + -11160 UNITS MINUTE, CURRENT + -10440 UNITS MINUTE, 43200000, 132456, CURRENT, 132456, CURRENT);
INSERT INTO project_phase (project_phase_id, project_id, phase_type_id, phase_status_id, fixed_start_time, scheduled_start_time, scheduled_end_time, actual_start_time, actual_end_time, duration, create_user, create_date, modify_user, modify_date) VALUES (80018013, 80018002, 4, 3, null, CURRENT + -10440 UNITS MINUTE, CURRENT + -7560 UNITS MINUTE, CURRENT + -10440 UNITS MINUTE, CURRENT + -7560 UNITS MINUTE, 172800000, 132456, CURRENT, 132456, CURRENT);
INSERT INTO project_phase (project_phase_id, project_id, phase_type_id, phase_status_id, fixed_start_time, scheduled_start_time, scheduled_end_time, actual_start_time, actual_end_time, duration, create_user, create_date, modify_user, modify_date) VALUES (80018014, 80018002, 5, 3, null, CURRENT + -7560 UNITS MINUTE, CURRENT + -6120 UNITS MINUTE, CURRENT + -7560 UNITS MINUTE, CURRENT + -6120 UNITS MINUTE, 86400000, 132456, CURRENT, 132456, CURRENT);
INSERT INTO project_phase (project_phase_id, project_id, phase_type_id, phase_status_id, fixed_start_time, scheduled_start_time, scheduled_end_time, actual_start_time, actual_end_time, duration, create_user, create_date, modify_user, modify_date) VALUES (80018015, 80018002, 6, 3, null, CURRENT + -6120 UNITS MINUTE, CURRENT + -5400 UNITS MINUTE, CURRENT + -6120 UNITS MINUTE, CURRENT + -5400 UNITS MINUTE, 43200000, 132456, CURRENT, 132456, CURRENT);
INSERT INTO project_phase (project_phase_id, project_id, phase_type_id, phase_status_id, fixed_start_time, scheduled_start_time, scheduled_end_time, actual_start_time, actual_end_time, duration, create_user, create_date, modify_user, modify_date) VALUES (80018016, 80018002, 7, 3, null, CURRENT + -5400 UNITS MINUTE, CURRENT + -4680 UNITS MINUTE, CURRENT + -5400 UNITS MINUTE, CURRENT + -4680 UNITS MINUTE, 43200000, 132456, CURRENT, 132456, CURRENT);
INSERT INTO project_phase (project_phase_id, project_id, phase_type_id, phase_status_id, fixed_start_time, scheduled_start_time, scheduled_end_time, actual_start_time, actual_end_time, duration, create_user, create_date, modify_user, modify_date) VALUES (80018017, 80018002, 9, 3, null, CURRENT + -4680 UNITS MINUTE, CURRENT + -3240 UNITS MINUTE, CURRENT + -4680 UNITS MINUTE, CURRENT + -3240 UNITS MINUTE, 86400000, 132456, CURRENT, 132456, CURRENT);
INSERT INTO project_phase (project_phase_id, project_id, phase_type_id, phase_status_id, fixed_start_time, scheduled_start_time, scheduled_end_time, actual_start_time, actual_end_time, duration, create_user, create_date, modify_user, modify_date) VALUES (80018018, 80018002, 10, 2, null, CURRENT + -3240 UNITS MINUTE, CURRENT + -2520 UNITS MINUTE, CURRENT + -3240 UNITS MINUTE, null, 43200000, 132456, CURRENT, 132456, CURRENT);
INSERT INTO project_phase (project_phase_id, project_id, phase_type_id, phase_status_id, fixed_start_time, scheduled_start_time, scheduled_end_time, actual_start_time, actual_end_time, duration, create_user, create_date, modify_user, modify_date) VALUES (80018019, 80018002, 11, 1, null, CURRENT + -2520 UNITS MINUTE, CURRENT + 4680 UNITS MINUTE, null, null, 432000000, 132456, CURRENT, 132456, CURRENT);
INSERT INTO phase_dependency (dependency_phase_id, dependent_phase_id, dependency_start, dependent_start, lag_time, create_user, create_date, modify_user, modify_date) VALUES (80018008, 80018009, 0, 1, 0, 132456, CURRENT, 132456, CURRENT);
INSERT INTO phase_dependency (dependency_phase_id, dependent_phase_id, dependency_start, dependent_start, lag_time, create_user, create_date, modify_user, modify_date) VALUES (80018009, 80018010, 0, 1, 0, 132456, CURRENT, 132456, CURRENT);
INSERT INTO phase_dependency (dependency_phase_id, dependent_phase_id, dependency_start, dependent_start, lag_time, create_user, create_date, modify_user, modify_date) VALUES (80018010, 80018011, 1, 1, 0, 132456, CURRENT, 132456, CURRENT);
INSERT INTO phase_dependency (dependency_phase_id, dependent_phase_id, dependency_start, dependent_start, lag_time, create_user, create_date, modify_user, modify_date) VALUES (80018011, 80018012, 0, 1, 0, 132456, CURRENT, 132456, CURRENT);
INSERT INTO phase_dependency (dependency_phase_id, dependent_phase_id, dependency_start, dependent_start, lag_time, create_user, create_date, modify_user, modify_date) VALUES (80018012, 80018013, 0, 1, 0, 132456, CURRENT, 132456, CURRENT);
INSERT INTO phase_dependency (dependency_phase_id, dependent_phase_id, dependency_start, dependent_start, lag_time, create_user, create_date, modify_user, modify_date) VALUES (80018013, 80018014, 0, 1, 0, 132456, CURRENT, 132456, CURRENT);
INSERT INTO phase_dependency (dependency_phase_id, dependent_phase_id, dependency_start, dependent_start, lag_time, create_user, create_date, modify_user, modify_date) VALUES (80018014, 80018015, 0, 1, 0, 132456, CURRENT, 132456, CURRENT);
INSERT INTO phase_dependency (dependency_phase_id, dependent_phase_id, dependency_start, dependent_start, lag_time, create_user, create_date, modify_user, modify_date) VALUES (80018015, 80018016, 0, 1, 0, 132456, CURRENT, 132456, CURRENT);
INSERT INTO phase_dependency (dependency_phase_id, dependent_phase_id, dependency_start, dependent_start, lag_time, create_user, create_date, modify_user, modify_date) VALUES (80018016, 80018017, 0, 1, 0, 132456, CURRENT, 132456, CURRENT);
INSERT INTO phase_dependency (dependency_phase_id, dependent_phase_id, dependency_start, dependent_start, lag_time, create_user, create_date, modify_user, modify_date) VALUES (80018017, 80018018, 0, 1, 0, 132456, CURRENT, 132456, CURRENT);
INSERT INTO phase_dependency (dependency_phase_id, dependent_phase_id, dependency_start, dependent_start, lag_time, create_user, create_date, modify_user, modify_date) VALUES (80018018, 80018019, 0, 1, 0, 132456, CURRENT, 132456, CURRENT);
INSERT INTO phase_criteria (project_phase_id, phase_criteria_type_id, parameter, create_user, create_date, modify_user, modify_date) VALUES (80018009, 1, '30000722', 132456, CURRENT, 132456, CURRENT);
INSERT INTO phase_criteria (project_phase_id, phase_criteria_type_id, parameter, create_user, create_date, modify_user, modify_date) VALUES (80018009, 6, '1', 132456, CURRENT, 132456, CURRENT);
INSERT INTO phase_criteria (project_phase_id, phase_criteria_type_id, parameter, create_user, create_date, modify_user, modify_date) VALUES (80018010, 2, '0', 132456, CURRENT, 132456, CURRENT);
INSERT INTO phase_criteria (project_phase_id, phase_criteria_type_id, parameter, create_user, create_date, modify_user, modify_date) VALUES (80018010, 5, 'No', 132456, CURRENT, 132456, CURRENT);
INSERT INTO phase_criteria (project_phase_id, phase_criteria_type_id, parameter, create_user, create_date, modify_user, modify_date) VALUES (80018011, 3, '0', 132456, CURRENT, 132456, CURRENT);
INSERT INTO phase_criteria (project_phase_id, phase_criteria_type_id, parameter, create_user, create_date, modify_user, modify_date) VALUES (80018011, 5, 'Yes', 132456, CURRENT, 132456, CURRENT);
INSERT INTO phase_criteria (project_phase_id, phase_criteria_type_id, parameter, create_user, create_date, modify_user, modify_date) VALUES (80018012, 1, '30000410', 132456, CURRENT, 132456, CURRENT);
INSERT INTO phase_criteria (project_phase_id, phase_criteria_type_id, parameter, create_user, create_date, modify_user, modify_date) VALUES (80018012, 5, 'No', 132456, CURRENT, 132456, CURRENT);
INSERT INTO phase_criteria (project_phase_id, phase_criteria_type_id, parameter, create_user, create_date, modify_user, modify_date) VALUES (80018013, 1, '30000411', 132456, CURRENT, 132456, CURRENT);
INSERT INTO phase_criteria (project_phase_id, phase_criteria_type_id, parameter, create_user, create_date, modify_user, modify_date) VALUES (80018013, 5, 'No', 132456, CURRENT, 132456, CURRENT);
INSERT INTO phase_criteria (project_phase_id, phase_criteria_type_id, parameter, create_user, create_date, modify_user, modify_date) VALUES (80018013, 6, '3', 132456, CURRENT, 132456, CURRENT);
INSERT INTO phase_criteria (project_phase_id, phase_criteria_type_id, parameter, create_user, create_date, modify_user, modify_date) VALUES (80018014, 4, 'No', 132456, CURRENT, 132456, CURRENT);
INSERT INTO phase_criteria (project_phase_id, phase_criteria_type_id, parameter, create_user, create_date, modify_user, modify_date) VALUES (80018014, 5, 'No', 132456, CURRENT, 132456, CURRENT);
INSERT INTO phase_criteria (project_phase_id, phase_criteria_type_id, parameter, create_user, create_date, modify_user, modify_date) VALUES (80018015, 5, 'No', 132456, CURRENT, 132456, CURRENT);
INSERT INTO phase_criteria (project_phase_id, phase_criteria_type_id, parameter, create_user, create_date, modify_user, modify_date) VALUES (80018016, 5, 'No', 132456, CURRENT, 132456, CURRENT);
INSERT INTO phase_criteria (project_phase_id, phase_criteria_type_id, parameter, create_user, create_date, modify_user, modify_date) VALUES (80018017, 5, 'No', 132456, CURRENT, 132456, CURRENT);
INSERT INTO phase_criteria (project_phase_id, phase_criteria_type_id, parameter, create_user, create_date, modify_user, modify_date) VALUES (80018018, 5, 'No', 132456, CURRENT, 132456, CURRENT);
INSERT INTO phase_criteria (project_phase_id, phase_criteria_type_id, parameter, create_user, create_date, modify_user, modify_date) VALUES (80018019, 1, '30000720', 132456, CURRENT, 132456, CURRENT);
INSERT INTO phase_criteria (project_phase_id, phase_criteria_type_id, parameter, create_user, create_date, modify_user, modify_date) VALUES (80018019, 6, '1', 132456, CURRENT, 132456, CURRENT);
INSERT INTO resource (resource_id, resource_role_id, project_id, project_phase_id, create_user, create_date, modify_user, modify_date, user_id) VALUES (80018010, 13, 80018002, NULL, 132456, CURRENT, 132456, CURRENT, 132456);
INSERT INTO resource (resource_id, resource_role_id, project_id, project_phase_id, create_user, create_date, modify_user, modify_date, user_id) VALUES (80018011, 13, 80018002, NULL, 132456, CURRENT, 132456, CURRENT, 22770213);
INSERT INTO resource (resource_id, resource_role_id, project_id, project_phase_id, create_user, create_date, modify_user, modify_date, user_id) VALUES (80018012, 17, 80018002, NULL, 132456, CURRENT, 132456, CURRENT, 132458);
INSERT INTO resource (resource_id, resource_role_id, project_id, project_phase_id, create_user, create_date, modify_user, modify_date, user_id) VALUES (80018013, 18, 80018002, 80018009, 132456, CURRENT, 132456, CURRENT, 124916);
INSERT INTO resource (resource_id, resource_role_id, project_id, project_phase_id, create_user, create_date, modify_user, modify_date, user_id) VALUES (80018014, 1, 80018002, NULL, 132456, CURRENT, 132456, CURRENT, 80018016);
INSERT INTO component_inquiry (component_inquiry_id, component_id, user_id, comment, agreed_to_terms, rating, phase, tc_user_id, version, create_time, project_id) VALUES (80018004, 80018002, 80018016, null, 1, 2348, 125, 80018016, 0, CURRENT, 80018002);
INSERT INTO project_result (user_id, project_id, old_rating, new_rating, raw_score, final_score, payment, placed, rating_ind, valid_submission_ind, create_date, modify_date, passed_review_ind, point_adjustment, rating_order) VALUES (80018016, 80018002, 2348, null, null, null, null, null, 0, 0, CURRENT, CURRENT, null, null, null);
UPDATE user_rating SET rating = 2348 WHERE user_id = 80018016 AND phase_id = 125;
INSERT INTO resource (resource_id, resource_role_id, project_id, project_phase_id, create_user, create_date, modify_user, modify_date, user_id) VALUES (80018015, 1, 80018002, NULL, 132456, CURRENT, 132456, CURRENT, 80018009);
INSERT INTO component_inquiry (component_inquiry_id, component_id, user_id, comment, agreed_to_terms, rating, phase, tc_user_id, version, create_time, project_id) VALUES (80018005, 80018002, 80018009, null, 1, 206, 125, 80018009, 0, CURRENT, 80018002);
INSERT INTO project_result (user_id, project_id, old_rating, new_rating, raw_score, final_score, payment, placed, rating_ind, valid_submission_ind, create_date, modify_date, passed_review_ind, point_adjustment, rating_order) VALUES (80018009, 80018002, 206, null, null, null, null, null, 0, 0, CURRENT, CURRENT, null, null, null);
UPDATE user_rating SET rating = 206 WHERE user_id = 80018009 AND phase_id = 125;
INSERT INTO resource (resource_id, resource_role_id, project_id, project_phase_id, create_user, create_date, modify_user, modify_date, user_id) VALUES (80018016, 1, 80018002, NULL, 132456, CURRENT, 132456, CURRENT, 80018018);
INSERT INTO component_inquiry (component_inquiry_id, component_id, user_id, comment, agreed_to_terms, rating, phase, tc_user_id, version, create_time, project_id) VALUES (80018006, 80018002, 80018018, null, 1, 1752, 125, 80018018, 0, CURRENT, 80018002);
INSERT INTO project_result (user_id, project_id, old_rating, new_rating, raw_score, final_score, payment, placed, rating_ind, valid_submission_ind, create_date, modify_date, passed_review_ind, point_adjustment, rating_order) VALUES (80018018, 80018002, 1752, null, null, null, null, null, 0, 0, CURRENT, CURRENT, null, null, null);
UPDATE user_rating SET rating = 1752 WHERE user_id = 80018018 AND phase_id = 125;
INSERT INTO resource (resource_id, resource_role_id, project_id, project_phase_id, create_user, create_date, modify_user, modify_date, user_id) VALUES (80018017, 2, 80018002, 80018012, 132456, CURRENT, 132456, CURRENT, 124836);
INSERT INTO resource (resource_id, resource_role_id, project_id, project_phase_id, create_user, create_date, modify_user, modify_date, user_id) VALUES (80018018, 4, 80018002, 80018013, 132456, CURRENT, 132456, CURRENT, 124836);
INSERT INTO resource (resource_id, resource_role_id, project_id, project_phase_id, create_user, create_date, modify_user, modify_date, user_id) VALUES (80018019, 8, 80018002, 80018016, 132456, CURRENT, 132456, CURRENT, 124836);
INSERT INTO resource (resource_id, resource_role_id, project_id, project_phase_id, create_user, create_date, modify_user, modify_date, user_id) VALUES (80018020, 9, 80018002, 80018018, 132456, CURRENT, 132456, CURRENT, 124836);
INSERT INTO resource (resource_id, resource_role_id, project_id, project_phase_id, create_user, create_date, modify_user, modify_date, user_id) VALUES (80018021, 14, 80018002, NULL, 132456, CURRENT, 132456, CURRENT, 132456);
INSERT INTO resource (resource_id, resource_role_id, project_id, project_phase_id, create_user, create_date, modify_user, modify_date, user_id) VALUES (80018022, 10, 80018002, NULL, 132456, CURRENT, 132456, CURRENT, 132458);
INSERT INTO resource_info (resource_id, resource_info_type_id, value, create_user, create_date, modify_user, modify_date) VALUES (80018010, 1, '132456', 132456, CURRENT, 132456, CURRENT);
INSERT INTO resource_info (resource_id, resource_info_type_id, value, create_user, create_date, modify_user, modify_date) VALUES (80018010, 2, 'heffan', 132456, CURRENT, 132456, CURRENT);
INSERT INTO resource_info (resource_id, resource_info_type_id, value, create_user, create_date, modify_user, modify_date) VALUES (80018010, 8, 'N/A', 132456, CURRENT, 132456, CURRENT);
INSERT INTO resource_info (resource_id, resource_info_type_id, value, create_user, create_date, modify_user, modify_date) VALUES (80018010, 6, '05.12.2016 03:16 AM', 132456, CURRENT, 132456, CURRENT);
INSERT INTO resource_info (resource_id, resource_info_type_id, value, create_user, create_date, modify_user, modify_date) VALUES (80018011, 1, '22770213', 132456, CURRENT, 132456, CURRENT);
INSERT INTO resource_info (resource_id, resource_info_type_id, value, create_user, create_date, modify_user, modify_date) VALUES (80018011, 2, 'Applications', 132456, CURRENT, 132456, CURRENT);
INSERT INTO resource_info (resource_id, resource_info_type_id, value, create_user, create_date, modify_user, modify_date) VALUES (80018011, 8, 'N/A', 132456, CURRENT, 132456, CURRENT);
INSERT INTO resource_info (resource_id, resource_info_type_id, value, create_user, create_date, modify_user, modify_date) VALUES (80018011, 6, '05.12.2016 03:17 AM', 132456, CURRENT, 132456, CURRENT);
INSERT INTO resource_info (resource_id, resource_info_type_id, value, create_user, create_date, modify_user, modify_date) VALUES (80018012, 1, '132458', 132456, CURRENT, 132456, CURRENT);
INSERT INTO resource_info (resource_id, resource_info_type_id, value, create_user, create_date, modify_user, modify_date) VALUES (80018012, 2, 'user', 132456, CURRENT, 132456, CURRENT);
INSERT INTO resource_info (resource_id, resource_info_type_id, value, create_user, create_date, modify_user, modify_date) VALUES (80018012, 8, 'N/A', 132456, CURRENT, 132456, CURRENT);
INSERT INTO resource_info (resource_id, resource_info_type_id, value, create_user, create_date, modify_user, modify_date) VALUES (80018012, 6, '05.12.2016 03:18 AM', 132456, CURRENT, 132456, CURRENT);
INSERT INTO resource_info (resource_id, resource_info_type_id, value, create_user, create_date, modify_user, modify_date) VALUES (80018013, 1, '124916', 132456, CURRENT, 132456, CURRENT);
INSERT INTO resource_info (resource_id, resource_info_type_id, value, create_user, create_date, modify_user, modify_date) VALUES (80018013, 2, 'Yoshi', 132456, CURRENT, 132456, CURRENT);
INSERT INTO resource_info (resource_id, resource_info_type_id, value, create_user, create_date, modify_user, modify_date) VALUES (80018013, 8, 'N/A', 132456, CURRENT, 132456, CURRENT);
INSERT INTO resource_info (resource_id, resource_info_type_id, value, create_user, create_date, modify_user, modify_date) VALUES (80018013, 6, '04.29.2016 07:19 AM', 132456, CURRENT, 132456, CURRENT);
INSERT INTO resource_info (resource_id, resource_info_type_id, value, create_user, create_date, modify_user, modify_date) VALUES (80018014, 1, '80018016', 132456, CURRENT, 132456, CURRENT);
INSERT INTO resource_info (resource_id, resource_info_type_id, value, create_user, create_date, modify_user, modify_date) VALUES (80018014, 2, 'marcg80018016', 132456, CURRENT, 132456, CURRENT);
INSERT INTO resource_info (resource_id, resource_info_type_id, value, create_user, create_date, modify_user, modify_date) VALUES (80018014, 3, 'test@test.com', 132456, CURRENT, 132456, CURRENT);
INSERT INTO resource_info (resource_id, resource_info_type_id, value, create_user, create_date, modify_user, modify_date) VALUES (80018014, 4, '2348', 132456, CURRENT, 132456, CURRENT);
INSERT INTO resource_info (resource_id, resource_info_type_id, value, create_user, create_date, modify_user, modify_date) VALUES (80018014, 5, '86', 132456, CURRENT, 132456, CURRENT);
INSERT INTO resource_info (resource_id, resource_info_type_id, value, create_user, create_date, modify_user, modify_date) VALUES (80018014, 7, '1000.0', 132456, CURRENT, 132456, CURRENT);
INSERT INTO resource_info (resource_id, resource_info_type_id, value, create_user, create_date, modify_user, modify_date) VALUES (80018014, 8, 'No', 132456, CURRENT, 132456, CURRENT);
INSERT INTO resource_info (resource_id, resource_info_type_id, value, create_user, create_date, modify_user, modify_date) VALUES (80018014, 6, '05.12.2016 03:20 AM', 132456, CURRENT, 132456, CURRENT);
INSERT INTO resource_info (resource_id, resource_info_type_id, value, create_user, create_date, modify_user, modify_date) VALUES (80018014, 13, 'No', 132456, CURRENT, 132456, CURRENT);
INSERT INTO resource_info (resource_id, resource_info_type_id, value, create_user, create_date, modify_user, modify_date) VALUES (80018015, 1, '80018009', 132456, CURRENT, 132456, CURRENT);
INSERT INTO resource_info (resource_id, resource_info_type_id, value, create_user, create_date, modify_user, modify_date) VALUES (80018015, 2, 'Pops80018009', 132456, CURRENT, 132456, CURRENT);
INSERT INTO resource_info (resource_id, resource_info_type_id, value, create_user, create_date, modify_user, modify_date) VALUES (80018015, 3, 'test@test.com', 132456, CURRENT, 132456, CURRENT);
INSERT INTO resource_info (resource_id, resource_info_type_id, value, create_user, create_date, modify_user, modify_date) VALUES (80018015, 4, '206', 132456, CURRENT, 132456, CURRENT);
INSERT INTO resource_info (resource_id, resource_info_type_id, value, create_user, create_date, modify_user, modify_date) VALUES (80018015, 5, '100', 132456, CURRENT, 132456, CURRENT);
INSERT INTO resource_info (resource_id, resource_info_type_id, value, create_user, create_date, modify_user, modify_date) VALUES (80018015, 8, 'N/A', 132456, CURRENT, 132456, CURRENT);
INSERT INTO resource_info (resource_id, resource_info_type_id, value, create_user, create_date, modify_user, modify_date) VALUES (80018015, 6, '05.12.2016 03:21 AM', 132456, CURRENT, 132456, CURRENT);
INSERT INTO resource_info (resource_id, resource_info_type_id, value, create_user, create_date, modify_user, modify_date) VALUES (80018015, 13, 'No', 132456, CURRENT, 132456, CURRENT);
INSERT INTO resource_info (resource_id, resource_info_type_id, value, create_user, create_date, modify_user, modify_date) VALUES (80018016, 1, '80018018', 132456, CURRENT, 132456, CURRENT);
INSERT INTO resource_info (resource_id, resource_info_type_id, value, create_user, create_date, modify_user, modify_date) VALUES (80018016, 2, 'jwlms80018018', 132456, CURRENT, 132456, CURRENT);
INSERT INTO resource_info (resource_id, resource_info_type_id, value, create_user, create_date, modify_user, modify_date) VALUES (80018016, 3, 'test@test.com', 132456, CURRENT, 132456, CURRENT);
INSERT INTO resource_info (resource_id, resource_info_type_id, value, create_user, create_date, modify_user, modify_date) VALUES (80018016, 4, '1752', 132456, CURRENT, 132456, CURRENT);
INSERT INTO resource_info (resource_id, resource_info_type_id, value, create_user, create_date, modify_user, modify_date) VALUES (80018016, 5, '41', 132456, CURRENT, 132456, CURRENT);
INSERT INTO resource_info (resource_id, resource_info_type_id, value, create_user, create_date, modify_user, modify_date) VALUES (80018016, 8, 'N/A', 132456, CURRENT, 132456, CURRENT);
INSERT INTO resource_info (resource_id, resource_info_type_id, value, create_user, create_date, modify_user, modify_date) VALUES (80018016, 6, '05.12.2016 03:22 AM', 132456, CURRENT, 132456, CURRENT);
INSERT INTO resource_info (resource_id, resource_info_type_id, value, create_user, create_date, modify_user, modify_date) VALUES (80018016, 13, 'No', 132456, CURRENT, 132456, CURRENT);
INSERT INTO resource_info (resource_id, resource_info_type_id, value, create_user, create_date, modify_user, modify_date) VALUES (80018017, 1, '124836', 132456, CURRENT, 132456, CURRENT);
INSERT INTO resource_info (resource_id, resource_info_type_id, value, create_user, create_date, modify_user, modify_date) VALUES (80018017, 2, 'annej9ny', 132456, CURRENT, 132456, CURRENT);
INSERT INTO resource_info (resource_id, resource_info_type_id, value, create_user, create_date, modify_user, modify_date) VALUES (80018017, 8, 'N/A', 132456, CURRENT, 132456, CURRENT);
INSERT INTO resource_info (resource_id, resource_info_type_id, value, create_user, create_date, modify_user, modify_date) VALUES (80018017, 6, '05.04.2016 09:23 AM', 132456, CURRENT, 132456, CURRENT);
INSERT INTO resource_info (resource_id, resource_info_type_id, value, create_user, create_date, modify_user, modify_date) VALUES (80018018, 1, '124836', 132456, CURRENT, 132456, CURRENT);
INSERT INTO resource_info (resource_id, resource_info_type_id, value, create_user, create_date, modify_user, modify_date) VALUES (80018018, 2, 'annej9ny', 132456, CURRENT, 132456, CURRENT);
INSERT INTO resource_info (resource_id, resource_info_type_id, value, create_user, create_date, modify_user, modify_date) VALUES (80018018, 8, 'N/A', 132456, CURRENT, 132456, CURRENT);
INSERT INTO resource_info (resource_id, resource_info_type_id, value, create_user, create_date, modify_user, modify_date) VALUES (80018018, 6, '05.04.2016 09:24 PM', 132456, CURRENT, 132456, CURRENT);
INSERT INTO resource_info (resource_id, resource_info_type_id, value, create_user, create_date, modify_user, modify_date) VALUES (80018019, 1, '124836', 132456, CURRENT, 132456, CURRENT);
INSERT INTO resource_info (resource_id, resource_info_type_id, value, create_user, create_date, modify_user, modify_date) VALUES (80018019, 2, 'annej9ny', 132456, CURRENT, 132456, CURRENT);
INSERT INTO resource_info (resource_id, resource_info_type_id, value, create_user, create_date, modify_user, modify_date) VALUES (80018019, 8, 'N/A', 132456, CURRENT, 132456, CURRENT);
INSERT INTO resource_info (resource_id, resource_info_type_id, value, create_user, create_date, modify_user, modify_date) VALUES (80018019, 6, '05.08.2016 09:25 AM', 132456, CURRENT, 132456, CURRENT);
INSERT INTO resource_info (resource_id, resource_info_type_id, value, create_user, create_date, modify_user, modify_date) VALUES (80018020, 1, '124836', 132456, CURRENT, 132456, CURRENT);
INSERT INTO resource_info (resource_id, resource_info_type_id, value, create_user, create_date, modify_user, modify_date) VALUES (80018020, 2, 'annej9ny', 132456, CURRENT, 132456, CURRENT);
INSERT INTO resource_info (resource_id, resource_info_type_id, value, create_user, create_date, modify_user, modify_date) VALUES (80018020, 8, 'N/A', 132456, CURRENT, 132456, CURRENT);
INSERT INTO resource_info (resource_id, resource_info_type_id, value, create_user, create_date, modify_user, modify_date) VALUES (80018020, 6, '05.09.2016 09:26 PM', 132456, CURRENT, 132456, CURRENT);
INSERT INTO resource_info (resource_id, resource_info_type_id, value, create_user, create_date, modify_user, modify_date) VALUES (80018021, 1, '132456', 132456, CURRENT, 132456, CURRENT);
INSERT INTO resource_info (resource_id, resource_info_type_id, value, create_user, create_date, modify_user, modify_date) VALUES (80018021, 2, 'heffan', 132456, CURRENT, 132456, CURRENT);
INSERT INTO resource_info (resource_id, resource_info_type_id, value, create_user, create_date, modify_user, modify_date) VALUES (80018021, 8, 'N/A', 132456, CURRENT, 132456, CURRENT);
INSERT INTO resource_info (resource_id, resource_info_type_id, value, create_user, create_date, modify_user, modify_date) VALUES (80018021, 6, '05.12.2016 03:27 AM', 132456, CURRENT, 132456, CURRENT);
INSERT INTO resource_info (resource_id, resource_info_type_id, value, create_user, create_date, modify_user, modify_date) VALUES (80018022, 1, '132458', 132456, CURRENT, 132456, CURRENT);
INSERT INTO resource_info (resource_id, resource_info_type_id, value, create_user, create_date, modify_user, modify_date) VALUES (80018022, 2, 'user', 132456, CURRENT, 132456, CURRENT);
INSERT INTO resource_info (resource_id, resource_info_type_id, value, create_user, create_date, modify_user, modify_date) VALUES (80018022, 8, 'N/A', 132456, CURRENT, 132456, CURRENT);
INSERT INTO resource_info (resource_id, resource_info_type_id, value, create_user, create_date, modify_user, modify_date) VALUES (80018022, 6, '05.12.2016 03:28 AM', 132456, CURRENT, 132456, CURRENT);
INSERT INTO upload (upload_id, project_id, resource_id, upload_type_id, upload_status_id, parameter, create_user, create_date, modify_user, modify_date, project_phase_id) VALUES (80018001, 80018002, 80018012, 1, 1, '80018002_80018012_80018001.zip', 132458, '2016-05-12 03:18:09', 132458, CURRENT, 80018008);
INSERT INTO upload (upload_id, project_id, resource_id, upload_type_id, upload_status_id, parameter, create_user, create_date, modify_user, modify_date, project_phase_id) VALUES (80018003, 80018002, 80018014, 3, 1, '80018002_80018014_80018003_final_fix.zip', 80018016, '2016-05-12 03:15:09', 80018016, CURRENT, 80018017);
INSERT INTO upload (upload_id, project_id, resource_id, upload_type_id, upload_status_id, parameter, create_user, create_date, modify_user, modify_date, project_phase_id) VALUES (80018002, 80018002, 80018014, 1, 1, '80018002_80018014_80018002.zip', 80018016, '2016-05-12 03:20:09', 80018016, CURRENT, 80018011);
INSERT INTO submission (submission_id, upload_id, submission_status_id, screening_score, initial_score, final_score, placement, submission_type_id, create_user, create_date, modify_user, modify_date, prize_id) VALUES (80018001, 80018001, 1, null, null, null, null, 2, 132458, '2016-05-12 11:15:32', 132458, '2016-05-12 11:15:32', null);
INSERT INTO resource_submission (resource_id, submission_id, create_user, create_date, modify_user, modify_date) VALUES (80018012, 80018001, 132458, CURRENT, 132458, CURRENT);
INSERT INTO submission (submission_id, upload_id, submission_status_id, screening_score, initial_score, final_score, placement, submission_type_id, create_user, create_date, modify_user, modify_date, prize_id) VALUES (80018002, 80018002, 1, 75.0, 100.0, 100.0, 1, 1, 80018016, '2016-05-12 12:00:30', 80018016, '2016-05-12 12:00:30', 80018003);
INSERT INTO resource_submission (resource_id, submission_id, create_user, create_date, modify_user, modify_date) VALUES (80018014, 80018002, 80018016, CURRENT, 80018016, CURRENT);
INSERT INTO review (review_id, resource_id, submission_id, scorecard_id, committed, initial_score, score, create_user, create_date, modify_user, modify_date, project_phase_id) VALUES (80018001, 80018013, 80018001, 30000722, 1, 75.0, 75.0, 124916, CURRENT, 124916, CURRENT, 80018009);
INSERT INTO review_comment (review_comment_id, resource_id, review_id, comment_type_id, content, extra_info, sort, create_user, create_date, modify_user, modify_date) VALUES (80018001, 80018013, 80018001, 14, '', 'Approved', 0, 124916, CURRENT, 124916, CURRENT);
INSERT INTO review_item (review_item_id, review_id, scorecard_question_id, upload_id, answer, sort, create_user, create_date, modify_user, modify_date) VALUES (80018001, 80018001, 30001008, null, '3/4', 0, 124916, CURRENT, 124916, CURRENT);
INSERT INTO review_item_comment (review_item_comment_id, resource_id, review_item_id, comment_type_id, content, extra_info, sort, create_user, create_date, modify_user, modify_date) VALUES (80018001, 80018013, 80018001, 1, 'OK', NULL, 0, 124916, CURRENT, 124916, CURRENT);
INSERT INTO review (review_id, resource_id, submission_id, scorecard_id, committed, initial_score, score, create_user, create_date, modify_user, modify_date, project_phase_id) VALUES (80018002, 80018017, 80018002, 30000410, 1, 75.0, 75.0, 124836, CURRENT, 124836, CURRENT, 80018012);
INSERT INTO review_item (review_item_id, review_id, scorecard_question_id, upload_id, answer, sort, create_user, create_date, modify_user, modify_date) VALUES (80018002, 80018002, 30001000, null, '3/4', 0, 124836, CURRENT, 124836, CURRENT);
INSERT INTO review_item_comment (review_item_comment_id, resource_id, review_item_id, comment_type_id, content, extra_info, sort, create_user, create_date, modify_user, modify_date) VALUES (80018002, 80018017, 80018002, 1, 'Direct web module: server responds with error when trying to visit https://localhost/direct/allProjects.action', NULL, 0, 124836, CURRENT, 124836, CURRENT);
INSERT INTO review (review_id, resource_id, submission_id, scorecard_id, committed, initial_score, score, create_user, create_date, modify_user, modify_date, project_phase_id) VALUES (80018003, 80018018, 80018002, 30000411, 1, 100.0, 100.0, 124836, CURRENT, 124836, CURRENT, 80018013);
INSERT INTO review_item (review_item_id, review_id, scorecard_question_id, upload_id, answer, sort, create_user, create_date, modify_user, modify_date) VALUES (80018003, 80018003, 30001001, null, '4/4', 0, 124836, CURRENT, 124836, CURRENT);
INSERT INTO review_item_comment (review_item_comment_id, resource_id, review_item_id, comment_type_id, content, extra_info, sort, create_user, create_date, modify_user, modify_date) VALUES (80018003, 80018018, 80018003, 1, 'Verification section provides the instructions just for testing the Direct web module while there are other web modules deployed and to be tested as well like /mobile, /present', NULL, 0, 124836, CURRENT, 124836, CURRENT);
INSERT INTO review_item_comment (review_item_comment_id, resource_id, review_item_id, comment_type_id, content, extra_info, sort, create_user, create_date, modify_user, modify_date) VALUES (80018004, 80018018, 80018003, 1, 'Direct web module: server responds with error when trying to visit https://localhost/direct/allProjects.action', NULL, 0, 124836, CURRENT, 124836, CURRENT);
INSERT INTO review_item_comment (review_item_comment_id, resource_id, review_item_id, comment_type_id, content, extra_info, sort, create_user, create_date, modify_user, modify_date) VALUES (80018005, 80018018, 80018003, 1, 'visit http://tc.cloud.topcoder.com/tc?module=ProjectDetail&pj=7700001 anonymously, click the Registration button, then enter with user without checking the compete options, it return back to contest detail page, but no popup shows information to check options in profile. ', NULL, 0, 124836, CURRENT, 124836, CURRENT);
INSERT INTO review (review_id, resource_id, submission_id, scorecard_id, committed, initial_score, score, create_user, create_date, modify_user, modify_date, project_phase_id) VALUES (80018004, 80018019, 80018002, 30000411, 1, null, null, 124836, CURRENT, 124836, CURRENT, 80018016);
INSERT INTO review_comment (review_comment_id, resource_id, review_id, comment_type_id, content, extra_info, sort, create_user, create_date, modify_user, modify_date) VALUES (80018002, 80018014, 80018004, 8, '', NULL, 0, 124836, CURRENT, 124836, CURRENT);
INSERT INTO review_item (review_item_id, review_id, scorecard_question_id, upload_id, answer, sort, create_user, create_date, modify_user, modify_date) VALUES (80018004, 80018004, 30001001, null, '4/4', 0, 124836, CURRENT, 124836, CURRENT);
INSERT INTO review_item_comment (review_item_comment_id, resource_id, review_item_id, comment_type_id, content, extra_info, sort, create_user, create_date, modify_user, modify_date) VALUES (80018006, 80018018, 80018004, 1, 'Verification section provides the instructions just for testing the Direct web module while there are other web modules deployed and to be tested as well like /mobile, /present', 'Accept', 0, 124836, CURRENT, 124836, CURRENT);
INSERT INTO review_item_comment (review_item_comment_id, resource_id, review_item_id, comment_type_id, content, extra_info, sort, create_user, create_date, modify_user, modify_date) VALUES (80018007, 80018018, 80018004, 1, 'Direct web module: server responds with error when trying to visit https://localhost/direct/allProjects.action', 'Accept', 0, 124836, CURRENT, 124836, CURRENT);
INSERT INTO review_item_comment (review_item_comment_id, resource_id, review_item_id, comment_type_id, content, extra_info, sort, create_user, create_date, modify_user, modify_date) VALUES (80018008, 80018018, 80018004, 1, 'visit http://tc.cloud.topcoder.com/tc?module=ProjectDetail&pj=7700001 anonymously, click the Registration button, then enter with user without checking the compete options, it return back to contest detail page, but no popup shows information to check options in profile. ', 'Accept', 0, 124836, CURRENT, 124836, CURRENT);
INSERT INTO review_item_comment (review_item_comment_id, resource_id, review_item_id, comment_type_id, content, extra_info, sort, create_user, create_date, modify_user, modify_date) VALUES (80018009, 80018019, 80018004, 6, 'The last issue does not have to be fixed as clarified by PM', NULL, 1, 124836, CURRENT, 124836, CURRENT);
INSERT INTO review (review_id, resource_id, submission_id, scorecard_id, committed, initial_score, score, create_user, create_date, modify_user, modify_date, project_phase_id) VALUES (80018005, 80018020, 80018002, 30000411, 0, null, null, 124836, CURRENT, 124836, CURRENT, 80018018);
INSERT INTO review_comment (review_comment_id, resource_id, review_id, comment_type_id, content, extra_info, sort, create_user, create_date, modify_user, modify_date) VALUES (80018003, 80018014, 80018005, 8, '', NULL, 0, 124836, CURRENT, 124836, CURRENT);
INSERT INTO review_item (review_item_id, review_id, scorecard_question_id, upload_id, answer, sort, create_user, create_date, modify_user, modify_date) VALUES (80018005, 80018005, 30001001, null, '4/4', 0, 124836, CURRENT, 124836, CURRENT);
INSERT INTO review_item_comment (review_item_comment_id, resource_id, review_item_id, comment_type_id, content, extra_info, sort, create_user, create_date, modify_user, modify_date) VALUES (80018010, 80018018, 80018005, 1, 'Verification section provides the instructions just for testing the Direct web module while there are other web modules deployed and to be tested as well like /mobile, /present', NULL, 0, 124836, CURRENT, 124836, CURRENT);
INSERT INTO review_item_comment (review_item_comment_id, resource_id, review_item_id, comment_type_id, content, extra_info, sort, create_user, create_date, modify_user, modify_date) VALUES (80018011, 80018018, 80018005, 1, 'Direct web module: server responds with error when trying to visit https://localhost/direct/allProjects.action', NULL, 1, 124836, CURRENT, 124836, CURRENT);
INSERT INTO review_item_comment (review_item_comment_id, resource_id, review_item_id, comment_type_id, content, extra_info, sort, create_user, create_date, modify_user, modify_date) VALUES (80018012, 80018018, 80018005, 1, 'visit http://tc.cloud.topcoder.com/tc?module=ProjectDetail&pj=7700001 anonymously, click the Registration button, then enter with user without checking the compete options, it return back to contest detail page, but no popup shows information to check options in profile. ', NULL, 2, 124836, CURRENT, 124836, CURRENT);
INSERT INTO review_item_comment (review_item_comment_id, resource_id, review_item_id, comment_type_id, content, extra_info, sort, create_user, create_date, modify_user, modify_date) VALUES (80018013, 80018019, 80018005, 6, 'The last issue does not have to be fixed as clarified by PM', NULL, 3, 124836, CURRENT, 124836, CURRENT);
INSERT INTO notification (project_id, external_ref_id, notification_type_id, create_user, create_date, modify_user, modify_date) VALUES (80018002, 80018016, 1, 132456, CURRENT, 132456, CURRENT);
INSERT INTO notification (project_id, external_ref_id, notification_type_id, create_user, create_date, modify_user, modify_date) VALUES (80018002, 124916, 1, 132456, CURRENT, 132456, CURRENT);
INSERT INTO notification (project_id, external_ref_id, notification_type_id, create_user, create_date, modify_user, modify_date) VALUES (80018002, 124836, 1, 132456, CURRENT, 132456, CURRENT);
INSERT INTO notification (project_id, external_ref_id, notification_type_id, create_user, create_date, modify_user, modify_date) VALUES (80018002, 80018018, 1, 132456, CURRENT, 132456, CURRENT);
INSERT INTO notification (project_id, external_ref_id, notification_type_id, create_user, create_date, modify_user, modify_date) VALUES (80018002, 132458, 1, 132456, CURRENT, 132456, CURRENT);
INSERT INTO notification (project_id, external_ref_id, notification_type_id, create_user, create_date, modify_user, modify_date) VALUES (80018002, 132456, 1, 132456, CURRENT, 132456, CURRENT);
INSERT INTO notification (project_id, external_ref_id, notification_type_id, create_user, create_date, modify_user, modify_date) VALUES (80018002, 80018009, 1, 132456, CURRENT, 132456, CURRENT);
INSERT INTO notification (project_id, external_ref_id, notification_type_id, create_user, create_date, modify_user, modify_date) VALUES (80018002, 22770213, 1, 132456, CURRENT, 132456, CURRENT);
INSERT INTO contest_sale (contest_sale_id, contest_id, sale_status_id, price, paypal_order_id, create_date, sale_reference_id, sale_type_id) VALUES (80018002, 80018002, 1, 8964.0, 'PO BOX 80018001', CURRENT, 'PO BOX 80018001', 2);
INSERT INTO project_payment (project_payment_id, project_payment_type_id, resource_id, submission_id, amount, pacts_payment_id, create_user,create_date, modify_user, modify_date) VALUES (80018002, 3, 80018013, null, 50.0, null, 132456, CURRENT, 132456, CURRENT);
INSERT INTO project_payment (project_payment_id, project_payment_type_id, resource_id, submission_id, amount, pacts_payment_id, create_user,create_date, modify_user, modify_date) VALUES (80018005, 1, 80018014, 80018002, 1000.0, null, 132456, CURRENT, 132456, CURRENT);
INSERT INTO project_payment (project_payment_id, project_payment_type_id, resource_id, submission_id, amount, pacts_payment_id, create_user,create_date, modify_user, modify_date) VALUES (80018003, 3, 80018017, null, 50.0, null, 132456, CURRENT, 132456, CURRENT);
INSERT INTO project_payment (project_payment_id, project_payment_type_id, resource_id, submission_id, amount, pacts_payment_id, create_user,create_date, modify_user, modify_date) VALUES (80018004, 3, 80018018, null, 250.0, null, 132456, CURRENT, 132456, CURRENT);
INSERT INTO project_payment (project_payment_id, project_payment_type_id, resource_id, submission_id, amount, pacts_payment_id, create_user,create_date, modify_user, modify_date) VALUES (80018006, 3, 80018019, null, 10.0, null, 132456, CURRENT, 132456, CURRENT);
INSERT INTO project_payment (project_payment_id, project_payment_type_id, resource_id, submission_id, amount, pacts_payment_id, create_user,create_date, modify_user, modify_date) VALUES (80018007, 4, 80018021, null, 350.0, null, 132456, CURRENT, 132456, CURRENT);
INSERT INTO contest_milestone_xref (contest_id, project_milestone_id, create_user, create_date, modify_user, modify_date) VALUES (80018002, 800180010, 132456, CURRENT, 132456, CURRENT);
INSERT INTO review_auction (review_auction_id, project_id, review_auction_type_id) VALUES (80028002, 80018002, 3);
INSERT INTO review_auction (review_auction_id, project_id, review_auction_type_id) VALUES (80018002, 80018002, 1);
INSERT INTO comp_catalog (component_id, current_version, short_desc, component_name, description, function_desc, create_time, status_id, root_category_id, modify_date, public_ind)  VALUES (80018003, 1, 'Short description for Code Contest 3', 'Code Contest 3', 'Description for Code Contest 3', 'Functional description for Code Contest 3', CURRENT, 1, 27202909, CURRENT, 1);
INSERT INTO comp_categories (comp_categories_id, component_id, category_id)  VALUES (80018003, 80018003, 27202909);
INSERT INTO comp_versions (comp_vers_id, component_id, version, version_text, create_time, phase_id, phase_time, price, comments, modify_date, suspended_ind) VALUES (80018003, 80018003, 1, '1.0', CURRENT, 112, CURRENT, 1200.0, 'Comments for version #1', CURRENT, 0);
INSERT INTO comp_version_dates (comp_version_dates_id, comp_vers_id, phase_id, posting_date, initial_submission_date, winner_announced_date, final_submission_date, estimated_dev_date, price, total_submissions, status_id, create_time, level_id, screening_complete_date, review_complete_date, aggregation_complete_date, phase_complete_date, production_date, aggregation_complete_date_comment, phase_complete_date_comment, review_complete_date_comment, winner_announced_date_comment, initial_submission_date_comment, screening_complete_date_comment, final_submission_date_comment, production_date_comment, modify_date) VALUES (80018003, 80018003, 112, '1976-06-05', '2000-02-01', '2000-02-01', '2000-02-01', '2000-02-01', 0.00, 0, 301, CURRENT, 100, '2000-02-01', '2000-02-01', '2000-02-01', '2000-02-01', null, null, null, null, null, null, null, null, null, CURRENT);
INSERT INTO comp_technology (comp_tech_id, comp_vers_id, technology_type_id) VALUES (800180030, 80018003, 27048486);
INSERT INTO comp_technology (comp_tech_id, comp_vers_id, technology_type_id) VALUES (800180031, 80018003, 27093853);
INSERT INTO comp_technology (comp_tech_id, comp_vers_id, technology_type_id) VALUES (800180032, 80018003, 27141052);
INSERT INTO project (project_id, project_status_id, project_category_id, create_user, create_date, modify_user, modify_date, tc_direct_project_id, project_studio_spec_id) VALUES (80018003, 1, 39, 132456, CURRENT, 132456, CURRENT, 80018001, NULL);
INSERT INTO project_info (project_id, project_info_type_id, value, create_user, create_date, modify_user, modify_date) VALUES (80018003, 1, '80018003', 132456, CURRENT, 132456, CURRENT);
INSERT INTO project_info (project_id, project_info_type_id, value, create_user, create_date, modify_user, modify_date) VALUES (80018003, 2, '80018003', 132456, CURRENT, 132456, CURRENT);
INSERT INTO project_info (project_id, project_info_type_id, value, create_user, create_date, modify_user, modify_date) VALUES (80018003, 3, '80018003', 132456, CURRENT, 132456, CURRENT);
INSERT INTO project_info (project_id, project_info_type_id, value, create_user, create_date, modify_user, modify_date) VALUES (80018003, 4, '80018004', 132456, CURRENT, 132456, CURRENT);
INSERT INTO comp_jive_category_xref (comp_vers_id, jive_category_id) VALUES (80018003, 0);
INSERT INTO project_info (project_id, project_info_type_id, value, create_user, create_date, modify_user, modify_date) VALUES (80018003, 5, '27202909', 132456, CURRENT, 132456, CURRENT);
INSERT INTO project_info (project_id, project_info_type_id, value, create_user, create_date, modify_user, modify_date) VALUES (80018003, 6, 'Code Contest 3', 132456, CURRENT, 132456, CURRENT);
INSERT INTO project_info (project_id, project_info_type_id, value, create_user, create_date, modify_user, modify_date) VALUES (80018003, 7, '1.0', 132456, CURRENT, 132456, CURRENT);
INSERT INTO project_info (project_id, project_info_type_id, value, create_user, create_date, modify_user, modify_date) VALUES (80018003, 8, '', 132456, CURRENT, 132456, CURRENT);
INSERT INTO project_info (project_id, project_info_type_id, value, create_user, create_date, modify_user, modify_date) VALUES (80018003, 11, 'On', 132456, CURRENT, 132456, CURRENT);
INSERT INTO project_info (project_id, project_info_type_id, value, create_user, create_date, modify_user, modify_date) VALUES (80018003, 9, 'On', 132456, CURRENT, 132456, CURRENT);
INSERT INTO project_info (project_id, project_info_type_id, value, create_user, create_date, modify_user, modify_date) VALUES (80018003, 10, 'On', 132456, CURRENT, 132456, CURRENT);
INSERT INTO project_info (project_id, project_info_type_id, value, create_user, create_date, modify_user, modify_date) VALUES (80018003, 12, 'Yes', 132456, CURRENT, 132456, CURRENT);
INSERT INTO project_info (project_id, project_info_type_id, value, create_user, create_date, modify_user, modify_date) VALUES (80018003, 13, 'Yes', 132456, CURRENT, 132456, CURRENT);
INSERT INTO project_info (project_id, project_info_type_id, value, create_user, create_date, modify_user, modify_date) VALUES (80018003, 14, 'Open', 132456, CURRENT, 132456, CURRENT);
INSERT INTO project_info (project_id, project_info_type_id, value, create_user, create_date, modify_user, modify_date) VALUES (80018003, 16, '1200.0', 132456, CURRENT, 132456, CURRENT);
INSERT INTO project_info (project_id, project_info_type_id, value, create_user, create_date, modify_user, modify_date) VALUES (80018003, 17, '', 132456, CURRENT, 132456, CURRENT);
INSERT INTO project_info (project_id, project_info_type_id, value, create_user, create_date, modify_user, modify_date) VALUES (80018003, 26, 'On', 132456, CURRENT, 132456, CURRENT);
INSERT INTO project_info (project_id, project_info_type_id, value, create_user, create_date, modify_user, modify_date) VALUES (80018003, 30, '540.0', 132456, CURRENT, 132456, CURRENT);
INSERT INTO project_info (project_id, project_info_type_id, value, create_user, create_date, modify_user, modify_date) VALUES (80018003, 31, '6001.0', 132456, CURRENT, 132456, CURRENT);
INSERT INTO project_info (project_id, project_info_type_id, value, create_user, create_date, modify_user, modify_date) VALUES (80018003, 33, '761.0', 132456, CURRENT, 132456, CURRENT);
INSERT INTO project_info (project_id, project_info_type_id, value, create_user, create_date, modify_user, modify_date) VALUES (80018003, 35, '30.0', 132456, CURRENT, 132456, CURRENT);
INSERT INTO project_info (project_id, project_info_type_id, value, create_user, create_date, modify_user, modify_date) VALUES (80018003, 36, '1200.0', 132456, CURRENT, 132456, CURRENT);
INSERT INTO project_info (project_id, project_info_type_id, value, create_user, create_date, modify_user, modify_date) VALUES (80018003, 37, '600.0', 132456, CURRENT, 132456, CURRENT);
INSERT INTO project_info (project_id, project_info_type_id, value, create_user, create_date, modify_user, modify_date) VALUES (80018003, 45, 'true', 132456, CURRENT, 132456, CURRENT);
INSERT INTO project_info (project_id, project_info_type_id, value, create_user, create_date, modify_user, modify_date) VALUES (80018003, 47, 'true', 132456, CURRENT, 132456, CURRENT);
INSERT INTO project_info (project_id, project_info_type_id, value, create_user, create_date, modify_user, modify_date) VALUES (80018003, 38, '380.0', 132456, CURRENT, 132456, CURRENT);
INSERT INTO project_info (project_id, project_info_type_id, value, create_user, create_date, modify_user, modify_date) VALUES (80018003, 39, '0.0', 132456, CURRENT, 132456, CURRENT);
INSERT INTO project_info (project_id, project_info_type_id, value, create_user, create_date, modify_user, modify_date) VALUES (80018003, 40, 'C', 132456, CURRENT, 132456, CURRENT);
INSERT INTO project_info (project_id, project_info_type_id, value, create_user, create_date, modify_user, modify_date) VALUES (80018003, 32, '80018001', 132456, CURRENT, 132456, CURRENT);
INSERT INTO project_info (project_id, project_info_type_id, value, create_user, create_date, modify_user, modify_date) VALUES (80018003, 41, 'true', 132456, CURRENT, 132456, CURRENT);
INSERT INTO project_info (project_id, project_info_type_id, value, create_user, create_date, modify_user, modify_date) VALUES (80018003, 43, 'true', 132456, CURRENT, 132456, CURRENT);
INSERT INTO project_info (project_id, project_info_type_id, value, create_user, create_date, modify_user, modify_date) VALUES (80018003, 44, 'false', 132456, CURRENT, 132456, CURRENT);
INSERT INTO project_info (project_id, project_info_type_id, value, create_user, create_date, modify_user, modify_date) VALUES (80018003, 46, 'true', 132456, CURRENT, 132456, CURRENT);
INSERT INTO project_info (project_id, project_info_type_id, value, create_user, create_date, modify_user, modify_date) VALUES (80018003, 48, 'true', 132456, CURRENT, 132456, CURRENT);
INSERT INTO project_info (project_id, project_info_type_id, value, create_user, create_date, modify_user, modify_date) VALUES (80018003, 49, '500', 132456, CURRENT, 132456, CURRENT);
INSERT INTO project_info (project_id, project_info_type_id, value, create_user, create_date, modify_user, modify_date) VALUES (80018003, 59, 'true', 132456, CURRENT, 132456, CURRENT);
INSERT INTO project_info (project_id, project_info_type_id, value, create_user, create_date, modify_user, modify_date) VALUES (80018003, 64, '77225', 132456, CURRENT, 132456, CURRENT);
INSERT INTO prize (prize_id, place, prize_amount, prize_type_id, number_of_submissions,                    create_user, create_date, modify_user, modify_date, project_id) VALUES (80018005, 1, 1200.0, 15, 1, 132456, CURRENT, 132456, CURRENT, 80018003);
INSERT INTO prize (prize_id, place, prize_amount, prize_type_id, number_of_submissions,                    create_user, create_date, modify_user, modify_date, project_id) VALUES (80018006, 2, 600.0, 15, 1, 132456, CURRENT, 132456, CURRENT, 80018003);
INSERT INTO project_spec (project_spec_id, project_id, version, detailed_requirements, submission_deliverables, environment_setup_instruction, final_submission_guidelines, private_description, create_user, create_date, modify_user, modify_date) VALUES (80018003, 80018003, 1, 'Detailed requirements for Code Contest 3', '', '', 'Final submission guidelines for Code Contest 3', '', 132456, CURRENT, 132456, CURRENT);
INSERT INTO project_phase (project_phase_id, project_id, phase_type_id, phase_status_id, fixed_start_time, scheduled_start_time, scheduled_end_time, actual_start_time, actual_end_time, duration, create_user, create_date, modify_user, modify_date) VALUES (80018020, 80018003, 13, 3, CURRENT + -15240 UNITS MINUTE, CURRENT + -15240 UNITS MINUTE, CURRENT + -12360 UNITS MINUTE, CURRENT + -15240 UNITS MINUTE, CURRENT + -12360 UNITS MINUTE, 172800000, 132456, CURRENT, 132456, CURRENT);
INSERT INTO project_phase (project_phase_id, project_id, phase_type_id, phase_status_id, fixed_start_time, scheduled_start_time, scheduled_end_time, actual_start_time, actual_end_time, duration, create_user, create_date, modify_user, modify_date) VALUES (80018021, 80018003, 14, 3, null, CURRENT + -12360 UNITS MINUTE, CURRENT + -12240 UNITS MINUTE, CURRENT + -12360 UNITS MINUTE, CURRENT + -12240 UNITS MINUTE, 7200000, 132456, CURRENT, 132456, CURRENT);
INSERT INTO project_phase (project_phase_id, project_id, phase_type_id, phase_status_id, fixed_start_time, scheduled_start_time, scheduled_end_time, actual_start_time, actual_end_time, duration, create_user, create_date, modify_user, modify_date) VALUES (80018022, 80018003, 1, 3, CURRENT + -12240 UNITS MINUTE, CURRENT + -12240 UNITS MINUTE, CURRENT + -9360 UNITS MINUTE, CURRENT + -12240 UNITS MINUTE, CURRENT + -9360 UNITS MINUTE, 172800000, 132456, CURRENT, 132456, CURRENT);
INSERT INTO project_phase (project_phase_id, project_id, phase_type_id, phase_status_id, fixed_start_time, scheduled_start_time, scheduled_end_time, actual_start_time, actual_end_time, duration, create_user, create_date, modify_user, modify_date) VALUES (80018023, 80018003, 2, 3, null, CURRENT + -12240 UNITS MINUTE, CURRENT + -5040 UNITS MINUTE, CURRENT + -12240 UNITS MINUTE, CURRENT + -5040 UNITS MINUTE, 432000000, 132456, CURRENT, 132456, CURRENT);
INSERT INTO project_phase (project_phase_id, project_id, phase_type_id, phase_status_id, fixed_start_time, scheduled_start_time, scheduled_end_time, actual_start_time, actual_end_time, duration, create_user, create_date, modify_user, modify_date) VALUES (80018024, 80018003, 3, 3, null, CURRENT + -5040 UNITS MINUTE, CURRENT + -4320 UNITS MINUTE, CURRENT + -5040 UNITS MINUTE, CURRENT + -4320 UNITS MINUTE, 43200000, 132456, CURRENT, 132456, CURRENT);
INSERT INTO project_phase (project_phase_id, project_id, phase_type_id, phase_status_id, fixed_start_time, scheduled_start_time, scheduled_end_time, actual_start_time, actual_end_time, duration, create_user, create_date, modify_user, modify_date) VALUES (80018025, 80018003, 4, 2, null, CURRENT + -4320 UNITS MINUTE, CURRENT + -1440 UNITS MINUTE, CURRENT + -4320 UNITS MINUTE, null, 172800000, 132456, CURRENT, 132456, CURRENT);
INSERT INTO project_phase (project_phase_id, project_id, phase_type_id, phase_status_id, fixed_start_time, scheduled_start_time, scheduled_end_time, actual_start_time, actual_end_time, duration, create_user, create_date, modify_user, modify_date) VALUES (80018026, 80018003, 5, 1, null, CURRENT + -1440 UNITS MINUTE, CURRENT + 0 UNITS MINUTE, null, null, 86400000, 132456, CURRENT, 132456, CURRENT);
INSERT INTO project_phase (project_phase_id, project_id, phase_type_id, phase_status_id, fixed_start_time, scheduled_start_time, scheduled_end_time, actual_start_time, actual_end_time, duration, create_user, create_date, modify_user, modify_date) VALUES (80018027, 80018003, 6, 1, null, CURRENT + 0 UNITS MINUTE, CURRENT + 720 UNITS MINUTE, null, null, 43200000, 132456, CURRENT, 132456, CURRENT);
INSERT INTO project_phase (project_phase_id, project_id, phase_type_id, phase_status_id, fixed_start_time, scheduled_start_time, scheduled_end_time, actual_start_time, actual_end_time, duration, create_user, create_date, modify_user, modify_date) VALUES (80018028, 80018003, 7, 1, null, CURRENT + 720 UNITS MINUTE, CURRENT + 1440 UNITS MINUTE, null, null, 43200000, 132456, CURRENT, 132456, CURRENT);
INSERT INTO project_phase (project_phase_id, project_id, phase_type_id, phase_status_id, fixed_start_time, scheduled_start_time, scheduled_end_time, actual_start_time, actual_end_time, duration, create_user, create_date, modify_user, modify_date) VALUES (80018029, 80018003, 9, 1, null, CURRENT + 1440 UNITS MINUTE, CURRENT + 2880 UNITS MINUTE, null, null, 86400000, 132456, CURRENT, 132456, CURRENT);
INSERT INTO project_phase (project_phase_id, project_id, phase_type_id, phase_status_id, fixed_start_time, scheduled_start_time, scheduled_end_time, actual_start_time, actual_end_time, duration, create_user, create_date, modify_user, modify_date) VALUES (80018030, 80018003, 10, 1, null, CURRENT + 2880 UNITS MINUTE, CURRENT + 3600 UNITS MINUTE, null, null, 43200000, 132456, CURRENT, 132456, CURRENT);
INSERT INTO project_phase (project_phase_id, project_id, phase_type_id, phase_status_id, fixed_start_time, scheduled_start_time, scheduled_end_time, actual_start_time, actual_end_time, duration, create_user, create_date, modify_user, modify_date) VALUES (80018031, 80018003, 11, 1, null, CURRENT + 3600 UNITS MINUTE, CURRENT + 10800 UNITS MINUTE, null, null, 432000000, 132456, CURRENT, 132456, CURRENT);
INSERT INTO phase_dependency (dependency_phase_id, dependent_phase_id, dependency_start, dependent_start, lag_time, create_user, create_date, modify_user, modify_date) VALUES (80018020, 80018021, 0, 1, 0, 132456, CURRENT, 132456, CURRENT);
INSERT INTO phase_dependency (dependency_phase_id, dependent_phase_id, dependency_start, dependent_start, lag_time, create_user, create_date, modify_user, modify_date) VALUES (80018021, 80018022, 0, 1, 0, 132456, CURRENT, 132456, CURRENT);
INSERT INTO phase_dependency (dependency_phase_id, dependent_phase_id, dependency_start, dependent_start, lag_time, create_user, create_date, modify_user, modify_date) VALUES (80018022, 80018023, 1, 1, 0, 132456, CURRENT, 132456, CURRENT);
INSERT INTO phase_dependency (dependency_phase_id, dependent_phase_id, dependency_start, dependent_start, lag_time, create_user, create_date, modify_user, modify_date) VALUES (80018023, 80018024, 0, 1, 0, 132456, CURRENT, 132456, CURRENT);
INSERT INTO phase_dependency (dependency_phase_id, dependent_phase_id, dependency_start, dependent_start, lag_time, create_user, create_date, modify_user, modify_date) VALUES (80018024, 80018025, 0, 1, 0, 132456, CURRENT, 132456, CURRENT);
INSERT INTO phase_dependency (dependency_phase_id, dependent_phase_id, dependency_start, dependent_start, lag_time, create_user, create_date, modify_user, modify_date) VALUES (80018025, 80018026, 0, 1, 0, 132456, CURRENT, 132456, CURRENT);
INSERT INTO phase_dependency (dependency_phase_id, dependent_phase_id, dependency_start, dependent_start, lag_time, create_user, create_date, modify_user, modify_date) VALUES (80018026, 80018027, 0, 1, 0, 132456, CURRENT, 132456, CURRENT);
INSERT INTO phase_dependency (dependency_phase_id, dependent_phase_id, dependency_start, dependent_start, lag_time, create_user, create_date, modify_user, modify_date) VALUES (80018027, 80018028, 0, 1, 0, 132456, CURRENT, 132456, CURRENT);
INSERT INTO phase_dependency (dependency_phase_id, dependent_phase_id, dependency_start, dependent_start, lag_time, create_user, create_date, modify_user, modify_date) VALUES (80018028, 80018029, 0, 1, 0, 132456, CURRENT, 132456, CURRENT);
INSERT INTO phase_dependency (dependency_phase_id, dependent_phase_id, dependency_start, dependent_start, lag_time, create_user, create_date, modify_user, modify_date) VALUES (80018029, 80018030, 0, 1, 0, 132456, CURRENT, 132456, CURRENT);
INSERT INTO phase_dependency (dependency_phase_id, dependent_phase_id, dependency_start, dependent_start, lag_time, create_user, create_date, modify_user, modify_date) VALUES (80018030, 80018031, 0, 1, 0, 132456, CURRENT, 132456, CURRENT);
INSERT INTO phase_criteria (project_phase_id, phase_criteria_type_id, parameter, create_user, create_date, modify_user, modify_date) VALUES (80018021, 1, '30000722', 132456, CURRENT, 132456, CURRENT);
INSERT INTO phase_criteria (project_phase_id, phase_criteria_type_id, parameter, create_user, create_date, modify_user, modify_date) VALUES (80018021, 6, '1', 132456, CURRENT, 132456, CURRENT);
INSERT INTO phase_criteria (project_phase_id, phase_criteria_type_id, parameter, create_user, create_date, modify_user, modify_date) VALUES (80018022, 2, '0', 132456, CURRENT, 132456, CURRENT);
INSERT INTO phase_criteria (project_phase_id, phase_criteria_type_id, parameter, create_user, create_date, modify_user, modify_date) VALUES (80018022, 5, 'No', 132456, CURRENT, 132456, CURRENT);
INSERT INTO phase_criteria (project_phase_id, phase_criteria_type_id, parameter, create_user, create_date, modify_user, modify_date) VALUES (80018023, 3, '0', 132456, CURRENT, 132456, CURRENT);
INSERT INTO phase_criteria (project_phase_id, phase_criteria_type_id, parameter, create_user, create_date, modify_user, modify_date) VALUES (80018023, 5, 'Yes', 132456, CURRENT, 132456, CURRENT);
INSERT INTO phase_criteria (project_phase_id, phase_criteria_type_id, parameter, create_user, create_date, modify_user, modify_date) VALUES (80018024, 1, '30000410', 132456, CURRENT, 132456, CURRENT);
INSERT INTO phase_criteria (project_phase_id, phase_criteria_type_id, parameter, create_user, create_date, modify_user, modify_date) VALUES (80018024, 5, 'No', 132456, CURRENT, 132456, CURRENT);
INSERT INTO phase_criteria (project_phase_id, phase_criteria_type_id, parameter, create_user, create_date, modify_user, modify_date) VALUES (80018025, 1, '30000411', 132456, CURRENT, 132456, CURRENT);
INSERT INTO phase_criteria (project_phase_id, phase_criteria_type_id, parameter, create_user, create_date, modify_user, modify_date) VALUES (80018025, 5, 'No', 132456, CURRENT, 132456, CURRENT);
INSERT INTO phase_criteria (project_phase_id, phase_criteria_type_id, parameter, create_user, create_date, modify_user, modify_date) VALUES (80018025, 6, '3', 132456, CURRENT, 132456, CURRENT);
INSERT INTO phase_criteria (project_phase_id, phase_criteria_type_id, parameter, create_user, create_date, modify_user, modify_date) VALUES (80018026, 4, 'No', 132456, CURRENT, 132456, CURRENT);
INSERT INTO phase_criteria (project_phase_id, phase_criteria_type_id, parameter, create_user, create_date, modify_user, modify_date) VALUES (80018026, 5, 'No', 132456, CURRENT, 132456, CURRENT);
INSERT INTO phase_criteria (project_phase_id, phase_criteria_type_id, parameter, create_user, create_date, modify_user, modify_date) VALUES (80018027, 5, 'No', 132456, CURRENT, 132456, CURRENT);
INSERT INTO phase_criteria (project_phase_id, phase_criteria_type_id, parameter, create_user, create_date, modify_user, modify_date) VALUES (80018028, 5, 'No', 132456, CURRENT, 132456, CURRENT);
INSERT INTO phase_criteria (project_phase_id, phase_criteria_type_id, parameter, create_user, create_date, modify_user, modify_date) VALUES (80018029, 5, 'No', 132456, CURRENT, 132456, CURRENT);
INSERT INTO phase_criteria (project_phase_id, phase_criteria_type_id, parameter, create_user, create_date, modify_user, modify_date) VALUES (80018030, 5, 'No', 132456, CURRENT, 132456, CURRENT);
INSERT INTO phase_criteria (project_phase_id, phase_criteria_type_id, parameter, create_user, create_date, modify_user, modify_date) VALUES (80018031, 1, '30000720', 132456, CURRENT, 132456, CURRENT);
INSERT INTO phase_criteria (project_phase_id, phase_criteria_type_id, parameter, create_user, create_date, modify_user, modify_date) VALUES (80018031, 6, '1', 132456, CURRENT, 132456, CURRENT);
INSERT INTO resource (resource_id, resource_role_id, project_id, project_phase_id, create_user, create_date, modify_user, modify_date, user_id) VALUES (80018023, 13, 80018003, NULL, 132456, CURRENT, 132456, CURRENT, 132456);
INSERT INTO resource (resource_id, resource_role_id, project_id, project_phase_id, create_user, create_date, modify_user, modify_date, user_id) VALUES (80018024, 13, 80018003, NULL, 132456, CURRENT, 132456, CURRENT, 22770213);
INSERT INTO resource (resource_id, resource_role_id, project_id, project_phase_id, create_user, create_date, modify_user, modify_date, user_id) VALUES (80018025, 17, 80018003, NULL, 132456, CURRENT, 132456, CURRENT, 132458);
INSERT INTO resource (resource_id, resource_role_id, project_id, project_phase_id, create_user, create_date, modify_user, modify_date, user_id) VALUES (80018026, 18, 80018003, 80018021, 132456, CURRENT, 132456, CURRENT, 124916);
INSERT INTO resource (resource_id, resource_role_id, project_id, project_phase_id, create_user, create_date, modify_user, modify_date, user_id) VALUES (80018027, 1, 80018003, NULL, 132456, CURRENT, 132456, CURRENT, 80018021);
INSERT INTO component_inquiry (component_inquiry_id, component_id, user_id, comment, agreed_to_terms, rating, phase, tc_user_id, version, create_time, project_id) VALUES (80018007, 80018003, 80018021, null, 1, 253, 150, 80018021, 0, CURRENT, 80018003);
INSERT INTO project_result (user_id, project_id, old_rating, new_rating, raw_score, final_score, payment, placed, rating_ind, valid_submission_ind, create_date, modify_date, passed_review_ind, point_adjustment, rating_order) VALUES (80018021, 80018003, 253, null, null, null, null, null, 0, 0, CURRENT, CURRENT, null, null, null);
UPDATE user_rating SET rating = 253 WHERE user_id = 80018021 AND phase_id = 150;
INSERT INTO resource (resource_id, resource_role_id, project_id, project_phase_id, create_user, create_date, modify_user, modify_date, user_id) VALUES (80018028, 1, 80018003, NULL, 132456, CURRENT, 132456, CURRENT, 80018009);
INSERT INTO component_inquiry (component_inquiry_id, component_id, user_id, comment, agreed_to_terms, rating, phase, tc_user_id, version, create_time, project_id) VALUES (80018008, 80018003, 80018009, null, 1, 2660, 150, 80018009, 0, CURRENT, 80018003);
INSERT INTO project_result (user_id, project_id, old_rating, new_rating, raw_score, final_score, payment, placed, rating_ind, valid_submission_ind, create_date, modify_date, passed_review_ind, point_adjustment, rating_order) VALUES (80018009, 80018003, 2660, null, null, null, null, null, 0, 0, CURRENT, CURRENT, null, null, null);
UPDATE user_rating SET rating = 2660 WHERE user_id = 80018009 AND phase_id = 150;
INSERT INTO resource (resource_id, resource_role_id, project_id, project_phase_id, create_user, create_date, modify_user, modify_date, user_id) VALUES (80018029, 1, 80018003, NULL, 132456, CURRENT, 132456, CURRENT, 80018016);
INSERT INTO component_inquiry (component_inquiry_id, component_id, user_id, comment, agreed_to_terms, rating, phase, tc_user_id, version, create_time, project_id) VALUES (80018009, 80018003, 80018016, null, 1, 0, 150, 80018016, 0, CURRENT, 80018003);
INSERT INTO project_result (user_id, project_id, old_rating, new_rating, raw_score, final_score, payment, placed, rating_ind, valid_submission_ind, create_date, modify_date, passed_review_ind, point_adjustment, rating_order) VALUES (80018016, 80018003, null, null, null, null, null, null, 0, 0, CURRENT, CURRENT, null, null, null);
UPDATE user_rating SET rating = 0 WHERE user_id = 80018016 AND phase_id = 150;
INSERT INTO resource (resource_id, resource_role_id, project_id, project_phase_id, create_user, create_date, modify_user, modify_date, user_id) VALUES (80018030, 2, 80018003, 80018024, 132456, CURRENT, 132456, CURRENT, 124836);
INSERT INTO resource (resource_id, resource_role_id, project_id, project_phase_id, create_user, create_date, modify_user, modify_date, user_id) VALUES (80018031, 4, 80018003, 80018025, 132456, CURRENT, 132456, CURRENT, 124836);
INSERT INTO resource (resource_id, resource_role_id, project_id, project_phase_id, create_user, create_date, modify_user, modify_date, user_id) VALUES (80018032, 8, 80018003, 80018028, 132456, CURRENT, 132456, CURRENT, 124836);
INSERT INTO resource (resource_id, resource_role_id, project_id, project_phase_id, create_user, create_date, modify_user, modify_date, user_id) VALUES (80018033, 9, 80018003, 80018030, 132456, CURRENT, 132456, CURRENT, 124836);
INSERT INTO resource (resource_id, resource_role_id, project_id, project_phase_id, create_user, create_date, modify_user, modify_date, user_id) VALUES (80018034, 14, 80018003, NULL, 132456, CURRENT, 132456, CURRENT, 132456);
INSERT INTO resource (resource_id, resource_role_id, project_id, project_phase_id, create_user, create_date, modify_user, modify_date, user_id) VALUES (80018035, 10, 80018003, NULL, 132456, CURRENT, 132456, CURRENT, 132458);
INSERT INTO resource_info (resource_id, resource_info_type_id, value, create_user, create_date, modify_user, modify_date) VALUES (80018023, 1, '132456', 132456, CURRENT, 132456, CURRENT);
INSERT INTO resource_info (resource_id, resource_info_type_id, value, create_user, create_date, modify_user, modify_date) VALUES (80018023, 2, 'heffan', 132456, CURRENT, 132456, CURRENT);
INSERT INTO resource_info (resource_id, resource_info_type_id, value, create_user, create_date, modify_user, modify_date) VALUES (80018023, 8, 'N/A', 132456, CURRENT, 132456, CURRENT);
INSERT INTO resource_info (resource_id, resource_info_type_id, value, create_user, create_date, modify_user, modify_date) VALUES (80018023, 6, '05.12.2016 03:16 AM', 132456, CURRENT, 132456, CURRENT);
INSERT INTO resource_info (resource_id, resource_info_type_id, value, create_user, create_date, modify_user, modify_date) VALUES (80018024, 1, '22770213', 132456, CURRENT, 132456, CURRENT);
INSERT INTO resource_info (resource_id, resource_info_type_id, value, create_user, create_date, modify_user, modify_date) VALUES (80018024, 2, 'Applications', 132456, CURRENT, 132456, CURRENT);
INSERT INTO resource_info (resource_id, resource_info_type_id, value, create_user, create_date, modify_user, modify_date) VALUES (80018024, 8, 'N/A', 132456, CURRENT, 132456, CURRENT);
INSERT INTO resource_info (resource_id, resource_info_type_id, value, create_user, create_date, modify_user, modify_date) VALUES (80018024, 6, '05.12.2016 03:17 AM', 132456, CURRENT, 132456, CURRENT);
INSERT INTO resource_info (resource_id, resource_info_type_id, value, create_user, create_date, modify_user, modify_date) VALUES (80018025, 1, '132458', 132456, CURRENT, 132456, CURRENT);
INSERT INTO resource_info (resource_id, resource_info_type_id, value, create_user, create_date, modify_user, modify_date) VALUES (80018025, 2, 'user', 132456, CURRENT, 132456, CURRENT);
INSERT INTO resource_info (resource_id, resource_info_type_id, value, create_user, create_date, modify_user, modify_date) VALUES (80018025, 8, 'N/A', 132456, CURRENT, 132456, CURRENT);
INSERT INTO resource_info (resource_id, resource_info_type_id, value, create_user, create_date, modify_user, modify_date) VALUES (80018025, 6, '05.12.2016 03:18 AM', 132456, CURRENT, 132456, CURRENT);
INSERT INTO resource_info (resource_id, resource_info_type_id, value, create_user, create_date, modify_user, modify_date) VALUES (80018026, 1, '124916', 132456, CURRENT, 132456, CURRENT);
INSERT INTO resource_info (resource_id, resource_info_type_id, value, create_user, create_date, modify_user, modify_date) VALUES (80018026, 2, 'Yoshi', 132456, CURRENT, 132456, CURRENT);
INSERT INTO resource_info (resource_id, resource_info_type_id, value, create_user, create_date, modify_user, modify_date) VALUES (80018026, 8, 'N/A', 132456, CURRENT, 132456, CURRENT);
INSERT INTO resource_info (resource_id, resource_info_type_id, value, create_user, create_date, modify_user, modify_date) VALUES (80018026, 6, '05.03.2016 01:19 PM', 132456, CURRENT, 132456, CURRENT);
INSERT INTO resource_info (resource_id, resource_info_type_id, value, create_user, create_date, modify_user, modify_date) VALUES (80018027, 1, '80018021', 132456, CURRENT, 132456, CURRENT);
INSERT INTO resource_info (resource_id, resource_info_type_id, value, create_user, create_date, modify_user, modify_date) VALUES (80018027, 2, 'flexme80018021', 132456, CURRENT, 132456, CURRENT);
INSERT INTO resource_info (resource_id, resource_info_type_id, value, create_user, create_date, modify_user, modify_date) VALUES (80018027, 3, 'test@test.com', 132456, CURRENT, 132456, CURRENT);
INSERT INTO resource_info (resource_id, resource_info_type_id, value, create_user, create_date, modify_user, modify_date) VALUES (80018027, 4, '253', 132456, CURRENT, 132456, CURRENT);
INSERT INTO resource_info (resource_id, resource_info_type_id, value, create_user, create_date, modify_user, modify_date) VALUES (80018027, 5, '80', 132456, CURRENT, 132456, CURRENT);
INSERT INTO resource_info (resource_id, resource_info_type_id, value, create_user, create_date, modify_user, modify_date) VALUES (80018027, 8, 'N/A', 132456, CURRENT, 132456, CURRENT);
INSERT INTO resource_info (resource_id, resource_info_type_id, value, create_user, create_date, modify_user, modify_date) VALUES (80018027, 6, '05.12.2016 03:20 AM', 132456, CURRENT, 132456, CURRENT);
INSERT INTO resource_info (resource_id, resource_info_type_id, value, create_user, create_date, modify_user, modify_date) VALUES (80018027, 13, 'No', 132456, CURRENT, 132456, CURRENT);
INSERT INTO resource_info (resource_id, resource_info_type_id, value, create_user, create_date, modify_user, modify_date) VALUES (80018028, 1, '80018009', 132456, CURRENT, 132456, CURRENT);
INSERT INTO resource_info (resource_id, resource_info_type_id, value, create_user, create_date, modify_user, modify_date) VALUES (80018028, 2, 'Pops80018009', 132456, CURRENT, 132456, CURRENT);
INSERT INTO resource_info (resource_id, resource_info_type_id, value, create_user, create_date, modify_user, modify_date) VALUES (80018028, 3, 'test@test.com', 132456, CURRENT, 132456, CURRENT);
INSERT INTO resource_info (resource_id, resource_info_type_id, value, create_user, create_date, modify_user, modify_date) VALUES (80018028, 4, '2660', 132456, CURRENT, 132456, CURRENT);
INSERT INTO resource_info (resource_id, resource_info_type_id, value, create_user, create_date, modify_user, modify_date) VALUES (80018028, 5, '55', 132456, CURRENT, 132456, CURRENT);
INSERT INTO resource_info (resource_id, resource_info_type_id, value, create_user, create_date, modify_user, modify_date) VALUES (80018028, 8, 'N/A', 132456, CURRENT, 132456, CURRENT);
INSERT INTO resource_info (resource_id, resource_info_type_id, value, create_user, create_date, modify_user, modify_date) VALUES (80018028, 6, '05.12.2016 03:21 AM', 132456, CURRENT, 132456, CURRENT);
INSERT INTO resource_info (resource_id, resource_info_type_id, value, create_user, create_date, modify_user, modify_date) VALUES (80018028, 13, 'No', 132456, CURRENT, 132456, CURRENT);
INSERT INTO resource_info (resource_id, resource_info_type_id, value, create_user, create_date, modify_user, modify_date) VALUES (80018029, 1, '80018016', 132456, CURRENT, 132456, CURRENT);
INSERT INTO resource_info (resource_id, resource_info_type_id, value, create_user, create_date, modify_user, modify_date) VALUES (80018029, 2, 'marcg80018016', 132456, CURRENT, 132456, CURRENT);
INSERT INTO resource_info (resource_id, resource_info_type_id, value, create_user, create_date, modify_user, modify_date) VALUES (80018029, 3, 'test@test.com', 132456, CURRENT, 132456, CURRENT);
INSERT INTO resource_info (resource_id, resource_info_type_id, value, create_user, create_date, modify_user, modify_date) VALUES (80018029, 8, 'N/A', 132456, CURRENT, 132456, CURRENT);
INSERT INTO resource_info (resource_id, resource_info_type_id, value, create_user, create_date, modify_user, modify_date) VALUES (80018029, 6, '05.12.2016 03:22 AM', 132456, CURRENT, 132456, CURRENT);
INSERT INTO resource_info (resource_id, resource_info_type_id, value, create_user, create_date, modify_user, modify_date) VALUES (80018029, 13, 'No', 132456, CURRENT, 132456, CURRENT);
INSERT INTO resource_info (resource_id, resource_info_type_id, value, create_user, create_date, modify_user, modify_date) VALUES (80018030, 1, '124836', 132456, CURRENT, 132456, CURRENT);
INSERT INTO resource_info (resource_id, resource_info_type_id, value, create_user, create_date, modify_user, modify_date) VALUES (80018030, 2, 'annej9ny', 132456, CURRENT, 132456, CURRENT);
INSERT INTO resource_info (resource_id, resource_info_type_id, value, create_user, create_date, modify_user, modify_date) VALUES (80018030, 8, 'N/A', 132456, CURRENT, 132456, CURRENT);
INSERT INTO resource_info (resource_id, resource_info_type_id, value, create_user, create_date, modify_user, modify_date) VALUES (80018030, 6, '05.08.2016 03:23 PM', 132456, CURRENT, 132456, CURRENT);
INSERT INTO resource_info (resource_id, resource_info_type_id, value, create_user, create_date, modify_user, modify_date) VALUES (80018031, 1, '124836', 132456, CURRENT, 132456, CURRENT);
INSERT INTO resource_info (resource_id, resource_info_type_id, value, create_user, create_date, modify_user, modify_date) VALUES (80018031, 2, 'annej9ny', 132456, CURRENT, 132456, CURRENT);
INSERT INTO resource_info (resource_id, resource_info_type_id, value, create_user, create_date, modify_user, modify_date) VALUES (80018031, 8, 'N/A', 132456, CURRENT, 132456, CURRENT);
INSERT INTO resource_info (resource_id, resource_info_type_id, value, create_user, create_date, modify_user, modify_date) VALUES (80018031, 6, '05.09.2016 03:24 AM', 132456, CURRENT, 132456, CURRENT);
INSERT INTO resource_info (resource_id, resource_info_type_id, value, create_user, create_date, modify_user, modify_date) VALUES (80018032, 1, '124836', 132456, CURRENT, 132456, CURRENT);
INSERT INTO resource_info (resource_id, resource_info_type_id, value, create_user, create_date, modify_user, modify_date) VALUES (80018032, 2, 'annej9ny', 132456, CURRENT, 132456, CURRENT);
INSERT INTO resource_info (resource_id, resource_info_type_id, value, create_user, create_date, modify_user, modify_date) VALUES (80018032, 8, 'N/A', 132456, CURRENT, 132456, CURRENT);
INSERT INTO resource_info (resource_id, resource_info_type_id, value, create_user, create_date, modify_user, modify_date) VALUES (80018032, 6, '05.12.2016 03:25 PM', 132456, CURRENT, 132456, CURRENT);
INSERT INTO resource_info (resource_id, resource_info_type_id, value, create_user, create_date, modify_user, modify_date) VALUES (80018033, 1, '124836', 132456, CURRENT, 132456, CURRENT);
INSERT INTO resource_info (resource_id, resource_info_type_id, value, create_user, create_date, modify_user, modify_date) VALUES (80018033, 2, 'annej9ny', 132456, CURRENT, 132456, CURRENT);
INSERT INTO resource_info (resource_id, resource_info_type_id, value, create_user, create_date, modify_user, modify_date) VALUES (80018033, 8, 'N/A', 132456, CURRENT, 132456, CURRENT);
INSERT INTO resource_info (resource_id, resource_info_type_id, value, create_user, create_date, modify_user, modify_date) VALUES (80018033, 6, '05.14.2016 03:26 AM', 132456, CURRENT, 132456, CURRENT);
INSERT INTO resource_info (resource_id, resource_info_type_id, value, create_user, create_date, modify_user, modify_date) VALUES (80018034, 1, '132456', 132456, CURRENT, 132456, CURRENT);
INSERT INTO resource_info (resource_id, resource_info_type_id, value, create_user, create_date, modify_user, modify_date) VALUES (80018034, 2, 'heffan', 132456, CURRENT, 132456, CURRENT);
INSERT INTO resource_info (resource_id, resource_info_type_id, value, create_user, create_date, modify_user, modify_date) VALUES (80018034, 8, 'N/A', 132456, CURRENT, 132456, CURRENT);
INSERT INTO resource_info (resource_id, resource_info_type_id, value, create_user, create_date, modify_user, modify_date) VALUES (80018034, 6, '05.12.2016 03:27 AM', 132456, CURRENT, 132456, CURRENT);
INSERT INTO resource_info (resource_id, resource_info_type_id, value, create_user, create_date, modify_user, modify_date) VALUES (80018035, 1, '132458', 132456, CURRENT, 132456, CURRENT);
INSERT INTO resource_info (resource_id, resource_info_type_id, value, create_user, create_date, modify_user, modify_date) VALUES (80018035, 2, 'user', 132456, CURRENT, 132456, CURRENT);
INSERT INTO resource_info (resource_id, resource_info_type_id, value, create_user, create_date, modify_user, modify_date) VALUES (80018035, 8, 'N/A', 132456, CURRENT, 132456, CURRENT);
INSERT INTO resource_info (resource_id, resource_info_type_id, value, create_user, create_date, modify_user, modify_date) VALUES (80018035, 6, '05.12.2016 03:28 AM', 132456, CURRENT, 132456, CURRENT);
INSERT INTO upload (upload_id, project_id, resource_id, upload_type_id, upload_status_id, parameter, create_user, create_date, modify_user, modify_date, project_phase_id) VALUES (80018004, 80018003, 80018025, 1, 1, '80018003_80018025_80018004.zip', 132458, '2016-05-12 03:18:09', 132458, CURRENT, 80018020);
INSERT INTO upload (upload_id, project_id, resource_id, upload_type_id, upload_status_id, parameter, create_user, create_date, modify_user, modify_date, project_phase_id) VALUES (80018005, 80018003, 80018027, 1, 1, '80018003_80018027_80018005.zip', 80018021, '2016-05-12 03:20:09', 80018021, CURRENT, 80018023);
INSERT INTO upload (upload_id, project_id, resource_id, upload_type_id, upload_status_id, parameter, create_user, create_date, modify_user, modify_date, project_phase_id) VALUES (80018006, 80018003, 80018028, 1, 1, '80018003_80018028_80018006.zip', 80018009, '2016-05-12 03:21:09', 80018009, CURRENT, 80018023);
INSERT INTO upload (upload_id, project_id, resource_id, upload_type_id, upload_status_id, parameter, create_user, create_date, modify_user, modify_date, project_phase_id) VALUES (80018007, 80018003, 80018031, 4, 1, '80018003_80018031_80018007_screenshots.zip', 124836, '2016-05-12 03:15:09', 124836, CURRENT, 80018025);
INSERT INTO upload (upload_id, project_id, resource_id, upload_type_id, upload_status_id, parameter, create_user, create_date, modify_user, modify_date, project_phase_id) VALUES (80018008, 80018003, 80018031, 4, 1, '80018003_80018031_80018008_screenshots.zip', 124836, '2016-05-12 03:15:09', 124836, CURRENT, 80018025);
INSERT INTO submission (submission_id, upload_id, submission_status_id, screening_score, initial_score, final_score, placement, submission_type_id, create_user, create_date, modify_user, modify_date, prize_id) VALUES (80018003, 80018004, 1, null, null, null, null, 2, 132458, '2016-05-12 11:45:11', 132458, '2016-05-12 11:45:11', null);
INSERT INTO resource_submission (resource_id, submission_id, create_user, create_date, modify_user, modify_date) VALUES (80018025, 80018003, 132458, CURRENT, 132458, CURRENT);
INSERT INTO submission (submission_id, upload_id, submission_status_id, screening_score, initial_score, final_score, placement, submission_type_id, create_user, create_date, modify_user, modify_date, prize_id) VALUES (80018004, 80018005, 1, 75.0, null, null, null, 1, 80018021, '2016-05-12 11:49:09', 80018021, '2016-05-12 11:49:09', null);
INSERT INTO resource_submission (resource_id, submission_id, create_user, create_date, modify_user, modify_date) VALUES (80018027, 80018004, 80018021, CURRENT, 80018021, CURRENT);
INSERT INTO submission (submission_id, upload_id, submission_status_id, screening_score, initial_score, final_score, placement, submission_type_id, create_user, create_date, modify_user, modify_date, prize_id) VALUES (80018005, 80018006, 1, 100.0, null, null, null, 1, 80018009, '2016-05-12 12:05:38', 80018009, '2016-05-12 12:05:38', null);
INSERT INTO resource_submission (resource_id, submission_id, create_user, create_date, modify_user, modify_date) VALUES (80018028, 80018005, 80018009, CURRENT, 80018009, CURRENT);
INSERT INTO review (review_id, resource_id, submission_id, scorecard_id, committed, initial_score, score, create_user, create_date, modify_user, modify_date, project_phase_id) VALUES (80018006, 80018026, 80018003, 30000722, 1, 75.0, 75.0, 124916, CURRENT, 124916, CURRENT, 80018021);
INSERT INTO review_comment (review_comment_id, resource_id, review_id, comment_type_id, content, extra_info, sort, create_user, create_date, modify_user, modify_date) VALUES (80018004, 80018026, 80018006, 14, '', 'Approved', 0, 124916, CURRENT, 124916, CURRENT);
INSERT INTO review_item (review_item_id, review_id, scorecard_question_id, upload_id, answer, sort, create_user, create_date, modify_user, modify_date) VALUES (80018006, 80018006, 30001008, null, '3/4', 0, 124916, CURRENT, 124916, CURRENT);
INSERT INTO review_item_comment (review_item_comment_id, resource_id, review_item_id, comment_type_id, content, extra_info, sort, create_user, create_date, modify_user, modify_date) VALUES (80018014, 80018026, 80018006, 1, 'Ok', NULL, 0, 124916, CURRENT, 124916, CURRENT);
INSERT INTO review (review_id, resource_id, submission_id, scorecard_id, committed, initial_score, score, create_user, create_date, modify_user, modify_date, project_phase_id) VALUES (80018007, 80018030, 80018004, 30000410, 1, 75.0, 75.0, 124836, CURRENT, 124836, CURRENT, 80018024);
INSERT INTO review_item (review_item_id, review_id, scorecard_question_id, upload_id, answer, sort, create_user, create_date, modify_user, modify_date) VALUES (80018007, 80018007, 30001000, null, '3/4', 0, 124836, CURRENT, 124836, CURRENT);
INSERT INTO review_item_comment (review_item_comment_id, resource_id, review_item_id, comment_type_id, content, extra_info, sort, create_user, create_date, modify_user, modify_date) VALUES (80018015, 80018030, 80018007, 1, '/direct/scorecard web module is not workable. When trying to access it the server responds with error like:  There is no Action mapped for namespace [/] and action name [scorecard] associated with context path [/direct]. - [unknown location]', NULL, 0, 124836, CURRENT, 124836, CURRENT);
INSERT INTO review (review_id, resource_id, submission_id, scorecard_id, committed, initial_score, score, create_user, create_date, modify_user, modify_date, project_phase_id) VALUES (80018008, 80018030, 80018005, 30000410, 1, 100.0, 100.0, 124836, CURRENT, 124836, CURRENT, 80018024);
INSERT INTO review_item (review_item_id, review_id, scorecard_question_id, upload_id, answer, sort, create_user, create_date, modify_user, modify_date) VALUES (80018008, 80018008, 30001000, null, '4/4', 0, 124836, CURRENT, 124836, CURRENT);
INSERT INTO review_item_comment (review_item_comment_id, resource_id, review_item_id, comment_type_id, content, extra_info, sort, create_user, create_date, modify_user, modify_date) VALUES (80018016, 80018030, 80018008, 1, 'visit http://tc.cloud.topcoder.com/tc?module=ProjectDetail&pj=7700001 anonymously, click the Registration button, then enter with user without checking the compete options, it return back to contest detail page, but no popup shows information to check options in profile. ', NULL, 0, 124836, CURRENT, 124836, CURRENT);
INSERT INTO review (review_id, resource_id, submission_id, scorecard_id, committed, initial_score, score, create_user, create_date, modify_user, modify_date, project_phase_id) VALUES (80018009, 80018031, 80018004, 30000411, 0, null, null, 124836, CURRENT, 124836, CURRENT, 80018025);
INSERT INTO review_item (review_item_id, review_id, scorecard_question_id, upload_id, answer, sort, create_user, create_date, modify_user, modify_date) VALUES (80018009, 80018009, 30001001, 80018007, '3/4', 0, 124836, CURRENT, 124836, CURRENT);
INSERT INTO review_item_comment (review_item_comment_id, resource_id, review_item_id, comment_type_id, content, extra_info, sort, create_user, create_date, modify_user, modify_date) VALUES (80018017, 80018031, 80018009, 1, 'Direct web module: server responds with error when trying to visit https://localhost/direct/allProjects.action', NULL, 0, 124836, CURRENT, 124836, CURRENT);
INSERT INTO review_item_comment (review_item_comment_id, resource_id, review_item_id, comment_type_id, content, extra_info, sort, create_user, create_date, modify_user, modify_date) VALUES (80018018, 80018031, 80018009, 1, 'Direct web module: server responds with error when trying to visit https://localhost/direct/allProjects.action', NULL, 0, 124836, CURRENT, 124836, CURRENT);
INSERT INTO review_item_comment (review_item_comment_id, resource_id, review_item_id, comment_type_id, content, extra_info, sort, create_user, create_date, modify_user, modify_date) VALUES (80018019, 80018031, 80018009, 1, 'the string should be more like *check "I want to Compete on TopCoder" option* ', NULL, 0, 124836, CURRENT, 124836, CURRENT);
INSERT INTO review_item_comment (review_item_comment_id, resource_id, review_item_id, comment_type_id, content, extra_info, sort, create_user, create_date, modify_user, modify_date) VALUES (80018020, 80018031, 80018009, 1, 'Using the registration steps, I can not get any activation emails, I used outlook.com and qq.com.  I manually update it through database. ', NULL, 0, 124836, CURRENT, 124836, CURRENT);
INSERT INTO review (review_id, resource_id, submission_id, scorecard_id, committed, initial_score, score, create_user, create_date, modify_user, modify_date, project_phase_id) VALUES (80018010, 80018031, 80018005, 30000411, 0, null, null, 124836, CURRENT, 124836, CURRENT, 80018025);
INSERT INTO review_item (review_item_id, review_id, scorecard_question_id, upload_id, answer, sort, create_user, create_date, modify_user, modify_date) VALUES (80018010, 80018010, 30001001, 80018008, '3/4', 0, 124836, CURRENT, 124836, CURRENT);
INSERT INTO review_item_comment (review_item_comment_id, resource_id, review_item_id, comment_type_id, content, extra_info, sort, create_user, create_date, modify_user, modify_date) VALUES (80018021, 80018031, 80018010, 1, 'the string should be more like *check "I want to Compete on TopCoder" option* ', NULL, 0, 124836, CURRENT, 124836, CURRENT);
INSERT INTO notification (project_id, external_ref_id, notification_type_id, create_user, create_date, modify_user, modify_date) VALUES (80018003, 80018021, 1, 132456, CURRENT, 132456, CURRENT);
INSERT INTO notification (project_id, external_ref_id, notification_type_id, create_user, create_date, modify_user, modify_date) VALUES (80018003, 80018016, 1, 132456, CURRENT, 132456, CURRENT);
INSERT INTO notification (project_id, external_ref_id, notification_type_id, create_user, create_date, modify_user, modify_date) VALUES (80018003, 124916, 1, 132456, CURRENT, 132456, CURRENT);
INSERT INTO notification (project_id, external_ref_id, notification_type_id, create_user, create_date, modify_user, modify_date) VALUES (80018003, 124836, 1, 132456, CURRENT, 132456, CURRENT);
INSERT INTO notification (project_id, external_ref_id, notification_type_id, create_user, create_date, modify_user, modify_date) VALUES (80018003, 132458, 1, 132456, CURRENT, 132456, CURRENT);
INSERT INTO notification (project_id, external_ref_id, notification_type_id, create_user, create_date, modify_user, modify_date) VALUES (80018003, 132456, 1, 132456, CURRENT, 132456, CURRENT);
INSERT INTO notification (project_id, external_ref_id, notification_type_id, create_user, create_date, modify_user, modify_date) VALUES (80018003, 80018009, 1, 132456, CURRENT, 132456, CURRENT);
INSERT INTO notification (project_id, external_ref_id, notification_type_id, create_user, create_date, modify_user, modify_date) VALUES (80018003, 22770213, 1, 132456, CURRENT, 132456, CURRENT);
INSERT INTO contest_sale (contest_sale_id, contest_id, sale_status_id, price, paypal_order_id, create_date, sale_reference_id, sale_type_id) VALUES (80018003, 80018003, 1, 9512.0, 'PO BOX 80018001', CURRENT, 'PO BOX 80018001', 2);
INSERT INTO project_payment (project_payment_id, project_payment_type_id, resource_id, submission_id, amount, pacts_payment_id, create_user,create_date, modify_user, modify_date) VALUES (80018008, 3, 80018026, null, 50.0, null, 132456, CURRENT, 132456, CURRENT);
INSERT INTO project_payment (project_payment_id, project_payment_type_id, resource_id, submission_id, amount, pacts_payment_id, create_user,create_date, modify_user, modify_date) VALUES (80018009, 3, 80018030, null, 50.0, null, 132456, CURRENT, 132456, CURRENT);
INSERT INTO project_payment (project_payment_id, project_payment_type_id, resource_id, submission_id, amount, pacts_payment_id, create_user,create_date, modify_user, modify_date) VALUES (80018010, 4, 80018034, null, 350.0, null, 132456, CURRENT, 132456, CURRENT);
INSERT INTO contest_milestone_xref (contest_id, project_milestone_id, create_user, create_date, modify_user, modify_date) VALUES (80018003, 800180011, 132456, CURRENT, 132456, CURRENT);
INSERT INTO project_platform (project_id, project_platform_id, create_user, create_date, modify_user, modify_date) VALUES (80018003, 22, 132456, CURRENT, 132456, CURRENT);
INSERT INTO project_platform (project_id, project_platform_id, create_user, create_date, modify_user, modify_date) VALUES (80018003, 2, 132456, CURRENT, 132456, CURRENT);
INSERT INTO project_platform (project_id, project_platform_id, create_user, create_date, modify_user, modify_date) VALUES (80018003, 14, 132456, CURRENT, 132456, CURRENT);
INSERT INTO review_auction (review_auction_id, project_id, review_auction_type_id) VALUES (80028003, 80018003, 3);
INSERT INTO review_auction (review_auction_id, project_id, review_auction_type_id) VALUES (80018003, 80018003, 1);
INSERT INTO comp_catalog (component_id, current_version, short_desc, component_name, description, function_desc, create_time, status_id, root_category_id, modify_date, public_ind)  VALUES (80018004, 1, 'Short description for UI Prototypes Contest 4', 'UI Prototypes Contest 4', 'Description for UI Prototypes Contest 4', 'Functional description for UI Prototypes Contest 4', CURRENT, 1, 27202905, CURRENT, 1);
INSERT INTO comp_categories (comp_categories_id, component_id, category_id)  VALUES (80018004, 80018004, 27202905);
INSERT INTO comp_versions (comp_vers_id, component_id, version, version_text, create_time, phase_id, phase_time, price, comments, modify_date, suspended_ind) VALUES (80018004, 80018004, 1, '1.0', CURRENT, 112, CURRENT, 800.0, 'Comments for version #1', CURRENT, 0);
INSERT INTO comp_version_dates (comp_version_dates_id, comp_vers_id, phase_id, posting_date, initial_submission_date, winner_announced_date, final_submission_date, estimated_dev_date, price, total_submissions, status_id, create_time, level_id, screening_complete_date, review_complete_date, aggregation_complete_date, phase_complete_date, production_date, aggregation_complete_date_comment, phase_complete_date_comment, review_complete_date_comment, winner_announced_date_comment, initial_submission_date_comment, screening_complete_date_comment, final_submission_date_comment, production_date_comment, modify_date) VALUES (80018004, 80018004, 112, '1976-06-05', '2000-02-01', '2000-02-01', '2000-02-01', '2000-02-01', 0.00, 0, 301, CURRENT, 100, '2000-02-01', '2000-02-01', '2000-02-01', '2000-02-01', null, null, null, null, null, null, null, null, null, CURRENT);
INSERT INTO comp_technology (comp_tech_id, comp_vers_id, technology_type_id) VALUES (800180040, 80018004, 7);
INSERT INTO comp_technology (comp_tech_id, comp_vers_id, technology_type_id) VALUES (800180041, 80018004, 11);
INSERT INTO comp_technology (comp_tech_id, comp_vers_id, technology_type_id) VALUES (800180042, 80018004, 26740929);
INSERT INTO comp_technology (comp_tech_id, comp_vers_id, technology_type_id) VALUES (800180043, 80018004, 26951707);
INSERT INTO project (project_id, project_status_id, project_category_id, create_user, create_date, modify_user, modify_date, tc_direct_project_id, project_studio_spec_id) VALUES (80018004, 1, 19, 132456, CURRENT, 132456, CURRENT, 80018001, NULL);
INSERT INTO project_info (project_id, project_info_type_id, value, create_user, create_date, modify_user, modify_date) VALUES (80018004, 1, '80018004', 132456, CURRENT, 132456, CURRENT);
INSERT INTO project_info (project_id, project_info_type_id, value, create_user, create_date, modify_user, modify_date) VALUES (80018004, 2, '80018004', 132456, CURRENT, 132456, CURRENT);
INSERT INTO project_info (project_id, project_info_type_id, value, create_user, create_date, modify_user, modify_date) VALUES (80018004, 3, '80018004', 132456, CURRENT, 132456, CURRENT);
INSERT INTO project_info (project_id, project_info_type_id, value, create_user, create_date, modify_user, modify_date) VALUES (80018004, 4, '80018005', 132456, CURRENT, 132456, CURRENT);
INSERT INTO comp_jive_category_xref (comp_vers_id, jive_category_id) VALUES (80018004, 0);
INSERT INTO project_info (project_id, project_info_type_id, value, create_user, create_date, modify_user, modify_date) VALUES (80018004, 5, '27202905', 132456, CURRENT, 132456, CURRENT);
INSERT INTO project_info (project_id, project_info_type_id, value, create_user, create_date, modify_user, modify_date) VALUES (80018004, 6, 'UI Prototypes Contest 4', 132456, CURRENT, 132456, CURRENT);
INSERT INTO project_info (project_id, project_info_type_id, value, create_user, create_date, modify_user, modify_date) VALUES (80018004, 7, '1.0', 132456, CURRENT, 132456, CURRENT);
INSERT INTO project_info (project_id, project_info_type_id, value, create_user, create_date, modify_user, modify_date) VALUES (80018004, 8, '', 132456, CURRENT, 132456, CURRENT);
INSERT INTO project_info (project_id, project_info_type_id, value, create_user, create_date, modify_user, modify_date) VALUES (80018004, 11, 'On', 132456, CURRENT, 132456, CURRENT);
INSERT INTO project_info (project_id, project_info_type_id, value, create_user, create_date, modify_user, modify_date) VALUES (80018004, 9, 'On', 132456, CURRENT, 132456, CURRENT);
INSERT INTO project_info (project_id, project_info_type_id, value, create_user, create_date, modify_user, modify_date) VALUES (80018004, 10, 'On', 132456, CURRENT, 132456, CURRENT);
INSERT INTO project_info (project_id, project_info_type_id, value, create_user, create_date, modify_user, modify_date) VALUES (80018004, 12, 'Yes', 132456, CURRENT, 132456, CURRENT);
INSERT INTO project_info (project_id, project_info_type_id, value, create_user, create_date, modify_user, modify_date) VALUES (80018004, 13, 'Yes', 132456, CURRENT, 132456, CURRENT);
INSERT INTO project_info (project_id, project_info_type_id, value, create_user, create_date, modify_user, modify_date) VALUES (80018004, 14, 'Open', 132456, CURRENT, 132456, CURRENT);
INSERT INTO project_info (project_id, project_info_type_id, value, create_user, create_date, modify_user, modify_date) VALUES (80018004, 16, '800.0', 132456, CURRENT, 132456, CURRENT);
INSERT INTO project_info (project_id, project_info_type_id, value, create_user, create_date, modify_user, modify_date) VALUES (80018004, 17, '', 132456, CURRENT, 132456, CURRENT);
INSERT INTO project_info (project_id, project_info_type_id, value, create_user, create_date, modify_user, modify_date) VALUES (80018004, 26, 'On', 132456, CURRENT, 132456, CURRENT);
INSERT INTO project_info (project_id, project_info_type_id, value, create_user, create_date, modify_user, modify_date) VALUES (80018004, 30, '360.0', 132456, CURRENT, 132456, CURRENT);
INSERT INTO project_info (project_id, project_info_type_id, value, create_user, create_date, modify_user, modify_date) VALUES (80018004, 31, '6001.0', 132456, CURRENT, 132456, CURRENT);
INSERT INTO project_info (project_id, project_info_type_id, value, create_user, create_date, modify_user, modify_date) VALUES (80018004, 33, '605.0', 132456, CURRENT, 132456, CURRENT);
INSERT INTO project_info (project_id, project_info_type_id, value, create_user, create_date, modify_user, modify_date) VALUES (80018004, 35, '30.0', 132456, CURRENT, 132456, CURRENT);
INSERT INTO project_info (project_id, project_info_type_id, value, create_user, create_date, modify_user, modify_date) VALUES (80018004, 36, '800.0', 132456, CURRENT, 132456, CURRENT);
INSERT INTO project_info (project_id, project_info_type_id, value, create_user, create_date, modify_user, modify_date) VALUES (80018004, 37, '400.0', 132456, CURRENT, 132456, CURRENT);
INSERT INTO project_info (project_id, project_info_type_id, value, create_user, create_date, modify_user, modify_date) VALUES (80018004, 45, 'true', 132456, CURRENT, 132456, CURRENT);
INSERT INTO project_info (project_id, project_info_type_id, value, create_user, create_date, modify_user, modify_date) VALUES (80018004, 47, 'true', 132456, CURRENT, 132456, CURRENT);
INSERT INTO project_info (project_id, project_info_type_id, value, create_user, create_date, modify_user, modify_date) VALUES (80018004, 38, '240.0', 132456, CURRENT, 132456, CURRENT);
INSERT INTO project_info (project_id, project_info_type_id, value, create_user, create_date, modify_user, modify_date) VALUES (80018004, 39, '0.0', 132456, CURRENT, 132456, CURRENT);
INSERT INTO project_info (project_id, project_info_type_id, value, create_user, create_date, modify_user, modify_date) VALUES (80018004, 40, 'A', 132456, CURRENT, 132456, CURRENT);
INSERT INTO project_info (project_id, project_info_type_id, value, create_user, create_date, modify_user, modify_date) VALUES (80018004, 32, '80018001', 132456, CURRENT, 132456, CURRENT);
INSERT INTO project_info (project_id, project_info_type_id, value, create_user, create_date, modify_user, modify_date) VALUES (80018004, 41, 'true', 132456, CURRENT, 132456, CURRENT);
INSERT INTO project_info (project_id, project_info_type_id, value, create_user, create_date, modify_user, modify_date) VALUES (80018004, 43, 'true', 132456, CURRENT, 132456, CURRENT);
INSERT INTO project_info (project_id, project_info_type_id, value, create_user, create_date, modify_user, modify_date) VALUES (80018004, 44, 'false', 132456, CURRENT, 132456, CURRENT);
INSERT INTO project_info (project_id, project_info_type_id, value, create_user, create_date, modify_user, modify_date) VALUES (80018004, 46, 'true', 132456, CURRENT, 132456, CURRENT);
INSERT INTO project_info (project_id, project_info_type_id, value, create_user, create_date, modify_user, modify_date) VALUES (80018004, 48, 'true', 132456, CURRENT, 132456, CURRENT);
INSERT INTO project_info (project_id, project_info_type_id, value, create_user, create_date, modify_user, modify_date) VALUES (80018004, 49, '500', 132456, CURRENT, 132456, CURRENT);
INSERT INTO project_info (project_id, project_info_type_id, value, create_user, create_date, modify_user, modify_date) VALUES (80018004, 59, 'true', 132456, CURRENT, 132456, CURRENT);
INSERT INTO prize (prize_id, place, prize_amount, prize_type_id, number_of_submissions,                    create_user, create_date, modify_user, modify_date, project_id) VALUES (80018007, 1, 800.0, 15, 1, 132456, CURRENT, 132456, CURRENT, 80018004);
INSERT INTO prize (prize_id, place, prize_amount, prize_type_id, number_of_submissions,                    create_user, create_date, modify_user, modify_date, project_id) VALUES (80018008, 2, 400.0, 15, 1, 132456, CURRENT, 132456, CURRENT, 80018004);
INSERT INTO project_spec (project_spec_id, project_id, version, detailed_requirements, submission_deliverables, environment_setup_instruction, final_submission_guidelines, private_description, create_user, create_date, modify_user, modify_date) VALUES (80018004, 80018004, 1, 'Detailed requirements for UI Prototypes Contest 4', '', '', 'Final submission guidelines for UI Prototypes Contest 4', '', 132456, CURRENT, 132456, CURRENT);
INSERT INTO project_phase (project_phase_id, project_id, phase_type_id, phase_status_id, fixed_start_time, scheduled_start_time, scheduled_end_time, actual_start_time, actual_end_time, duration, create_user, create_date, modify_user, modify_date) VALUES (80018032, 80018004, 13, 3, CURRENT + -2940 UNITS MINUTE, CURRENT + -2940 UNITS MINUTE, CURRENT + -60 UNITS MINUTE, CURRENT + -2940 UNITS MINUTE, CURRENT + -60 UNITS MINUTE, 172800000, 132456, CURRENT, 132456, CURRENT);
INSERT INTO project_phase (project_phase_id, project_id, phase_type_id, phase_status_id, fixed_start_time, scheduled_start_time, scheduled_end_time, actual_start_time, actual_end_time, duration, create_user, create_date, modify_user, modify_date) VALUES (80018033, 80018004, 14, 2, null, CURRENT + -60 UNITS MINUTE, CURRENT + 60 UNITS MINUTE, CURRENT + -60 UNITS MINUTE, null, 7200000, 132456, CURRENT, 132456, CURRENT);
INSERT INTO project_phase (project_phase_id, project_id, phase_type_id, phase_status_id, fixed_start_time, scheduled_start_time, scheduled_end_time, actual_start_time, actual_end_time, duration, create_user, create_date, modify_user, modify_date) VALUES (80018034, 80018004, 1, 1, CURRENT + 60 UNITS MINUTE, CURRENT + 60 UNITS MINUTE, CURRENT + 2940 UNITS MINUTE, null, null, 172800000, 132456, CURRENT, 132456, CURRENT);
INSERT INTO project_phase (project_phase_id, project_id, phase_type_id, phase_status_id, fixed_start_time, scheduled_start_time, scheduled_end_time, actual_start_time, actual_end_time, duration, create_user, create_date, modify_user, modify_date) VALUES (80018035, 80018004, 2, 1, null, CURRENT + 60 UNITS MINUTE, CURRENT + 7260 UNITS MINUTE, null, null, 432000000, 132456, CURRENT, 132456, CURRENT);
INSERT INTO project_phase (project_phase_id, project_id, phase_type_id, phase_status_id, fixed_start_time, scheduled_start_time, scheduled_end_time, actual_start_time, actual_end_time, duration, create_user, create_date, modify_user, modify_date) VALUES (80018036, 80018004, 3, 1, null, CURRENT + 7260 UNITS MINUTE, CURRENT + 7980 UNITS MINUTE, null, null, 43200000, 132456, CURRENT, 132456, CURRENT);
INSERT INTO project_phase (project_phase_id, project_id, phase_type_id, phase_status_id, fixed_start_time, scheduled_start_time, scheduled_end_time, actual_start_time, actual_end_time, duration, create_user, create_date, modify_user, modify_date) VALUES (80018037, 80018004, 4, 1, null, CURRENT + 7980 UNITS MINUTE, CURRENT + 10860 UNITS MINUTE, null, null, 172800000, 132456, CURRENT, 132456, CURRENT);
INSERT INTO project_phase (project_phase_id, project_id, phase_type_id, phase_status_id, fixed_start_time, scheduled_start_time, scheduled_end_time, actual_start_time, actual_end_time, duration, create_user, create_date, modify_user, modify_date) VALUES (80018038, 80018004, 5, 1, null, CURRENT + 10860 UNITS MINUTE, CURRENT + 12300 UNITS MINUTE, null, null, 86400000, 132456, CURRENT, 132456, CURRENT);
INSERT INTO project_phase (project_phase_id, project_id, phase_type_id, phase_status_id, fixed_start_time, scheduled_start_time, scheduled_end_time, actual_start_time, actual_end_time, duration, create_user, create_date, modify_user, modify_date) VALUES (80018039, 80018004, 6, 1, null, CURRENT + 12300 UNITS MINUTE, CURRENT + 13020 UNITS MINUTE, null, null, 43200000, 132456, CURRENT, 132456, CURRENT);
INSERT INTO project_phase (project_phase_id, project_id, phase_type_id, phase_status_id, fixed_start_time, scheduled_start_time, scheduled_end_time, actual_start_time, actual_end_time, duration, create_user, create_date, modify_user, modify_date) VALUES (80018040, 80018004, 7, 1, null, CURRENT + 13020 UNITS MINUTE, CURRENT + 13740 UNITS MINUTE, null, null, 43200000, 132456, CURRENT, 132456, CURRENT);
INSERT INTO project_phase (project_phase_id, project_id, phase_type_id, phase_status_id, fixed_start_time, scheduled_start_time, scheduled_end_time, actual_start_time, actual_end_time, duration, create_user, create_date, modify_user, modify_date) VALUES (80018041, 80018004, 9, 1, null, CURRENT + 13740 UNITS MINUTE, CURRENT + 15180 UNITS MINUTE, null, null, 86400000, 132456, CURRENT, 132456, CURRENT);
INSERT INTO project_phase (project_phase_id, project_id, phase_type_id, phase_status_id, fixed_start_time, scheduled_start_time, scheduled_end_time, actual_start_time, actual_end_time, duration, create_user, create_date, modify_user, modify_date) VALUES (80018042, 80018004, 10, 1, null, CURRENT + 15180 UNITS MINUTE, CURRENT + 15900 UNITS MINUTE, null, null, 43200000, 132456, CURRENT, 132456, CURRENT);
INSERT INTO project_phase (project_phase_id, project_id, phase_type_id, phase_status_id, fixed_start_time, scheduled_start_time, scheduled_end_time, actual_start_time, actual_end_time, duration, create_user, create_date, modify_user, modify_date) VALUES (80018043, 80018004, 11, 1, null, CURRENT + 15900 UNITS MINUTE, CURRENT + 23100 UNITS MINUTE, null, null, 432000000, 132456, CURRENT, 132456, CURRENT);
INSERT INTO phase_dependency (dependency_phase_id, dependent_phase_id, dependency_start, dependent_start, lag_time, create_user, create_date, modify_user, modify_date) VALUES (80018032, 80018033, 0, 1, 0, 132456, CURRENT, 132456, CURRENT);
INSERT INTO phase_dependency (dependency_phase_id, dependent_phase_id, dependency_start, dependent_start, lag_time, create_user, create_date, modify_user, modify_date) VALUES (80018033, 80018034, 0, 1, 0, 132456, CURRENT, 132456, CURRENT);
INSERT INTO phase_dependency (dependency_phase_id, dependent_phase_id, dependency_start, dependent_start, lag_time, create_user, create_date, modify_user, modify_date) VALUES (80018034, 80018035, 1, 1, 0, 132456, CURRENT, 132456, CURRENT);
INSERT INTO phase_dependency (dependency_phase_id, dependent_phase_id, dependency_start, dependent_start, lag_time, create_user, create_date, modify_user, modify_date) VALUES (80018035, 80018036, 0, 1, 0, 132456, CURRENT, 132456, CURRENT);
INSERT INTO phase_dependency (dependency_phase_id, dependent_phase_id, dependency_start, dependent_start, lag_time, create_user, create_date, modify_user, modify_date) VALUES (80018036, 80018037, 0, 1, 0, 132456, CURRENT, 132456, CURRENT);
INSERT INTO phase_dependency (dependency_phase_id, dependent_phase_id, dependency_start, dependent_start, lag_time, create_user, create_date, modify_user, modify_date) VALUES (80018037, 80018038, 0, 1, 0, 132456, CURRENT, 132456, CURRENT);
INSERT INTO phase_dependency (dependency_phase_id, dependent_phase_id, dependency_start, dependent_start, lag_time, create_user, create_date, modify_user, modify_date) VALUES (80018038, 80018039, 0, 1, 0, 132456, CURRENT, 132456, CURRENT);
INSERT INTO phase_dependency (dependency_phase_id, dependent_phase_id, dependency_start, dependent_start, lag_time, create_user, create_date, modify_user, modify_date) VALUES (80018039, 80018040, 0, 1, 0, 132456, CURRENT, 132456, CURRENT);
INSERT INTO phase_dependency (dependency_phase_id, dependent_phase_id, dependency_start, dependent_start, lag_time, create_user, create_date, modify_user, modify_date) VALUES (80018040, 80018041, 0, 1, 0, 132456, CURRENT, 132456, CURRENT);
INSERT INTO phase_dependency (dependency_phase_id, dependent_phase_id, dependency_start, dependent_start, lag_time, create_user, create_date, modify_user, modify_date) VALUES (80018041, 80018042, 0, 1, 0, 132456, CURRENT, 132456, CURRENT);
INSERT INTO phase_dependency (dependency_phase_id, dependent_phase_id, dependency_start, dependent_start, lag_time, create_user, create_date, modify_user, modify_date) VALUES (80018042, 80018043, 0, 1, 0, 132456, CURRENT, 132456, CURRENT);
INSERT INTO phase_criteria (project_phase_id, phase_criteria_type_id, parameter, create_user, create_date, modify_user, modify_date) VALUES (80018033, 1, '30000722', 132456, CURRENT, 132456, CURRENT);
INSERT INTO phase_criteria (project_phase_id, phase_criteria_type_id, parameter, create_user, create_date, modify_user, modify_date) VALUES (80018033, 6, '1', 132456, CURRENT, 132456, CURRENT);
INSERT INTO phase_criteria (project_phase_id, phase_criteria_type_id, parameter, create_user, create_date, modify_user, modify_date) VALUES (80018034, 2, '0', 132456, CURRENT, 132456, CURRENT);
INSERT INTO phase_criteria (project_phase_id, phase_criteria_type_id, parameter, create_user, create_date, modify_user, modify_date) VALUES (80018034, 5, 'No', 132456, CURRENT, 132456, CURRENT);
INSERT INTO phase_criteria (project_phase_id, phase_criteria_type_id, parameter, create_user, create_date, modify_user, modify_date) VALUES (80018035, 3, '0', 132456, CURRENT, 132456, CURRENT);
INSERT INTO phase_criteria (project_phase_id, phase_criteria_type_id, parameter, create_user, create_date, modify_user, modify_date) VALUES (80018035, 5, 'Yes', 132456, CURRENT, 132456, CURRENT);
INSERT INTO phase_criteria (project_phase_id, phase_criteria_type_id, parameter, create_user, create_date, modify_user, modify_date) VALUES (80018036, 1, '30000410', 132456, CURRENT, 132456, CURRENT);
INSERT INTO phase_criteria (project_phase_id, phase_criteria_type_id, parameter, create_user, create_date, modify_user, modify_date) VALUES (80018036, 5, 'No', 132456, CURRENT, 132456, CURRENT);
INSERT INTO phase_criteria (project_phase_id, phase_criteria_type_id, parameter, create_user, create_date, modify_user, modify_date) VALUES (80018037, 1, '30000411', 132456, CURRENT, 132456, CURRENT);
INSERT INTO phase_criteria (project_phase_id, phase_criteria_type_id, parameter, create_user, create_date, modify_user, modify_date) VALUES (80018037, 5, 'No', 132456, CURRENT, 132456, CURRENT);
INSERT INTO phase_criteria (project_phase_id, phase_criteria_type_id, parameter, create_user, create_date, modify_user, modify_date) VALUES (80018037, 6, '3', 132456, CURRENT, 132456, CURRENT);
INSERT INTO phase_criteria (project_phase_id, phase_criteria_type_id, parameter, create_user, create_date, modify_user, modify_date) VALUES (80018038, 4, 'No', 132456, CURRENT, 132456, CURRENT);
INSERT INTO phase_criteria (project_phase_id, phase_criteria_type_id, parameter, create_user, create_date, modify_user, modify_date) VALUES (80018038, 5, 'No', 132456, CURRENT, 132456, CURRENT);
INSERT INTO phase_criteria (project_phase_id, phase_criteria_type_id, parameter, create_user, create_date, modify_user, modify_date) VALUES (80018039, 5, 'No', 132456, CURRENT, 132456, CURRENT);
INSERT INTO phase_criteria (project_phase_id, phase_criteria_type_id, parameter, create_user, create_date, modify_user, modify_date) VALUES (80018040, 5, 'No', 132456, CURRENT, 132456, CURRENT);
INSERT INTO phase_criteria (project_phase_id, phase_criteria_type_id, parameter, create_user, create_date, modify_user, modify_date) VALUES (80018041, 5, 'No', 132456, CURRENT, 132456, CURRENT);
INSERT INTO phase_criteria (project_phase_id, phase_criteria_type_id, parameter, create_user, create_date, modify_user, modify_date) VALUES (80018042, 5, 'No', 132456, CURRENT, 132456, CURRENT);
INSERT INTO phase_criteria (project_phase_id, phase_criteria_type_id, parameter, create_user, create_date, modify_user, modify_date) VALUES (80018043, 1, '30000720', 132456, CURRENT, 132456, CURRENT);
INSERT INTO phase_criteria (project_phase_id, phase_criteria_type_id, parameter, create_user, create_date, modify_user, modify_date) VALUES (80018043, 6, '1', 132456, CURRENT, 132456, CURRENT);
INSERT INTO resource (resource_id, resource_role_id, project_id, project_phase_id, create_user, create_date, modify_user, modify_date, user_id) VALUES (80018036, 13, 80018004, NULL, 132456, CURRENT, 132456, CURRENT, 132456);
INSERT INTO resource (resource_id, resource_role_id, project_id, project_phase_id, create_user, create_date, modify_user, modify_date, user_id) VALUES (80018037, 13, 80018004, NULL, 132456, CURRENT, 132456, CURRENT, 22770213);
INSERT INTO resource (resource_id, resource_role_id, project_id, project_phase_id, create_user, create_date, modify_user, modify_date, user_id) VALUES (80018038, 17, 80018004, NULL, 132456, CURRENT, 132456, CURRENT, 132458);
INSERT INTO resource (resource_id, resource_role_id, project_id, project_phase_id, create_user, create_date, modify_user, modify_date, user_id) VALUES (80018039, 18, 80018004, 80018033, 132456, CURRENT, 132456, CURRENT, 132457);
INSERT INTO resource (resource_id, resource_role_id, project_id, project_phase_id, create_user, create_date, modify_user, modify_date, user_id) VALUES (80018040, 14, 80018004, NULL, 132456, CURRENT, 132456, CURRENT, 132456);
INSERT INTO resource (resource_id, resource_role_id, project_id, project_phase_id, create_user, create_date, modify_user, modify_date, user_id) VALUES (80018041, 10, 80018004, NULL, 132456, CURRENT, 132456, CURRENT, 132458);
INSERT INTO resource_info (resource_id, resource_info_type_id, value, create_user, create_date, modify_user, modify_date) VALUES (80018036, 1, '132456', 132456, CURRENT, 132456, CURRENT);
INSERT INTO resource_info (resource_id, resource_info_type_id, value, create_user, create_date, modify_user, modify_date) VALUES (80018036, 2, 'heffan', 132456, CURRENT, 132456, CURRENT);
INSERT INTO resource_info (resource_id, resource_info_type_id, value, create_user, create_date, modify_user, modify_date) VALUES (80018036, 8, 'N/A', 132456, CURRENT, 132456, CURRENT);
INSERT INTO resource_info (resource_id, resource_info_type_id, value, create_user, create_date, modify_user, modify_date) VALUES (80018036, 6, '05.12.2016 03:16 AM', 132456, CURRENT, 132456, CURRENT);
INSERT INTO resource_info (resource_id, resource_info_type_id, value, create_user, create_date, modify_user, modify_date) VALUES (80018037, 1, '22770213', 132456, CURRENT, 132456, CURRENT);
INSERT INTO resource_info (resource_id, resource_info_type_id, value, create_user, create_date, modify_user, modify_date) VALUES (80018037, 2, 'Applications', 132456, CURRENT, 132456, CURRENT);
INSERT INTO resource_info (resource_id, resource_info_type_id, value, create_user, create_date, modify_user, modify_date) VALUES (80018037, 8, 'N/A', 132456, CURRENT, 132456, CURRENT);
INSERT INTO resource_info (resource_id, resource_info_type_id, value, create_user, create_date, modify_user, modify_date) VALUES (80018037, 6, '05.12.2016 03:17 AM', 132456, CURRENT, 132456, CURRENT);
INSERT INTO resource_info (resource_id, resource_info_type_id, value, create_user, create_date, modify_user, modify_date) VALUES (80018038, 1, '132458', 132456, CURRENT, 132456, CURRENT);
INSERT INTO resource_info (resource_id, resource_info_type_id, value, create_user, create_date, modify_user, modify_date) VALUES (80018038, 2, 'user', 132456, CURRENT, 132456, CURRENT);
INSERT INTO resource_info (resource_id, resource_info_type_id, value, create_user, create_date, modify_user, modify_date) VALUES (80018038, 8, 'N/A', 132456, CURRENT, 132456, CURRENT);
INSERT INTO resource_info (resource_id, resource_info_type_id, value, create_user, create_date, modify_user, modify_date) VALUES (80018038, 6, '05.12.2016 03:18 AM', 132456, CURRENT, 132456, CURRENT);
INSERT INTO resource_info (resource_id, resource_info_type_id, value, create_user, create_date, modify_user, modify_date) VALUES (80018039, 1, '132457', 132456, CURRENT, 132456, CURRENT);
INSERT INTO resource_info (resource_id, resource_info_type_id, value, create_user, create_date, modify_user, modify_date) VALUES (80018039, 2, 'super', 132456, CURRENT, 132456, CURRENT);
INSERT INTO resource_info (resource_id, resource_info_type_id, value, create_user, create_date, modify_user, modify_date) VALUES (80018039, 8, 'N/A', 132456, CURRENT, 132456, CURRENT);
INSERT INTO resource_info (resource_id, resource_info_type_id, value, create_user, create_date, modify_user, modify_date) VALUES (80018039, 6, '05.12.2016 02:19 AM', 132456, CURRENT, 132456, CURRENT);
INSERT INTO resource_info (resource_id, resource_info_type_id, value, create_user, create_date, modify_user, modify_date) VALUES (80018040, 1, '132456', 132456, CURRENT, 132456, CURRENT);
INSERT INTO resource_info (resource_id, resource_info_type_id, value, create_user, create_date, modify_user, modify_date) VALUES (80018040, 2, 'heffan', 132456, CURRENT, 132456, CURRENT);
INSERT INTO resource_info (resource_id, resource_info_type_id, value, create_user, create_date, modify_user, modify_date) VALUES (80018040, 8, 'N/A', 132456, CURRENT, 132456, CURRENT);
INSERT INTO resource_info (resource_id, resource_info_type_id, value, create_user, create_date, modify_user, modify_date) VALUES (80018040, 6, '05.12.2016 03:20 AM', 132456, CURRENT, 132456, CURRENT);
INSERT INTO resource_info (resource_id, resource_info_type_id, value, create_user, create_date, modify_user, modify_date) VALUES (80018041, 1, '132458', 132456, CURRENT, 132456, CURRENT);
INSERT INTO resource_info (resource_id, resource_info_type_id, value, create_user, create_date, modify_user, modify_date) VALUES (80018041, 2, 'user', 132456, CURRENT, 132456, CURRENT);
INSERT INTO resource_info (resource_id, resource_info_type_id, value, create_user, create_date, modify_user, modify_date) VALUES (80018041, 8, 'N/A', 132456, CURRENT, 132456, CURRENT);
INSERT INTO resource_info (resource_id, resource_info_type_id, value, create_user, create_date, modify_user, modify_date) VALUES (80018041, 6, '05.12.2016 03:21 AM', 132456, CURRENT, 132456, CURRENT);
INSERT INTO upload (upload_id, project_id, resource_id, upload_type_id, upload_status_id, parameter, create_user, create_date, modify_user, modify_date, project_phase_id) VALUES (80018009, 80018004, 80018038, 1, 1, '80018004_80018038_80018009.zip', 132458, '2016-05-12 03:18:09', 132458, CURRENT, 80018032);
INSERT INTO submission (submission_id, upload_id, submission_status_id, screening_score, initial_score, final_score, placement, submission_type_id, create_user, create_date, modify_user, modify_date, prize_id) VALUES (80018006, 80018009, 1, null, null, null, null, 2, 132458, '2016-05-12 12:02:38', 132458, '2016-05-12 12:02:38', null);
INSERT INTO resource_submission (resource_id, submission_id, create_user, create_date, modify_user, modify_date) VALUES (80018038, 80018006, 132458, CURRENT, 132458, CURRENT);
INSERT INTO review (review_id, resource_id, submission_id, scorecard_id, committed, initial_score, score, create_user, create_date, modify_user, modify_date, project_phase_id) VALUES (80018011, 80018039, 80018006, 30000722, 0, null, null, 132457, CURRENT, 132457, CURRENT, 80018033);
INSERT INTO review_comment (review_comment_id, resource_id, review_id, comment_type_id, content, extra_info, sort, create_user, create_date, modify_user, modify_date) VALUES (80018005, 80018039, 80018011, 14, '', 'Approved', 0, 132457, CURRENT, 132457, CURRENT);
INSERT INTO review_item (review_item_id, review_id, scorecard_question_id, upload_id, answer, sort, create_user, create_date, modify_user, modify_date) VALUES (80018011, 80018011, 30001008, null, '3/4', 0, 132457, CURRENT, 132457, CURRENT);
INSERT INTO review_item_comment (review_item_comment_id, resource_id, review_item_id, comment_type_id, content, extra_info, sort, create_user, create_date, modify_user, modify_date) VALUES (80018022, 80018039, 80018011, 1, 'OK', NULL, 0, 132457, CURRENT, 132457, CURRENT);
INSERT INTO notification (project_id, external_ref_id, notification_type_id, create_user, create_date, modify_user, modify_date) VALUES (80018004, 132458, 1, 132456, CURRENT, 132456, CURRENT);
INSERT INTO notification (project_id, external_ref_id, notification_type_id, create_user, create_date, modify_user, modify_date) VALUES (80018004, 132456, 1, 132456, CURRENT, 132456, CURRENT);
INSERT INTO notification (project_id, external_ref_id, notification_type_id, create_user, create_date, modify_user, modify_date) VALUES (80018004, 132457, 1, 132456, CURRENT, 132456, CURRENT);
INSERT INTO notification (project_id, external_ref_id, notification_type_id, create_user, create_date, modify_user, modify_date) VALUES (80018004, 22770213, 1, 132456, CURRENT, 132456, CURRENT);
INSERT INTO contest_sale (contest_sale_id, contest_id, sale_status_id, price, paypal_order_id, create_date, sale_reference_id, sale_type_id) VALUES (80018004, 80018004, 1, 8436.0, 'PO BOX 80018001', CURRENT, 'PO BOX 80018001', 2);
INSERT INTO project_payment (project_payment_id, project_payment_type_id, resource_id, submission_id, amount, pacts_payment_id, create_user,create_date, modify_user, modify_date) VALUES (80018011, 4, 80018040, null, 350.0, null, 132456, CURRENT, 132456, CURRENT);
INSERT INTO contest_milestone_xref (contest_id, project_milestone_id, create_user, create_date, modify_user, modify_date) VALUES (80018004, 800180010, 132456, CURRENT, 132456, CURRENT);
INSERT INTO review_auction (review_auction_id, project_id, review_auction_type_id) VALUES (80028004, 80018004, 3);
INSERT INTO review_auction (review_auction_id, project_id, review_auction_type_id) VALUES (80018004, 80018004, 1);
INSERT INTO comp_catalog (component_id, current_version, short_desc, component_name, description, function_desc, create_time, status_id, root_category_id, modify_date, public_ind)  VALUES (80018005, 1, 'Short description for UI Prototypes Contest 5', 'UI Prototypes Contest 5', 'Description for UI Prototypes Contest 5', 'Functional description for UI Prototypes Contest 5', CURRENT, 1, 27202911, CURRENT, 1);
INSERT INTO comp_categories (comp_categories_id, component_id, category_id)  VALUES (80018005, 80018005, 27202911);
INSERT INTO comp_versions (comp_vers_id, component_id, version, version_text, create_time, phase_id, phase_time, price, comments, modify_date, suspended_ind) VALUES (80018005, 80018005, 1, '1.0', CURRENT, 112, CURRENT, 1200.0, 'Comments for version #1', CURRENT, 0);
INSERT INTO comp_version_dates (comp_version_dates_id, comp_vers_id, phase_id, posting_date, initial_submission_date, winner_announced_date, final_submission_date, estimated_dev_date, price, total_submissions, status_id, create_time, level_id, screening_complete_date, review_complete_date, aggregation_complete_date, phase_complete_date, production_date, aggregation_complete_date_comment, phase_complete_date_comment, review_complete_date_comment, winner_announced_date_comment, initial_submission_date_comment, screening_complete_date_comment, final_submission_date_comment, production_date_comment, modify_date) VALUES (80018005, 80018005, 112, '1976-06-05', '2000-02-01', '2000-02-01', '2000-02-01', '2000-02-01', 0.00, 0, 301, CURRENT, 100, '2000-02-01', '2000-02-01', '2000-02-01', '2000-02-01', null, null, null, null, null, null, null, null, null, CURRENT);
INSERT INTO comp_technology (comp_tech_id, comp_vers_id, technology_type_id) VALUES (800180050, 80018005, 27093852);
INSERT INTO comp_technology (comp_tech_id, comp_vers_id, technology_type_id) VALUES (800180051, 80018005, 22839204);
INSERT INTO comp_technology (comp_tech_id, comp_vers_id, technology_type_id) VALUES (800180052, 80018005, 12);
INSERT INTO comp_technology (comp_tech_id, comp_vers_id, technology_type_id) VALUES (800180053, 80018005, 26854283);
INSERT INTO comp_technology (comp_tech_id, comp_vers_id, technology_type_id) VALUES (800180054, 80018005, 10);
INSERT INTO project (project_id, project_status_id, project_category_id, create_user, create_date, modify_user, modify_date, tc_direct_project_id, project_studio_spec_id) VALUES (80018005, 1, 19, 132456, CURRENT, 132456, CURRENT, 80018001, NULL);
INSERT INTO project_info (project_id, project_info_type_id, value, create_user, create_date, modify_user, modify_date) VALUES (80018005, 1, '80018005', 132456, CURRENT, 132456, CURRENT);
INSERT INTO project_info (project_id, project_info_type_id, value, create_user, create_date, modify_user, modify_date) VALUES (80018005, 2, '80018005', 132456, CURRENT, 132456, CURRENT);
INSERT INTO project_info (project_id, project_info_type_id, value, create_user, create_date, modify_user, modify_date) VALUES (80018005, 3, '80018005', 132456, CURRENT, 132456, CURRENT);
INSERT INTO project_info (project_id, project_info_type_id, value, create_user, create_date, modify_user, modify_date) VALUES (80018005, 4, '80018006', 132456, CURRENT, 132456, CURRENT);
INSERT INTO comp_jive_category_xref (comp_vers_id, jive_category_id) VALUES (80018005, 0);
INSERT INTO project_info (project_id, project_info_type_id, value, create_user, create_date, modify_user, modify_date) VALUES (80018005, 5, '27202911', 132456, CURRENT, 132456, CURRENT);
INSERT INTO project_info (project_id, project_info_type_id, value, create_user, create_date, modify_user, modify_date) VALUES (80018005, 6, 'UI Prototypes Contest 5', 132456, CURRENT, 132456, CURRENT);
INSERT INTO project_info (project_id, project_info_type_id, value, create_user, create_date, modify_user, modify_date) VALUES (80018005, 7, '1.0', 132456, CURRENT, 132456, CURRENT);
INSERT INTO project_info (project_id, project_info_type_id, value, create_user, create_date, modify_user, modify_date) VALUES (80018005, 8, '', 132456, CURRENT, 132456, CURRENT);
INSERT INTO project_info (project_id, project_info_type_id, value, create_user, create_date, modify_user, modify_date) VALUES (80018005, 11, 'On', 132456, CURRENT, 132456, CURRENT);
INSERT INTO project_info (project_id, project_info_type_id, value, create_user, create_date, modify_user, modify_date) VALUES (80018005, 9, 'On', 132456, CURRENT, 132456, CURRENT);
INSERT INTO project_info (project_id, project_info_type_id, value, create_user, create_date, modify_user, modify_date) VALUES (80018005, 10, 'On', 132456, CURRENT, 132456, CURRENT);
INSERT INTO project_info (project_id, project_info_type_id, value, create_user, create_date, modify_user, modify_date) VALUES (80018005, 12, 'Yes', 132456, CURRENT, 132456, CURRENT);
INSERT INTO project_info (project_id, project_info_type_id, value, create_user, create_date, modify_user, modify_date) VALUES (80018005, 13, 'Yes', 132456, CURRENT, 132456, CURRENT);
INSERT INTO project_info (project_id, project_info_type_id, value, create_user, create_date, modify_user, modify_date) VALUES (80018005, 14, 'Open', 132456, CURRENT, 132456, CURRENT);
INSERT INTO project_info (project_id, project_info_type_id, value, create_user, create_date, modify_user, modify_date) VALUES (80018005, 16, '1200.0', 132456, CURRENT, 132456, CURRENT);
INSERT INTO project_info (project_id, project_info_type_id, value, create_user, create_date, modify_user, modify_date) VALUES (80018005, 17, '', 132456, CURRENT, 132456, CURRENT);
INSERT INTO project_info (project_id, project_info_type_id, value, create_user, create_date, modify_user, modify_date) VALUES (80018005, 26, 'On', 132456, CURRENT, 132456, CURRENT);
INSERT INTO project_info (project_id, project_info_type_id, value, create_user, create_date, modify_user, modify_date) VALUES (80018005, 30, '540.0', 132456, CURRENT, 132456, CURRENT);
INSERT INTO project_info (project_id, project_info_type_id, value, create_user, create_date, modify_user, modify_date) VALUES (80018005, 31, '6001.0', 132456, CURRENT, 132456, CURRENT);
INSERT INTO project_info (project_id, project_info_type_id, value, create_user, create_date, modify_user, modify_date) VALUES (80018005, 33, '761.0', 132456, CURRENT, 132456, CURRENT);
INSERT INTO project_info (project_id, project_info_type_id, value, create_user, create_date, modify_user, modify_date) VALUES (80018005, 35, '30.0', 132456, CURRENT, 132456, CURRENT);
INSERT INTO project_info (project_id, project_info_type_id, value, create_user, create_date, modify_user, modify_date) VALUES (80018005, 36, '1200.0', 132456, CURRENT, 132456, CURRENT);
INSERT INTO project_info (project_id, project_info_type_id, value, create_user, create_date, modify_user, modify_date) VALUES (80018005, 37, '600.0', 132456, CURRENT, 132456, CURRENT);
INSERT INTO project_info (project_id, project_info_type_id, value, create_user, create_date, modify_user, modify_date) VALUES (80018005, 45, 'true', 132456, CURRENT, 132456, CURRENT);
INSERT INTO project_info (project_id, project_info_type_id, value, create_user, create_date, modify_user, modify_date) VALUES (80018005, 47, 'true', 132456, CURRENT, 132456, CURRENT);
INSERT INTO project_info (project_id, project_info_type_id, value, create_user, create_date, modify_user, modify_date) VALUES (80018005, 38, '380.0', 132456, CURRENT, 132456, CURRENT);
INSERT INTO project_info (project_id, project_info_type_id, value, create_user, create_date, modify_user, modify_date) VALUES (80018005, 39, '0.0', 132456, CURRENT, 132456, CURRENT);
INSERT INTO project_info (project_id, project_info_type_id, value, create_user, create_date, modify_user, modify_date) VALUES (80018005, 40, 'C', 132456, CURRENT, 132456, CURRENT);
INSERT INTO project_info (project_id, project_info_type_id, value, create_user, create_date, modify_user, modify_date) VALUES (80018005, 32, '80018001', 132456, CURRENT, 132456, CURRENT);
INSERT INTO project_info (project_id, project_info_type_id, value, create_user, create_date, modify_user, modify_date) VALUES (80018005, 41, 'true', 132456, CURRENT, 132456, CURRENT);
INSERT INTO project_info (project_id, project_info_type_id, value, create_user, create_date, modify_user, modify_date) VALUES (80018005, 43, 'true', 132456, CURRENT, 132456, CURRENT);
INSERT INTO project_info (project_id, project_info_type_id, value, create_user, create_date, modify_user, modify_date) VALUES (80018005, 44, 'false', 132456, CURRENT, 132456, CURRENT);
INSERT INTO project_info (project_id, project_info_type_id, value, create_user, create_date, modify_user, modify_date) VALUES (80018005, 46, 'true', 132456, CURRENT, 132456, CURRENT);
INSERT INTO project_info (project_id, project_info_type_id, value, create_user, create_date, modify_user, modify_date) VALUES (80018005, 48, 'true', 132456, CURRENT, 132456, CURRENT);
INSERT INTO project_info (project_id, project_info_type_id, value, create_user, create_date, modify_user, modify_date) VALUES (80018005, 49, '500', 132456, CURRENT, 132456, CURRENT);
INSERT INTO project_info (project_id, project_info_type_id, value, create_user, create_date, modify_user, modify_date) VALUES (80018005, 59, 'true', 132456, CURRENT, 132456, CURRENT);
INSERT INTO prize (prize_id, place, prize_amount, prize_type_id, number_of_submissions,                    create_user, create_date, modify_user, modify_date, project_id) VALUES (80018009, 1, 1200.0, 15, 1, 132456, CURRENT, 132456, CURRENT, 80018005);
INSERT INTO prize (prize_id, place, prize_amount, prize_type_id, number_of_submissions,                    create_user, create_date, modify_user, modify_date, project_id) VALUES (80018010, 2, 600.0, 15, 1, 132456, CURRENT, 132456, CURRENT, 80018005);
INSERT INTO prize (prize_id, place, prize_amount, prize_type_id, number_of_submissions,                    create_user, create_date, modify_user, modify_date, project_id) VALUES (80018011, 1, 75.0, 14, 1, 132456, CURRENT, 132456, CURRENT, 80018005);
INSERT INTO project_spec (project_spec_id, project_id, version, detailed_requirements, submission_deliverables, environment_setup_instruction, final_submission_guidelines, private_description, create_user, create_date, modify_user, modify_date) VALUES (80018005, 80018005, 1, 'Detailed requirements for UI Prototypes Contest 5', '', '', 'Final submission guidelines for UI Prototypes Contest 5', '', 132456, CURRENT, 132456, CURRENT);
INSERT INTO project_phase (project_phase_id, project_id, phase_type_id, phase_status_id, fixed_start_time, scheduled_start_time, scheduled_end_time, actual_start_time, actual_end_time, duration, create_user, create_date, modify_user, modify_date) VALUES (80018044, 80018005, 13, 3, CURRENT + -9480 UNITS MINUTE, CURRENT + -9480 UNITS MINUTE, CURRENT + -6600 UNITS MINUTE, CURRENT + -9480 UNITS MINUTE, CURRENT + -6600 UNITS MINUTE, 172800000, 132456, CURRENT, 132456, CURRENT);
INSERT INTO project_phase (project_phase_id, project_id, phase_type_id, phase_status_id, fixed_start_time, scheduled_start_time, scheduled_end_time, actual_start_time, actual_end_time, duration, create_user, create_date, modify_user, modify_date) VALUES (80018045, 80018005, 14, 3, null, CURRENT + -6600 UNITS MINUTE, CURRENT + -6480 UNITS MINUTE, CURRENT + -6600 UNITS MINUTE, CURRENT + -6480 UNITS MINUTE, 7200000, 132456, CURRENT, 132456, CURRENT);
INSERT INTO project_phase (project_phase_id, project_id, phase_type_id, phase_status_id, fixed_start_time, scheduled_start_time, scheduled_end_time, actual_start_time, actual_end_time, duration, create_user, create_date, modify_user, modify_date) VALUES (80018046, 80018005, 1, 3, CURRENT + -6480 UNITS MINUTE, CURRENT + -6480 UNITS MINUTE, CURRENT + -3600 UNITS MINUTE, CURRENT + -6480 UNITS MINUTE, CURRENT + -3600 UNITS MINUTE, 172800000, 132456, CURRENT, 132456, CURRENT);
INSERT INTO project_phase (project_phase_id, project_id, phase_type_id, phase_status_id, fixed_start_time, scheduled_start_time, scheduled_end_time, actual_start_time, actual_end_time, duration, create_user, create_date, modify_user, modify_date) VALUES (80018047, 80018005, 15, 3, null, CURRENT + -6480 UNITS MINUTE, CURRENT + -2160 UNITS MINUTE, CURRENT + -6480 UNITS MINUTE, CURRENT + -2160 UNITS MINUTE, 259200000, 132456, CURRENT, 132456, CURRENT);
INSERT INTO project_phase (project_phase_id, project_id, phase_type_id, phase_status_id, fixed_start_time, scheduled_start_time, scheduled_end_time, actual_start_time, actual_end_time, duration, create_user, create_date, modify_user, modify_date) VALUES (80018048, 80018005, 16, 3, null, CURRENT + -2160 UNITS MINUTE, CURRENT + 2160 UNITS MINUTE, CURRENT + -2160 UNITS MINUTE, CURRENT + 2160 UNITS MINUTE, 259200000, 132456, CURRENT, 132456, CURRENT);
INSERT INTO project_phase (project_phase_id, project_id, phase_type_id, phase_status_id, fixed_start_time, scheduled_start_time, scheduled_end_time, actual_start_time, actual_end_time, duration, create_user, create_date, modify_user, modify_date) VALUES (80018049, 80018005, 17, 3, null, CURRENT + 2160 UNITS MINUTE, CURRENT + 3600 UNITS MINUTE, CURRENT + 2160 UNITS MINUTE, CURRENT + 3600 UNITS MINUTE, 86400000, 132456, CURRENT, 132456, CURRENT);
INSERT INTO project_phase (project_phase_id, project_id, phase_type_id, phase_status_id, fixed_start_time, scheduled_start_time, scheduled_end_time, actual_start_time, actual_end_time, duration, create_user, create_date, modify_user, modify_date) VALUES (80018050, 80018005, 2, 2, null, CURRENT + -6480 UNITS MINUTE, CURRENT + 720 UNITS MINUTE, CURRENT + -6480 UNITS MINUTE, null, 432000000, 132456, CURRENT, 132456, CURRENT);
INSERT INTO project_phase (project_phase_id, project_id, phase_type_id, phase_status_id, fixed_start_time, scheduled_start_time, scheduled_end_time, actual_start_time, actual_end_time, duration, create_user, create_date, modify_user, modify_date) VALUES (80018051, 80018005, 3, 1, null, CURRENT + 720 UNITS MINUTE, CURRENT + 1440 UNITS MINUTE, null, null, 43200000, 132456, CURRENT, 132456, CURRENT);
INSERT INTO project_phase (project_phase_id, project_id, phase_type_id, phase_status_id, fixed_start_time, scheduled_start_time, scheduled_end_time, actual_start_time, actual_end_time, duration, create_user, create_date, modify_user, modify_date) VALUES (80018052, 80018005, 4, 1, null, CURRENT + 1440 UNITS MINUTE, CURRENT + 4320 UNITS MINUTE, null, null, 172800000, 132456, CURRENT, 132456, CURRENT);
INSERT INTO project_phase (project_phase_id, project_id, phase_type_id, phase_status_id, fixed_start_time, scheduled_start_time, scheduled_end_time, actual_start_time, actual_end_time, duration, create_user, create_date, modify_user, modify_date) VALUES (80018053, 80018005, 5, 1, null, CURRENT + 4320 UNITS MINUTE, CURRENT + 5760 UNITS MINUTE, null, null, 86400000, 132456, CURRENT, 132456, CURRENT);
INSERT INTO project_phase (project_phase_id, project_id, phase_type_id, phase_status_id, fixed_start_time, scheduled_start_time, scheduled_end_time, actual_start_time, actual_end_time, duration, create_user, create_date, modify_user, modify_date) VALUES (80018054, 80018005, 6, 1, null, CURRENT + 5760 UNITS MINUTE, CURRENT + 6480 UNITS MINUTE, null, null, 43200000, 132456, CURRENT, 132456, CURRENT);
INSERT INTO project_phase (project_phase_id, project_id, phase_type_id, phase_status_id, fixed_start_time, scheduled_start_time, scheduled_end_time, actual_start_time, actual_end_time, duration, create_user, create_date, modify_user, modify_date) VALUES (80018055, 80018005, 7, 1, null, CURRENT + 6480 UNITS MINUTE, CURRENT + 7200 UNITS MINUTE, null, null, 43200000, 132456, CURRENT, 132456, CURRENT);
INSERT INTO project_phase (project_phase_id, project_id, phase_type_id, phase_status_id, fixed_start_time, scheduled_start_time, scheduled_end_time, actual_start_time, actual_end_time, duration, create_user, create_date, modify_user, modify_date) VALUES (80018056, 80018005, 9, 1, null, CURRENT + 7200 UNITS MINUTE, CURRENT + 8640 UNITS MINUTE, null, null, 86400000, 132456, CURRENT, 132456, CURRENT);
INSERT INTO project_phase (project_phase_id, project_id, phase_type_id, phase_status_id, fixed_start_time, scheduled_start_time, scheduled_end_time, actual_start_time, actual_end_time, duration, create_user, create_date, modify_user, modify_date) VALUES (80018057, 80018005, 10, 1, null, CURRENT + 8640 UNITS MINUTE, CURRENT + 9360 UNITS MINUTE, null, null, 43200000, 132456, CURRENT, 132456, CURRENT);
INSERT INTO project_phase (project_phase_id, project_id, phase_type_id, phase_status_id, fixed_start_time, scheduled_start_time, scheduled_end_time, actual_start_time, actual_end_time, duration, create_user, create_date, modify_user, modify_date) VALUES (80018058, 80018005, 11, 1, null, CURRENT + 9360 UNITS MINUTE, CURRENT + 16560 UNITS MINUTE, null, null, 432000000, 132456, CURRENT, 132456, CURRENT);
INSERT INTO phase_dependency (dependency_phase_id, dependent_phase_id, dependency_start, dependent_start, lag_time, create_user, create_date, modify_user, modify_date) VALUES (80018044, 80018045, 0, 1, 0, 132456, CURRENT, 132456, CURRENT);
INSERT INTO phase_dependency (dependency_phase_id, dependent_phase_id, dependency_start, dependent_start, lag_time, create_user, create_date, modify_user, modify_date) VALUES (80018045, 80018046, 0, 1, 0, 132456, CURRENT, 132456, CURRENT);
INSERT INTO phase_dependency (dependency_phase_id, dependent_phase_id, dependency_start, dependent_start, lag_time, create_user, create_date, modify_user, modify_date) VALUES (80018046, 80018047, 1, 1, 0, 132456, CURRENT, 132456, CURRENT);
INSERT INTO phase_dependency (dependency_phase_id, dependent_phase_id, dependency_start, dependent_start, lag_time, create_user, create_date, modify_user, modify_date) VALUES (80018047, 80018048, 0, 1, 0, 132456, CURRENT, 132456, CURRENT);
INSERT INTO phase_dependency (dependency_phase_id, dependent_phase_id, dependency_start, dependent_start, lag_time, create_user, create_date, modify_user, modify_date) VALUES (80018048, 80018049, 0, 1, 0, 132456, CURRENT, 132456, CURRENT);
INSERT INTO phase_dependency (dependency_phase_id, dependent_phase_id, dependency_start, dependent_start, lag_time, create_user, create_date, modify_user, modify_date) VALUES (80018046, 80018050, 1, 1, 0, 132456, CURRENT, 132456, CURRENT);
INSERT INTO phase_dependency (dependency_phase_id, dependent_phase_id, dependency_start, dependent_start, lag_time, create_user, create_date, modify_user, modify_date) VALUES (80018050, 80018051, 0, 1, 0, 132456, CURRENT, 132456, CURRENT);
INSERT INTO phase_dependency (dependency_phase_id, dependent_phase_id, dependency_start, dependent_start, lag_time, create_user, create_date, modify_user, modify_date) VALUES (80018051, 80018052, 0, 1, 0, 132456, CURRENT, 132456, CURRENT);
INSERT INTO phase_dependency (dependency_phase_id, dependent_phase_id, dependency_start, dependent_start, lag_time, create_user, create_date, modify_user, modify_date) VALUES (80018052, 80018053, 0, 1, 0, 132456, CURRENT, 132456, CURRENT);
INSERT INTO phase_dependency (dependency_phase_id, dependent_phase_id, dependency_start, dependent_start, lag_time, create_user, create_date, modify_user, modify_date) VALUES (80018053, 80018054, 0, 1, 0, 132456, CURRENT, 132456, CURRENT);
INSERT INTO phase_dependency (dependency_phase_id, dependent_phase_id, dependency_start, dependent_start, lag_time, create_user, create_date, modify_user, modify_date) VALUES (80018054, 80018055, 0, 1, 0, 132456, CURRENT, 132456, CURRENT);
INSERT INTO phase_dependency (dependency_phase_id, dependent_phase_id, dependency_start, dependent_start, lag_time, create_user, create_date, modify_user, modify_date) VALUES (80018055, 80018056, 0, 1, 0, 132456, CURRENT, 132456, CURRENT);
INSERT INTO phase_dependency (dependency_phase_id, dependent_phase_id, dependency_start, dependent_start, lag_time, create_user, create_date, modify_user, modify_date) VALUES (80018056, 80018057, 0, 1, 0, 132456, CURRENT, 132456, CURRENT);
INSERT INTO phase_dependency (dependency_phase_id, dependent_phase_id, dependency_start, dependent_start, lag_time, create_user, create_date, modify_user, modify_date) VALUES (80018057, 80018058, 0, 1, 0, 132456, CURRENT, 132456, CURRENT);
INSERT INTO phase_criteria (project_phase_id, phase_criteria_type_id, parameter, create_user, create_date, modify_user, modify_date) VALUES (80018045, 1, '30000722', 132456, CURRENT, 132456, CURRENT);
INSERT INTO phase_criteria (project_phase_id, phase_criteria_type_id, parameter, create_user, create_date, modify_user, modify_date) VALUES (80018045, 6, '1', 132456, CURRENT, 132456, CURRENT);
INSERT INTO phase_criteria (project_phase_id, phase_criteria_type_id, parameter, create_user, create_date, modify_user, modify_date) VALUES (80018046, 2, '0', 132456, CURRENT, 132456, CURRENT);
INSERT INTO phase_criteria (project_phase_id, phase_criteria_type_id, parameter, create_user, create_date, modify_user, modify_date) VALUES (80018046, 5, 'No', 132456, CURRENT, 132456, CURRENT);
INSERT INTO phase_criteria (project_phase_id, phase_criteria_type_id, parameter, create_user, create_date, modify_user, modify_date) VALUES (80018047, 3, '0', 132456, CURRENT, 132456, CURRENT);
INSERT INTO phase_criteria (project_phase_id, phase_criteria_type_id, parameter, create_user, create_date, modify_user, modify_date) VALUES (80018047, 5, 'Yes', 132456, CURRENT, 132456, CURRENT);
INSERT INTO phase_criteria (project_phase_id, phase_criteria_type_id, parameter, create_user, create_date, modify_user, modify_date) VALUES (80018048, 1, '30000416', 132456, CURRENT, 132456, CURRENT);
INSERT INTO phase_criteria (project_phase_id, phase_criteria_type_id, parameter, create_user, create_date, modify_user, modify_date) VALUES (80018048, 5, 'No', 132456, CURRENT, 132456, CURRENT);
INSERT INTO phase_criteria (project_phase_id, phase_criteria_type_id, parameter, create_user, create_date, modify_user, modify_date) VALUES (80018049, 1, '30000417', 132456, CURRENT, 132456, CURRENT);
INSERT INTO phase_criteria (project_phase_id, phase_criteria_type_id, parameter, create_user, create_date, modify_user, modify_date) VALUES (80018049, 5, 'No', 132456, CURRENT, 132456, CURRENT);
INSERT INTO phase_criteria (project_phase_id, phase_criteria_type_id, parameter, create_user, create_date, modify_user, modify_date) VALUES (80018049, 6, '3', 132456, CURRENT, 132456, CURRENT);
INSERT INTO phase_criteria (project_phase_id, phase_criteria_type_id, parameter, create_user, create_date, modify_user, modify_date) VALUES (80018050, 3, '0', 132456, CURRENT, 132456, CURRENT);
INSERT INTO phase_criteria (project_phase_id, phase_criteria_type_id, parameter, create_user, create_date, modify_user, modify_date) VALUES (80018050, 5, 'Yes', 132456, CURRENT, 132456, CURRENT);
INSERT INTO phase_criteria (project_phase_id, phase_criteria_type_id, parameter, create_user, create_date, modify_user, modify_date) VALUES (80018051, 1, '30000410', 132456, CURRENT, 132456, CURRENT);
INSERT INTO phase_criteria (project_phase_id, phase_criteria_type_id, parameter, create_user, create_date, modify_user, modify_date) VALUES (80018051, 5, 'No', 132456, CURRENT, 132456, CURRENT);
INSERT INTO phase_criteria (project_phase_id, phase_criteria_type_id, parameter, create_user, create_date, modify_user, modify_date) VALUES (80018052, 1, '30000411', 132456, CURRENT, 132456, CURRENT);
INSERT INTO phase_criteria (project_phase_id, phase_criteria_type_id, parameter, create_user, create_date, modify_user, modify_date) VALUES (80018052, 5, 'No', 132456, CURRENT, 132456, CURRENT);
INSERT INTO phase_criteria (project_phase_id, phase_criteria_type_id, parameter, create_user, create_date, modify_user, modify_date) VALUES (80018052, 6, '3', 132456, CURRENT, 132456, CURRENT);
INSERT INTO phase_criteria (project_phase_id, phase_criteria_type_id, parameter, create_user, create_date, modify_user, modify_date) VALUES (80018053, 4, 'No', 132456, CURRENT, 132456, CURRENT);
INSERT INTO phase_criteria (project_phase_id, phase_criteria_type_id, parameter, create_user, create_date, modify_user, modify_date) VALUES (80018053, 5, 'No', 132456, CURRENT, 132456, CURRENT);
INSERT INTO phase_criteria (project_phase_id, phase_criteria_type_id, parameter, create_user, create_date, modify_user, modify_date) VALUES (80018054, 5, 'No', 132456, CURRENT, 132456, CURRENT);
INSERT INTO phase_criteria (project_phase_id, phase_criteria_type_id, parameter, create_user, create_date, modify_user, modify_date) VALUES (80018055, 5, 'No', 132456, CURRENT, 132456, CURRENT);
INSERT INTO phase_criteria (project_phase_id, phase_criteria_type_id, parameter, create_user, create_date, modify_user, modify_date) VALUES (80018056, 5, 'No', 132456, CURRENT, 132456, CURRENT);
INSERT INTO phase_criteria (project_phase_id, phase_criteria_type_id, parameter, create_user, create_date, modify_user, modify_date) VALUES (80018057, 5, 'No', 132456, CURRENT, 132456, CURRENT);
INSERT INTO phase_criteria (project_phase_id, phase_criteria_type_id, parameter, create_user, create_date, modify_user, modify_date) VALUES (80018058, 1, '30000720', 132456, CURRENT, 132456, CURRENT);
INSERT INTO phase_criteria (project_phase_id, phase_criteria_type_id, parameter, create_user, create_date, modify_user, modify_date) VALUES (80018058, 6, '1', 132456, CURRENT, 132456, CURRENT);
INSERT INTO resource (resource_id, resource_role_id, project_id, project_phase_id, create_user, create_date, modify_user, modify_date, user_id) VALUES (80018042, 13, 80018005, NULL, 132456, CURRENT, 132456, CURRENT, 132456);
INSERT INTO resource (resource_id, resource_role_id, project_id, project_phase_id, create_user, create_date, modify_user, modify_date, user_id) VALUES (80018043, 13, 80018005, NULL, 132456, CURRENT, 132456, CURRENT, 22770213);
INSERT INTO resource (resource_id, resource_role_id, project_id, project_phase_id, create_user, create_date, modify_user, modify_date, user_id) VALUES (80018044, 17, 80018005, NULL, 132456, CURRENT, 132456, CURRENT, 132458);
INSERT INTO resource (resource_id, resource_role_id, project_id, project_phase_id, create_user, create_date, modify_user, modify_date, user_id) VALUES (80018045, 18, 80018005, 80018045, 132456, CURRENT, 132456, CURRENT, 124916);
INSERT INTO resource (resource_id, resource_role_id, project_id, project_phase_id, create_user, create_date, modify_user, modify_date, user_id) VALUES (80018046, 1, 80018005, NULL, 132456, CURRENT, 132456, CURRENT, 80018015);
INSERT INTO component_inquiry (component_inquiry_id, component_id, user_id, comment, agreed_to_terms, rating, phase, tc_user_id, version, create_time, project_id) VALUES (80018010, 80018005, 80018015, null, 1, 0, 130, 80018015, 0, CURRENT, 80018005);
INSERT INTO project_result (user_id, project_id, old_rating, new_rating, raw_score, final_score, payment, placed, rating_ind, valid_submission_ind, create_date, modify_date, passed_review_ind, point_adjustment, rating_order) VALUES (80018015, 80018005, null, null, null, null, null, null, 0, 0, CURRENT, CURRENT, null, null, null);
UPDATE user_rating SET rating = 0 WHERE user_id = 80018015 AND phase_id = 130;
INSERT INTO resource (resource_id, resource_role_id, project_id, project_phase_id, create_user, create_date, modify_user, modify_date, user_id) VALUES (80018047, 1, 80018005, NULL, 132456, CURRENT, 132456, CURRENT, 80018019);
INSERT INTO component_inquiry (component_inquiry_id, component_id, user_id, comment, agreed_to_terms, rating, phase, tc_user_id, version, create_time, project_id) VALUES (80018011, 80018005, 80018019, null, 1, 0, 130, 80018019, 0, CURRENT, 80018005);
INSERT INTO project_result (user_id, project_id, old_rating, new_rating, raw_score, final_score, payment, placed, rating_ind, valid_submission_ind, create_date, modify_date, passed_review_ind, point_adjustment, rating_order) VALUES (80018019, 80018005, null, null, null, null, null, null, 0, 0, CURRENT, CURRENT, null, null, null);
UPDATE user_rating SET rating = 0 WHERE user_id = 80018019 AND phase_id = 130;
INSERT INTO resource (resource_id, resource_role_id, project_id, project_phase_id, create_user, create_date, modify_user, modify_date, user_id) VALUES (80018048, 1, 80018005, NULL, 132456, CURRENT, 132456, CURRENT, 80018018);
INSERT INTO component_inquiry (component_inquiry_id, component_id, user_id, comment, agreed_to_terms, rating, phase, tc_user_id, version, create_time, project_id) VALUES (80018012, 80018005, 80018018, null, 1, 0, 130, 80018018, 0, CURRENT, 80018005);
INSERT INTO project_result (user_id, project_id, old_rating, new_rating, raw_score, final_score, payment, placed, rating_ind, valid_submission_ind, create_date, modify_date, passed_review_ind, point_adjustment, rating_order) VALUES (80018018, 80018005, null, null, null, null, null, null, 0, 0, CURRENT, CURRENT, null, null, null);
UPDATE user_rating SET rating = 0 WHERE user_id = 80018018 AND phase_id = 130;
INSERT INTO resource (resource_id, resource_role_id, project_id, project_phase_id, create_user, create_date, modify_user, modify_date, user_id) VALUES (80018049, 19, 80018005, 80018048, 132456, CURRENT, 132456, CURRENT, 124836);
INSERT INTO resource (resource_id, resource_role_id, project_id, project_phase_id, create_user, create_date, modify_user, modify_date, user_id) VALUES (80018050, 20, 80018005, 80018049, 132456, CURRENT, 132456, CURRENT, 124836);
INSERT INTO resource (resource_id, resource_role_id, project_id, project_phase_id, create_user, create_date, modify_user, modify_date, user_id) VALUES (80018051, 2, 80018005, 80018051, 132456, CURRENT, 132456, CURRENT, 124835);
INSERT INTO resource (resource_id, resource_role_id, project_id, project_phase_id, create_user, create_date, modify_user, modify_date, user_id) VALUES (80018052, 4, 80018005, 80018052, 132456, CURRENT, 132456, CURRENT, 124835);
INSERT INTO resource (resource_id, resource_role_id, project_id, project_phase_id, create_user, create_date, modify_user, modify_date, user_id) VALUES (80018053, 8, 80018005, 80018055, 132456, CURRENT, 132456, CURRENT, 124835);
INSERT INTO resource (resource_id, resource_role_id, project_id, project_phase_id, create_user, create_date, modify_user, modify_date, user_id) VALUES (80018054, 9, 80018005, 80018057, 132456, CURRENT, 132456, CURRENT, 124835);
INSERT INTO resource (resource_id, resource_role_id, project_id, project_phase_id, create_user, create_date, modify_user, modify_date, user_id) VALUES (80018055, 14, 80018005, NULL, 132456, CURRENT, 132456, CURRENT, 132456);
INSERT INTO resource (resource_id, resource_role_id, project_id, project_phase_id, create_user, create_date, modify_user, modify_date, user_id) VALUES (80018056, 10, 80018005, NULL, 132456, CURRENT, 132456, CURRENT, 132458);
INSERT INTO resource_info (resource_id, resource_info_type_id, value, create_user, create_date, modify_user, modify_date) VALUES (80018042, 1, '132456', 132456, CURRENT, 132456, CURRENT);
INSERT INTO resource_info (resource_id, resource_info_type_id, value, create_user, create_date, modify_user, modify_date) VALUES (80018042, 2, 'heffan', 132456, CURRENT, 132456, CURRENT);
INSERT INTO resource_info (resource_id, resource_info_type_id, value, create_user, create_date, modify_user, modify_date) VALUES (80018042, 8, 'N/A', 132456, CURRENT, 132456, CURRENT);
INSERT INTO resource_info (resource_id, resource_info_type_id, value, create_user, create_date, modify_user, modify_date) VALUES (80018042, 6, '05.12.2016 03:16 AM', 132456, CURRENT, 132456, CURRENT);
INSERT INTO resource_info (resource_id, resource_info_type_id, value, create_user, create_date, modify_user, modify_date) VALUES (80018043, 1, '22770213', 132456, CURRENT, 132456, CURRENT);
INSERT INTO resource_info (resource_id, resource_info_type_id, value, create_user, create_date, modify_user, modify_date) VALUES (80018043, 2, 'Applications', 132456, CURRENT, 132456, CURRENT);
INSERT INTO resource_info (resource_id, resource_info_type_id, value, create_user, create_date, modify_user, modify_date) VALUES (80018043, 8, 'N/A', 132456, CURRENT, 132456, CURRENT);
INSERT INTO resource_info (resource_id, resource_info_type_id, value, create_user, create_date, modify_user, modify_date) VALUES (80018043, 6, '05.12.2016 03:17 AM', 132456, CURRENT, 132456, CURRENT);
INSERT INTO resource_info (resource_id, resource_info_type_id, value, create_user, create_date, modify_user, modify_date) VALUES (80018044, 1, '132458', 132456, CURRENT, 132456, CURRENT);
INSERT INTO resource_info (resource_id, resource_info_type_id, value, create_user, create_date, modify_user, modify_date) VALUES (80018044, 2, 'user', 132456, CURRENT, 132456, CURRENT);
INSERT INTO resource_info (resource_id, resource_info_type_id, value, create_user, create_date, modify_user, modify_date) VALUES (80018044, 8, 'N/A', 132456, CURRENT, 132456, CURRENT);
INSERT INTO resource_info (resource_id, resource_info_type_id, value, create_user, create_date, modify_user, modify_date) VALUES (80018044, 6, '05.12.2016 03:18 AM', 132456, CURRENT, 132456, CURRENT);
INSERT INTO resource_info (resource_id, resource_info_type_id, value, create_user, create_date, modify_user, modify_date) VALUES (80018045, 1, '124916', 132456, CURRENT, 132456, CURRENT);
INSERT INTO resource_info (resource_id, resource_info_type_id, value, create_user, create_date, modify_user, modify_date) VALUES (80018045, 2, 'Yoshi', 132456, CURRENT, 132456, CURRENT);
INSERT INTO resource_info (resource_id, resource_info_type_id, value, create_user, create_date, modify_user, modify_date) VALUES (80018045, 8, 'N/A', 132456, CURRENT, 132456, CURRENT);
INSERT INTO resource_info (resource_id, resource_info_type_id, value, create_user, create_date, modify_user, modify_date) VALUES (80018045, 6, '05.07.2016 01:19 PM', 132456, CURRENT, 132456, CURRENT);
INSERT INTO resource_info (resource_id, resource_info_type_id, value, create_user, create_date, modify_user, modify_date) VALUES (80018046, 1, '80018015', 132456, CURRENT, 132456, CURRENT);
INSERT INTO resource_info (resource_id, resource_info_type_id, value, create_user, create_date, modify_user, modify_date) VALUES (80018046, 2, 'Pops80018015', 132456, CURRENT, 132456, CURRENT);
INSERT INTO resource_info (resource_id, resource_info_type_id, value, create_user, create_date, modify_user, modify_date) VALUES (80018046, 3, 'test@test.com', 132456, CURRENT, 132456, CURRENT);
INSERT INTO resource_info (resource_id, resource_info_type_id, value, create_user, create_date, modify_user, modify_date) VALUES (80018046, 8, 'N/A', 132456, CURRENT, 132456, CURRENT);
INSERT INTO resource_info (resource_id, resource_info_type_id, value, create_user, create_date, modify_user, modify_date) VALUES (80018046, 6, '05.12.2016 03:20 AM', 132456, CURRENT, 132456, CURRENT);
INSERT INTO resource_info (resource_id, resource_info_type_id, value, create_user, create_date, modify_user, modify_date) VALUES (80018046, 13, 'No', 132456, CURRENT, 132456, CURRENT);
INSERT INTO resource_info (resource_id, resource_info_type_id, value, create_user, create_date, modify_user, modify_date) VALUES (80018047, 1, '80018019', 132456, CURRENT, 132456, CURRENT);
INSERT INTO resource_info (resource_id, resource_info_type_id, value, create_user, create_date, modify_user, modify_date) VALUES (80018047, 2, 'marcg80018019', 132456, CURRENT, 132456, CURRENT);
INSERT INTO resource_info (resource_id, resource_info_type_id, value, create_user, create_date, modify_user, modify_date) VALUES (80018047, 3, 'test@test.com', 132456, CURRENT, 132456, CURRENT);
INSERT INTO resource_info (resource_id, resource_info_type_id, value, create_user, create_date, modify_user, modify_date) VALUES (80018047, 8, 'N/A', 132456, CURRENT, 132456, CURRENT);
INSERT INTO resource_info (resource_id, resource_info_type_id, value, create_user, create_date, modify_user, modify_date) VALUES (80018047, 6, '05.12.2016 03:21 AM', 132456, CURRENT, 132456, CURRENT);
INSERT INTO resource_info (resource_id, resource_info_type_id, value, create_user, create_date, modify_user, modify_date) VALUES (80018047, 13, 'No', 132456, CURRENT, 132456, CURRENT);
INSERT INTO resource_info (resource_id, resource_info_type_id, value, create_user, create_date, modify_user, modify_date) VALUES (80018048, 1, '80018018', 132456, CURRENT, 132456, CURRENT);
INSERT INTO resource_info (resource_id, resource_info_type_id, value, create_user, create_date, modify_user, modify_date) VALUES (80018048, 2, 'jwlms80018018', 132456, CURRENT, 132456, CURRENT);
INSERT INTO resource_info (resource_id, resource_info_type_id, value, create_user, create_date, modify_user, modify_date) VALUES (80018048, 3, 'test@test.com', 132456, CURRENT, 132456, CURRENT);
INSERT INTO resource_info (resource_id, resource_info_type_id, value, create_user, create_date, modify_user, modify_date) VALUES (80018048, 8, 'N/A', 132456, CURRENT, 132456, CURRENT);
INSERT INTO resource_info (resource_id, resource_info_type_id, value, create_user, create_date, modify_user, modify_date) VALUES (80018048, 6, '05.12.2016 03:22 AM', 132456, CURRENT, 132456, CURRENT);
INSERT INTO resource_info (resource_id, resource_info_type_id, value, create_user, create_date, modify_user, modify_date) VALUES (80018048, 13, 'No', 132456, CURRENT, 132456, CURRENT);
INSERT INTO resource_info (resource_id, resource_info_type_id, value, create_user, create_date, modify_user, modify_date) VALUES (80018049, 1, '124836', 132456, CURRENT, 132456, CURRENT);
INSERT INTO resource_info (resource_id, resource_info_type_id, value, create_user, create_date, modify_user, modify_date) VALUES (80018049, 2, 'annej9ny', 132456, CURRENT, 132456, CURRENT);
INSERT INTO resource_info (resource_id, resource_info_type_id, value, create_user, create_date, modify_user, modify_date) VALUES (80018049, 8, 'N/A', 132456, CURRENT, 132456, CURRENT);
INSERT INTO resource_info (resource_id, resource_info_type_id, value, create_user, create_date, modify_user, modify_date) VALUES (80018049, 6, '05.10.2016 03:23 PM', 132456, CURRENT, 132456, CURRENT);
INSERT INTO resource_info (resource_id, resource_info_type_id, value, create_user, create_date, modify_user, modify_date) VALUES (80018050, 1, '124836', 132456, CURRENT, 132456, CURRENT);
INSERT INTO resource_info (resource_id, resource_info_type_id, value, create_user, create_date, modify_user, modify_date) VALUES (80018050, 2, 'annej9ny', 132456, CURRENT, 132456, CURRENT);
INSERT INTO resource_info (resource_id, resource_info_type_id, value, create_user, create_date, modify_user, modify_date) VALUES (80018050, 8, 'N/A', 132456, CURRENT, 132456, CURRENT);
INSERT INTO resource_info (resource_id, resource_info_type_id, value, create_user, create_date, modify_user, modify_date) VALUES (80018050, 6, '05.13.2016 03:24 PM', 132456, CURRENT, 132456, CURRENT);
INSERT INTO resource_info (resource_id, resource_info_type_id, value, create_user, create_date, modify_user, modify_date) VALUES (80018051, 1, '124835', 132456, CURRENT, 132456, CURRENT);
INSERT INTO resource_info (resource_id, resource_info_type_id, value, create_user, create_date, modify_user, modify_date) VALUES (80018051, 2, 'reassembler', 132456, CURRENT, 132456, CURRENT);
INSERT INTO resource_info (resource_id, resource_info_type_id, value, create_user, create_date, modify_user, modify_date) VALUES (80018051, 8, 'N/A', 132456, CURRENT, 132456, CURRENT);
INSERT INTO resource_info (resource_id, resource_info_type_id, value, create_user, create_date, modify_user, modify_date) VALUES (80018051, 6, '05.12.2016 03:25 PM', 132456, CURRENT, 132456, CURRENT);
INSERT INTO resource_info (resource_id, resource_info_type_id, value, create_user, create_date, modify_user, modify_date) VALUES (80018052, 1, '124835', 132456, CURRENT, 132456, CURRENT);
INSERT INTO resource_info (resource_id, resource_info_type_id, value, create_user, create_date, modify_user, modify_date) VALUES (80018052, 2, 'reassembler', 132456, CURRENT, 132456, CURRENT);
INSERT INTO resource_info (resource_id, resource_info_type_id, value, create_user, create_date, modify_user, modify_date) VALUES (80018052, 8, 'N/A', 132456, CURRENT, 132456, CURRENT);
INSERT INTO resource_info (resource_id, resource_info_type_id, value, create_user, create_date, modify_user, modify_date) VALUES (80018052, 6, '05.13.2016 03:26 AM', 132456, CURRENT, 132456, CURRENT);
INSERT INTO resource_info (resource_id, resource_info_type_id, value, create_user, create_date, modify_user, modify_date) VALUES (80018053, 1, '124835', 132456, CURRENT, 132456, CURRENT);
INSERT INTO resource_info (resource_id, resource_info_type_id, value, create_user, create_date, modify_user, modify_date) VALUES (80018053, 2, 'reassembler', 132456, CURRENT, 132456, CURRENT);
INSERT INTO resource_info (resource_id, resource_info_type_id, value, create_user, create_date, modify_user, modify_date) VALUES (80018053, 8, 'N/A', 132456, CURRENT, 132456, CURRENT);
INSERT INTO resource_info (resource_id, resource_info_type_id, value, create_user, create_date, modify_user, modify_date) VALUES (80018053, 6, '05.16.2016 03:27 PM', 132456, CURRENT, 132456, CURRENT);
INSERT INTO resource_info (resource_id, resource_info_type_id, value, create_user, create_date, modify_user, modify_date) VALUES (80018054, 1, '124835', 132456, CURRENT, 132456, CURRENT);
INSERT INTO resource_info (resource_id, resource_info_type_id, value, create_user, create_date, modify_user, modify_date) VALUES (80018054, 2, 'reassembler', 132456, CURRENT, 132456, CURRENT);
INSERT INTO resource_info (resource_id, resource_info_type_id, value, create_user, create_date, modify_user, modify_date) VALUES (80018054, 8, 'N/A', 132456, CURRENT, 132456, CURRENT);
INSERT INTO resource_info (resource_id, resource_info_type_id, value, create_user, create_date, modify_user, modify_date) VALUES (80018054, 6, '05.18.2016 03:28 AM', 132456, CURRENT, 132456, CURRENT);
INSERT INTO resource_info (resource_id, resource_info_type_id, value, create_user, create_date, modify_user, modify_date) VALUES (80018055, 1, '132456', 132456, CURRENT, 132456, CURRENT);
INSERT INTO resource_info (resource_id, resource_info_type_id, value, create_user, create_date, modify_user, modify_date) VALUES (80018055, 2, 'heffan', 132456, CURRENT, 132456, CURRENT);
INSERT INTO resource_info (resource_id, resource_info_type_id, value, create_user, create_date, modify_user, modify_date) VALUES (80018055, 8, 'N/A', 132456, CURRENT, 132456, CURRENT);
INSERT INTO resource_info (resource_id, resource_info_type_id, value, create_user, create_date, modify_user, modify_date) VALUES (80018055, 6, '05.12.2016 03:29 AM', 132456, CURRENT, 132456, CURRENT);
INSERT INTO resource_info (resource_id, resource_info_type_id, value, create_user, create_date, modify_user, modify_date) VALUES (80018056, 1, '132458', 132456, CURRENT, 132456, CURRENT);
INSERT INTO resource_info (resource_id, resource_info_type_id, value, create_user, create_date, modify_user, modify_date) VALUES (80018056, 2, 'user', 132456, CURRENT, 132456, CURRENT);
INSERT INTO resource_info (resource_id, resource_info_type_id, value, create_user, create_date, modify_user, modify_date) VALUES (80018056, 8, 'N/A', 132456, CURRENT, 132456, CURRENT);
INSERT INTO resource_info (resource_id, resource_info_type_id, value, create_user, create_date, modify_user, modify_date) VALUES (80018056, 6, '05.12.2016 03:30 AM', 132456, CURRENT, 132456, CURRENT);
INSERT INTO upload (upload_id, project_id, resource_id, upload_type_id, upload_status_id, parameter, create_user, create_date, modify_user, modify_date, project_phase_id) VALUES (80018010, 80018005, 80018044, 1, 1, '80018005_80018044_80018010.zip', 132458, '2016-05-12 03:18:09', 132458, CURRENT, 80018044);
INSERT INTO upload (upload_id, project_id, resource_id, upload_type_id, upload_status_id, parameter, create_user, create_date, modify_user, modify_date, project_phase_id) VALUES (80018011, 80018005, 80018046, 1, 1, '80018005_80018046_80018011.zip', 80018015, '2016-05-12 03:20:09', 80018015, CURRENT, 80018047);
INSERT INTO upload (upload_id, project_id, resource_id, upload_type_id, upload_status_id, parameter, create_user, create_date, modify_user, modify_date, project_phase_id) VALUES (80018012, 80018005, 80018047, 1, 1, '80018005_80018047_80018012.zip', 80018019, '2016-05-12 03:21:09', 80018019, CURRENT, 80018047);
INSERT INTO upload (upload_id, project_id, resource_id, upload_type_id, upload_status_id, parameter, create_user, create_date, modify_user, modify_date, project_phase_id) VALUES (80018013, 80018005, 80018048, 1, 1, '80018005_80018048_80018013.zip', 80018018, '2016-05-12 03:22:09', 80018018, CURRENT, 80018047);
INSERT INTO submission (submission_id, upload_id, submission_status_id, screening_score, initial_score, final_score, placement, submission_type_id, create_user, create_date, modify_user, modify_date, prize_id) VALUES (80018007, 80018010, 1, null, null, null, null, 2, 132458, '2016-05-12 12:29:13', 132458, '2016-05-12 12:29:13', null);
INSERT INTO resource_submission (resource_id, submission_id, create_user, create_date, modify_user, modify_date) VALUES (80018044, 80018007, 132458, CURRENT, 132458, CURRENT);
INSERT INTO submission (submission_id, upload_id, submission_status_id, screening_score, initial_score, final_score, placement, submission_type_id, create_user, create_date, modify_user, modify_date, prize_id) VALUES (80018008, 80018011, 6, 75.0, null, 75.0, 2, 3, 80018015, '2016-05-12 13:02:25', 80018015, '2016-05-12 13:02:25', null);
INSERT INTO resource_submission (resource_id, submission_id, create_user, create_date, modify_user, modify_date) VALUES (80018046, 80018008, 80018015, CURRENT, 80018015, CURRENT);
INSERT INTO submission (submission_id, upload_id, submission_status_id, screening_score, initial_score, final_score, placement, submission_type_id, create_user, create_date, modify_user, modify_date, prize_id) VALUES (80018009, 80018012, 6, 75.0, null, 100.0, 1, 3, 80018019, '2016-05-12 12:39:49', 80018019, '2016-05-12 12:39:49', 80018011);
INSERT INTO resource_submission (resource_id, submission_id, create_user, create_date, modify_user, modify_date) VALUES (80018047, 80018009, 80018019, CURRENT, 80018019, CURRENT);
INSERT INTO submission (submission_id, upload_id, submission_status_id, screening_score, initial_score, final_score, placement, submission_type_id, create_user, create_date, modify_user, modify_date, prize_id) VALUES (80018010, 80018013, 6, 75.0, null, 75.0, 3, 3, 80018018, '2016-05-12 10:37:27', 80018018, '2016-05-12 10:37:27', null);
INSERT INTO resource_submission (resource_id, submission_id, create_user, create_date, modify_user, modify_date) VALUES (80018048, 80018010, 80018018, CURRENT, 80018018, CURRENT);
INSERT INTO review (review_id, resource_id, submission_id, scorecard_id, committed, initial_score, score, create_user, create_date, modify_user, modify_date, project_phase_id) VALUES (80018012, 80018045, 80018007, 30000722, 1, 75.0, 75.0, 124916, CURRENT, 124916, CURRENT, 80018045);
INSERT INTO review_comment (review_comment_id, resource_id, review_id, comment_type_id, content, extra_info, sort, create_user, create_date, modify_user, modify_date) VALUES (80018006, 80018045, 80018012, 14, '', 'Approved', 0, 124916, CURRENT, 124916, CURRENT);
INSERT INTO review_item (review_item_id, review_id, scorecard_question_id, upload_id, answer, sort, create_user, create_date, modify_user, modify_date) VALUES (80018012, 80018012, 30001008, null, '3/4', 0, 124916, CURRENT, 124916, CURRENT);
INSERT INTO review_item_comment (review_item_comment_id, resource_id, review_item_id, comment_type_id, content, extra_info, sort, create_user, create_date, modify_user, modify_date) VALUES (80018023, 80018045, 80018012, 1, 'OKey', NULL, 0, 124916, CURRENT, 124916, CURRENT);
INSERT INTO review (review_id, resource_id, submission_id, scorecard_id, committed, initial_score, score, create_user, create_date, modify_user, modify_date, project_phase_id) VALUES (80018013, 80018049, 80018008, 30000416, 1, 75.0, 75.0, 124836, CURRENT, 124836, CURRENT, 80018048);
INSERT INTO review_item (review_item_id, review_id, scorecard_question_id, upload_id, answer, sort, create_user, create_date, modify_user, modify_date) VALUES (80018013, 80018013, 30003112, null, '3/4', 0, 124836, CURRENT, 124836, CURRENT);
INSERT INTO review_item_comment (review_item_comment_id, resource_id, review_item_id, comment_type_id, content, extra_info, sort, create_user, create_date, modify_user, modify_date) VALUES (80018024, 80018049, 80018013, 1, 'analytics web module is not workable. When trying to access it the server responds with HTTP 404 error.', NULL, 0, 124836, CURRENT, 124836, CURRENT);
INSERT INTO review (review_id, resource_id, submission_id, scorecard_id, committed, initial_score, score, create_user, create_date, modify_user, modify_date, project_phase_id) VALUES (80018014, 80018049, 80018009, 30000416, 1, 75.0, 75.0, 124836, CURRENT, 124836, CURRENT, 80018048);
INSERT INTO review_item (review_item_id, review_id, scorecard_question_id, upload_id, answer, sort, create_user, create_date, modify_user, modify_date) VALUES (80018014, 80018014, 30003112, null, '3/4', 0, 124836, CURRENT, 124836, CURRENT);
INSERT INTO review_item_comment (review_item_comment_id, resource_id, review_item_id, comment_type_id, content, extra_info, sort, create_user, create_date, modify_user, modify_date) VALUES (80018025, 80018049, 80018014, 1, '/direct/scorecard web module is not workable. When trying to access it the server responds with error like:  There is no Action mapped for namespace [/] and action name [scorecard] associated with context path [/direct]. - [unknown location]', NULL, 0, 124836, CURRENT, 124836, CURRENT);
INSERT INTO review (review_id, resource_id, submission_id, scorecard_id, committed, initial_score, score, create_user, create_date, modify_user, modify_date, project_phase_id) VALUES (80018015, 80018049, 80018010, 30000416, 1, 75.0, 75.0, 124836, CURRENT, 124836, CURRENT, 80018048);
INSERT INTO review_item (review_item_id, review_id, scorecard_question_id, upload_id, answer, sort, create_user, create_date, modify_user, modify_date) VALUES (80018015, 80018015, 30003112, null, '3/4', 0, 124836, CURRENT, 124836, CURRENT);
INSERT INTO review_item_comment (review_item_comment_id, resource_id, review_item_id, comment_type_id, content, extra_info, sort, create_user, create_date, modify_user, modify_date) VALUES (80018026, 80018049, 80018015, 1, 'analytics web module is not workable. When trying to access it the server responds with HTTP 404 error.', NULL, 0, 124836, CURRENT, 124836, CURRENT);
INSERT INTO review (review_id, resource_id, submission_id, scorecard_id, committed, initial_score, score, create_user, create_date, modify_user, modify_date, project_phase_id) VALUES (80018016, 80018050, 80018008, 30000417, 1, 75.0, 75.0, 124836, CURRENT, 124836, CURRENT, 80018049);
INSERT INTO review_item (review_item_id, review_id, scorecard_question_id, upload_id, answer, sort, create_user, create_date, modify_user, modify_date) VALUES (80018016, 80018016, 30003113, null, '3/4', 0, 124836, CURRENT, 124836, CURRENT);
INSERT INTO review_item_comment (review_item_comment_id, resource_id, review_item_id, comment_type_id, content, extra_info, sort, create_user, create_date, modify_user, modify_date) VALUES (80018027, 80018050, 80018016, 1, 'Not all web modules are deployed successfullu as requested. Also there are issues with deployed Direct application.', NULL, 0, 124836, CURRENT, 124836, CURRENT);
INSERT INTO review (review_id, resource_id, submission_id, scorecard_id, committed, initial_score, score, create_user, create_date, modify_user, modify_date, project_phase_id) VALUES (80018017, 80018050, 80018009, 30000417, 1, 100.0, 100.0, 124836, CURRENT, 124836, CURRENT, 80018049);
INSERT INTO review_item (review_item_id, review_id, scorecard_question_id, upload_id, answer, sort, create_user, create_date, modify_user, modify_date) VALUES (80018017, 80018017, 30003113, null, '4/4', 0, 124836, CURRENT, 124836, CURRENT);
INSERT INTO review_item_comment (review_item_comment_id, resource_id, review_item_id, comment_type_id, content, extra_info, sort, create_user, create_date, modify_user, modify_date) VALUES (80018028, 80018050, 80018017, 1, 'Verification section provides the instructions just for testing the Direct web module while there are other web modules deployed and to be tested as well like /mobile, /present', NULL, 0, 124836, CURRENT, 124836, CURRENT);
INSERT INTO review (review_id, resource_id, submission_id, scorecard_id, committed, initial_score, score, create_user, create_date, modify_user, modify_date, project_phase_id) VALUES (80018018, 80018050, 80018010, 30000417, 1, 75.0, 75.0, 124836, CURRENT, 124836, CURRENT, 80018049);
INSERT INTO review_item (review_item_id, review_id, scorecard_question_id, upload_id, answer, sort, create_user, create_date, modify_user, modify_date) VALUES (80018018, 80018018, 30003113, null, '3/4', 0, 124836, CURRENT, 124836, CURRENT);
INSERT INTO review_item_comment (review_item_comment_id, resource_id, review_item_id, comment_type_id, content, extra_info, sort, create_user, create_date, modify_user, modify_date) VALUES (80018029, 80018050, 80018018, 1, 'the string should be more like *check "I want to Compete on TopCoder" option* ', NULL, 0, 124836, CURRENT, 124836, CURRENT);
INSERT INTO notification (project_id, external_ref_id, notification_type_id, create_user, create_date, modify_user, modify_date) VALUES (80018005, 124835, 1, 132456, CURRENT, 132456, CURRENT);
INSERT INTO notification (project_id, external_ref_id, notification_type_id, create_user, create_date, modify_user, modify_date) VALUES (80018005, 124916, 1, 132456, CURRENT, 132456, CURRENT);
INSERT INTO notification (project_id, external_ref_id, notification_type_id, create_user, create_date, modify_user, modify_date) VALUES (80018005, 124836, 1, 132456, CURRENT, 132456, CURRENT);
INSERT INTO notification (project_id, external_ref_id, notification_type_id, create_user, create_date, modify_user, modify_date) VALUES (80018005, 80018018, 1, 132456, CURRENT, 132456, CURRENT);
INSERT INTO notification (project_id, external_ref_id, notification_type_id, create_user, create_date, modify_user, modify_date) VALUES (80018005, 80018019, 1, 132456, CURRENT, 132456, CURRENT);
INSERT INTO notification (project_id, external_ref_id, notification_type_id, create_user, create_date, modify_user, modify_date) VALUES (80018005, 132458, 1, 132456, CURRENT, 132456, CURRENT);
INSERT INTO notification (project_id, external_ref_id, notification_type_id, create_user, create_date, modify_user, modify_date) VALUES (80018005, 132456, 1, 132456, CURRENT, 132456, CURRENT);
INSERT INTO notification (project_id, external_ref_id, notification_type_id, create_user, create_date, modify_user, modify_date) VALUES (80018005, 80018015, 1, 132456, CURRENT, 132456, CURRENT);
INSERT INTO notification (project_id, external_ref_id, notification_type_id, create_user, create_date, modify_user, modify_date) VALUES (80018005, 22770213, 1, 132456, CURRENT, 132456, CURRENT);
INSERT INTO contest_sale (contest_sale_id, contest_id, sale_status_id, price, paypal_order_id, create_date, sale_reference_id, sale_type_id) VALUES (80018005, 80018005, 1, 9512.0, 'PO BOX 80018001', CURRENT, 'PO BOX 80018001', 2);
INSERT INTO project_payment (project_payment_id, project_payment_type_id, resource_id, submission_id, amount, pacts_payment_id, create_user,create_date, modify_user, modify_date) VALUES (80018012, 3, 80018045, null, 50.0, null, 132456, CURRENT, 132456, CURRENT);
INSERT INTO project_payment (project_payment_id, project_payment_type_id, resource_id, submission_id, amount, pacts_payment_id, create_user,create_date, modify_user, modify_date) VALUES (80018016, 2, 80018046, 80018008, 71.0, null, 132456, CURRENT, 132456, CURRENT);
INSERT INTO project_payment (project_payment_id, project_payment_type_id, resource_id, submission_id, amount, pacts_payment_id, create_user,create_date, modify_user, modify_date) VALUES (80018015, 2, 80018047, 80018009, 86.0, null, 132456, CURRENT, 132456, CURRENT);
INSERT INTO project_payment (project_payment_id, project_payment_type_id, resource_id, submission_id, amount, pacts_payment_id, create_user,create_date, modify_user, modify_date) VALUES (80018013, 3, 80018049, null, 20.0, null, 132456, CURRENT, 132456, CURRENT);
INSERT INTO project_payment (project_payment_id, project_payment_type_id, resource_id, submission_id, amount, pacts_payment_id, create_user,create_date, modify_user, modify_date) VALUES (80018014, 3, 80018050, null, 50.0, null, 132456, CURRENT, 132456, CURRENT);
INSERT INTO project_payment (project_payment_id, project_payment_type_id, resource_id, submission_id, amount, pacts_payment_id, create_user,create_date, modify_user, modify_date) VALUES (80018017, 4, 80018055, null, 350.0, null, 132456, CURRENT, 132456, CURRENT);
INSERT INTO contest_milestone_xref (contest_id, project_milestone_id, create_user, create_date, modify_user, modify_date) VALUES (80018005, 800180010, 132456, CURRENT, 132456, CURRENT);
INSERT INTO review_auction (review_auction_id, project_id, review_auction_type_id) VALUES (80028005, 80018005, 3);
INSERT INTO review_auction (review_auction_id, project_id, review_auction_type_id) VALUES (80018005, 80018005, 1);
INSERT INTO comp_catalog (component_id, current_version, short_desc, component_name, description, function_desc, create_time, status_id, root_category_id, modify_date, public_ind)  VALUES (80018006, 1, 'Short description for First2Finish Contest 6', 'First2Finish Contest 6', 'Description for First2Finish Contest 6', 'Functional description for First2Finish Contest 6', CURRENT, 1, 9926572, CURRENT, 1);
INSERT INTO comp_categories (comp_categories_id, component_id, category_id)  VALUES (80018006, 80018006, 9926572);
INSERT INTO comp_versions (comp_vers_id, component_id, version, version_text, create_time, phase_id, phase_time, price, comments, modify_date, suspended_ind) VALUES (80018006, 80018006, 1, '1.0', CURRENT, 112, CURRENT, 1000.0, 'Comments for version #1', CURRENT, 0);
INSERT INTO comp_version_dates (comp_version_dates_id, comp_vers_id, phase_id, posting_date, initial_submission_date, winner_announced_date, final_submission_date, estimated_dev_date, price, total_submissions, status_id, create_time, level_id, screening_complete_date, review_complete_date, aggregation_complete_date, phase_complete_date, production_date, aggregation_complete_date_comment, phase_complete_date_comment, review_complete_date_comment, winner_announced_date_comment, initial_submission_date_comment, screening_complete_date_comment, final_submission_date_comment, production_date_comment, modify_date) VALUES (80018006, 80018006, 112, '1976-06-05', '2000-02-01', '2000-02-01', '2000-02-01', '2000-02-01', 0.00, 0, 301, CURRENT, 100, '2000-02-01', '2000-02-01', '2000-02-01', '2000-02-01', null, null, null, null, null, null, null, null, null, CURRENT);
INSERT INTO comp_technology (comp_tech_id, comp_vers_id, technology_type_id) VALUES (800180060, 80018006, 22839204);
INSERT INTO project (project_id, project_status_id, project_category_id, create_user, create_date, modify_user, modify_date, tc_direct_project_id, project_studio_spec_id) VALUES (80018006, 1, 38, 132456, CURRENT, 132456, CURRENT, 80018001, NULL);
INSERT INTO project_info (project_id, project_info_type_id, value, create_user, create_date, modify_user, modify_date) VALUES (80018006, 1, '80018006', 132456, CURRENT, 132456, CURRENT);
INSERT INTO project_info (project_id, project_info_type_id, value, create_user, create_date, modify_user, modify_date) VALUES (80018006, 2, '80018006', 132456, CURRENT, 132456, CURRENT);
INSERT INTO project_info (project_id, project_info_type_id, value, create_user, create_date, modify_user, modify_date) VALUES (80018006, 3, '80018006', 132456, CURRENT, 132456, CURRENT);
INSERT INTO project_info (project_id, project_info_type_id, value, create_user, create_date, modify_user, modify_date) VALUES (80018006, 4, '80018007', 132456, CURRENT, 132456, CURRENT);
INSERT INTO comp_jive_category_xref (comp_vers_id, jive_category_id) VALUES (80018006, 0);
INSERT INTO project_info (project_id, project_info_type_id, value, create_user, create_date, modify_user, modify_date) VALUES (80018006, 5, '9926572', 132456, CURRENT, 132456, CURRENT);
INSERT INTO project_info (project_id, project_info_type_id, value, create_user, create_date, modify_user, modify_date) VALUES (80018006, 6, 'First2Finish Contest 6', 132456, CURRENT, 132456, CURRENT);
INSERT INTO project_info (project_id, project_info_type_id, value, create_user, create_date, modify_user, modify_date) VALUES (80018006, 7, '1.0', 132456, CURRENT, 132456, CURRENT);
INSERT INTO project_info (project_id, project_info_type_id, value, create_user, create_date, modify_user, modify_date) VALUES (80018006, 8, '', 132456, CURRENT, 132456, CURRENT);
INSERT INTO project_info (project_id, project_info_type_id, value, create_user, create_date, modify_user, modify_date) VALUES (80018006, 11, 'On', 132456, CURRENT, 132456, CURRENT);
INSERT INTO project_info (project_id, project_info_type_id, value, create_user, create_date, modify_user, modify_date) VALUES (80018006, 9, 'On', 132456, CURRENT, 132456, CURRENT);
INSERT INTO project_info (project_id, project_info_type_id, value, create_user, create_date, modify_user, modify_date) VALUES (80018006, 10, 'On', 132456, CURRENT, 132456, CURRENT);
INSERT INTO project_info (project_id, project_info_type_id, value, create_user, create_date, modify_user, modify_date) VALUES (80018006, 12, 'Yes', 132456, CURRENT, 132456, CURRENT);
INSERT INTO project_info (project_id, project_info_type_id, value, create_user, create_date, modify_user, modify_date) VALUES (80018006, 13, 'Yes', 132456, CURRENT, 132456, CURRENT);
INSERT INTO project_info (project_id, project_info_type_id, value, create_user, create_date, modify_user, modify_date) VALUES (80018006, 14, 'Open', 132456, CURRENT, 132456, CURRENT);
INSERT INTO project_info (project_id, project_info_type_id, value, create_user, create_date, modify_user, modify_date) VALUES (80018006, 16, '1000.0', 132456, CURRENT, 132456, CURRENT);
INSERT INTO project_info (project_id, project_info_type_id, value, create_user, create_date, modify_user, modify_date) VALUES (80018006, 17, '', 132456, CURRENT, 132456, CURRENT);
INSERT INTO project_info (project_id, project_info_type_id, value, create_user, create_date, modify_user, modify_date) VALUES (80018006, 26, 'On', 132456, CURRENT, 132456, CURRENT);
INSERT INTO project_info (project_id, project_info_type_id, value, create_user, create_date, modify_user, modify_date) VALUES (80018006, 30, '450.0', 132456, CURRENT, 132456, CURRENT);
INSERT INTO project_info (project_id, project_info_type_id, value, create_user, create_date, modify_user, modify_date) VALUES (80018006, 31, '6001.0', 132456, CURRENT, 132456, CURRENT);
INSERT INTO project_info (project_id, project_info_type_id, value, create_user, create_date, modify_user, modify_date) VALUES (80018006, 33, '683.0', 132456, CURRENT, 132456, CURRENT);
INSERT INTO project_info (project_id, project_info_type_id, value, create_user, create_date, modify_user, modify_date) VALUES (80018006, 35, '30.0', 132456, CURRENT, 132456, CURRENT);
INSERT INTO project_info (project_id, project_info_type_id, value, create_user, create_date, modify_user, modify_date) VALUES (80018006, 36, '1000.0', 132456, CURRENT, 132456, CURRENT);
INSERT INTO project_info (project_id, project_info_type_id, value, create_user, create_date, modify_user, modify_date) VALUES (80018006, 37, '500.0', 132456, CURRENT, 132456, CURRENT);
INSERT INTO project_info (project_id, project_info_type_id, value, create_user, create_date, modify_user, modify_date) VALUES (80018006, 45, 'true', 132456, CURRENT, 132456, CURRENT);
INSERT INTO project_info (project_id, project_info_type_id, value, create_user, create_date, modify_user, modify_date) VALUES (80018006, 47, 'true', 132456, CURRENT, 132456, CURRENT);
INSERT INTO project_info (project_id, project_info_type_id, value, create_user, create_date, modify_user, modify_date) VALUES (80018006, 38, '300.0', 132456, CURRENT, 132456, CURRENT);
INSERT INTO project_info (project_id, project_info_type_id, value, create_user, create_date, modify_user, modify_date) VALUES (80018006, 39, '0.0', 132456, CURRENT, 132456, CURRENT);
INSERT INTO project_info (project_id, project_info_type_id, value, create_user, create_date, modify_user, modify_date) VALUES (80018006, 40, 'B', 132456, CURRENT, 132456, CURRENT);
INSERT INTO project_info (project_id, project_info_type_id, value, create_user, create_date, modify_user, modify_date) VALUES (80018006, 32, '80018001', 132456, CURRENT, 132456, CURRENT);
INSERT INTO project_info (project_id, project_info_type_id, value, create_user, create_date, modify_user, modify_date) VALUES (80018006, 41, 'true', 132456, CURRENT, 132456, CURRENT);
INSERT INTO project_info (project_id, project_info_type_id, value, create_user, create_date, modify_user, modify_date) VALUES (80018006, 43, 'true', 132456, CURRENT, 132456, CURRENT);
INSERT INTO project_info (project_id, project_info_type_id, value, create_user, create_date, modify_user, modify_date) VALUES (80018006, 44, 'false', 132456, CURRENT, 132456, CURRENT);
INSERT INTO project_info (project_id, project_info_type_id, value, create_user, create_date, modify_user, modify_date) VALUES (80018006, 46, 'true', 132456, CURRENT, 132456, CURRENT);
INSERT INTO project_info (project_id, project_info_type_id, value, create_user, create_date, modify_user, modify_date) VALUES (80018006, 48, 'true', 132456, CURRENT, 132456, CURRENT);
INSERT INTO project_info (project_id, project_info_type_id, value, create_user, create_date, modify_user, modify_date) VALUES (80018006, 49, '500', 132456, CURRENT, 132456, CURRENT);
INSERT INTO project_info (project_id, project_info_type_id, value, create_user, create_date, modify_user, modify_date) VALUES (80018006, 59, 'true', 132456, CURRENT, 132456, CURRENT);
INSERT INTO project_info (project_id, project_info_type_id, value, create_user, create_date, modify_user, modify_date) VALUES (80018006, 64, '2517', 132456, CURRENT, 132456, CURRENT);
INSERT INTO prize (prize_id, place, prize_amount, prize_type_id, number_of_submissions,                    create_user, create_date, modify_user, modify_date, project_id) VALUES (80018012, 1, 1000.0, 15, 1, 132456, CURRENT, 132456, CURRENT, 80018006);
INSERT INTO prize (prize_id, place, prize_amount, prize_type_id, number_of_submissions,                    create_user, create_date, modify_user, modify_date, project_id) VALUES (80018013, 2, 500.0, 15, 1, 132456, CURRENT, 132456, CURRENT, 80018006);
INSERT INTO project_spec (project_spec_id, project_id, version, detailed_requirements, submission_deliverables, environment_setup_instruction, final_submission_guidelines, private_description, create_user, create_date, modify_user, modify_date) VALUES (80018006, 80018006, 1, 'Detailed requirements for First2Finish Contest 6', '', '', 'Final submission guidelines for First2Finish Contest 6', '', 132456, CURRENT, 132456, CURRENT);
INSERT INTO project_phase (project_phase_id, project_id, phase_type_id, phase_status_id, fixed_start_time, scheduled_start_time, scheduled_end_time, actual_start_time, actual_end_time, duration, create_user, create_date, modify_user, modify_date) VALUES (80018059, 80018006, 1, 3, CURRENT + -13320 UNITS MINUTE, CURRENT + -13320 UNITS MINUTE, CURRENT + -10440 UNITS MINUTE, CURRENT + -13320 UNITS MINUTE, CURRENT + -10440 UNITS MINUTE, 172800000, 132456, CURRENT, 132456, CURRENT);
INSERT INTO project_phase (project_phase_id, project_id, phase_type_id, phase_status_id, fixed_start_time, scheduled_start_time, scheduled_end_time, actual_start_time, actual_end_time, duration, create_user, create_date, modify_user, modify_date) VALUES (80018060, 80018006, 2, 3, null, CURRENT + -13320 UNITS MINUTE, CURRENT + -6120 UNITS MINUTE, CURRENT + -13320 UNITS MINUTE, CURRENT + -6120 UNITS MINUTE, 432000000, 132456, CURRENT, 132456, CURRENT);
INSERT INTO project_phase (project_phase_id, project_id, phase_type_id, phase_status_id, fixed_start_time, scheduled_start_time, scheduled_end_time, actual_start_time, actual_end_time, duration, create_user, create_date, modify_user, modify_date) VALUES (80018061, 80018006, 18, 3, null, CURRENT + -13320 UNITS MINUTE, CURRENT + -12600 UNITS MINUTE, CURRENT + -13320 UNITS MINUTE, CURRENT + -12600 UNITS MINUTE, 43200000, 132456, CURRENT, 132456, CURRENT);
INSERT INTO project_phase (project_phase_id, project_id, phase_type_id, phase_status_id, fixed_start_time, scheduled_start_time, scheduled_end_time, actual_start_time, actual_end_time, duration, create_user, create_date, modify_user, modify_date) VALUES (80018062, 80018006, 7, 3, null, CURRENT + -13320 UNITS MINUTE, CURRENT + -12600 UNITS MINUTE, CURRENT + -13320 UNITS MINUTE, CURRENT + -12600 UNITS MINUTE, 43200000, 132456, CURRENT, 132456, CURRENT);
INSERT INTO project_phase (project_phase_id, project_id, phase_type_id, phase_status_id, fixed_start_time, scheduled_start_time, scheduled_end_time, actual_start_time, actual_end_time, duration, create_user, create_date, modify_user, modify_date) VALUES (80018063, 80018006, 9, 3, null, CURRENT + -12600 UNITS MINUTE, CURRENT + -11160 UNITS MINUTE, CURRENT + -12600 UNITS MINUTE, CURRENT + -11160 UNITS MINUTE, 86400000, 132456, CURRENT, 132456, CURRENT);
INSERT INTO project_phase (project_phase_id, project_id, phase_type_id, phase_status_id, fixed_start_time, scheduled_start_time, scheduled_end_time, actual_start_time, actual_end_time, duration, create_user, create_date, modify_user, modify_date) VALUES (80018064, 80018006, 10, 2, null, CURRENT + -11160 UNITS MINUTE, CURRENT + -10440 UNITS MINUTE, CURRENT + -11160 UNITS MINUTE, null, 43200000, 132456, CURRENT, 132456, CURRENT);
INSERT INTO project_phase (project_phase_id, project_id, phase_type_id, phase_status_id, fixed_start_time, scheduled_start_time, scheduled_end_time, actual_start_time, actual_end_time, duration, create_user, create_date, modify_user, modify_date) VALUES (80018065, 80018006, 11, 1, null, CURRENT + -10440 UNITS MINUTE, CURRENT + -3240 UNITS MINUTE, null, null, 432000000, 132456, CURRENT, 132456, CURRENT);
INSERT INTO phase_dependency (dependency_phase_id, dependent_phase_id, dependency_start, dependent_start, lag_time, create_user, create_date, modify_user, modify_date) VALUES (80018059, 80018060, 1, 1, 0, 132456, CURRENT, 132456, CURRENT);
INSERT INTO phase_dependency (dependency_phase_id, dependent_phase_id, dependency_start, dependent_start, lag_time, create_user, create_date, modify_user, modify_date) VALUES (80018060, 80018061, 1, 1, 0, 132456, CURRENT, 132456, CURRENT);
INSERT INTO phase_dependency (dependency_phase_id, dependent_phase_id, dependency_start, dependent_start, lag_time, create_user, create_date, modify_user, modify_date) VALUES (80018062, 80018063, 0, 1, 0, 132456, CURRENT, 132456, CURRENT);
INSERT INTO phase_dependency (dependency_phase_id, dependent_phase_id, dependency_start, dependent_start, lag_time, create_user, create_date, modify_user, modify_date) VALUES (80018063, 80018064, 0, 1, 0, 132456, CURRENT, 132456, CURRENT);
INSERT INTO phase_dependency (dependency_phase_id, dependent_phase_id, dependency_start, dependent_start, lag_time, create_user, create_date, modify_user, modify_date) VALUES (80018064, 80018065, 0, 1, 0, 132456, CURRENT, 132456, CURRENT);
INSERT INTO phase_criteria (project_phase_id, phase_criteria_type_id, parameter, create_user, create_date, modify_user, modify_date) VALUES (80018059, 2, '0', 132456, CURRENT, 132456, CURRENT);
INSERT INTO phase_criteria (project_phase_id, phase_criteria_type_id, parameter, create_user, create_date, modify_user, modify_date) VALUES (80018059, 5, 'No', 132456, CURRENT, 132456, CURRENT);
INSERT INTO phase_criteria (project_phase_id, phase_criteria_type_id, parameter, create_user, create_date, modify_user, modify_date) VALUES (80018060, 3, '0', 132456, CURRENT, 132456, CURRENT);
INSERT INTO phase_criteria (project_phase_id, phase_criteria_type_id, parameter, create_user, create_date, modify_user, modify_date) VALUES (80018060, 5, 'Yes', 132456, CURRENT, 132456, CURRENT);
INSERT INTO phase_criteria (project_phase_id, phase_criteria_type_id, parameter, create_user, create_date, modify_user, modify_date) VALUES (80018061, 1, '30000419', 132456, CURRENT, 132456, CURRENT);
INSERT INTO phase_criteria (project_phase_id, phase_criteria_type_id, parameter, create_user, create_date, modify_user, modify_date) VALUES (80018061, 5, 'No', 132456, CURRENT, 132456, CURRENT);
INSERT INTO phase_criteria (project_phase_id, phase_criteria_type_id, parameter, create_user, create_date, modify_user, modify_date) VALUES (80018061, 6, '3', 132456, CURRENT, 132456, CURRENT);
INSERT INTO phase_criteria (project_phase_id, phase_criteria_type_id, parameter, create_user, create_date, modify_user, modify_date) VALUES (80018062, 5, 'No', 132456, CURRENT, 132456, CURRENT);
INSERT INTO phase_criteria (project_phase_id, phase_criteria_type_id, parameter, create_user, create_date, modify_user, modify_date) VALUES (80018063, 5, 'No', 132456, CURRENT, 132456, CURRENT);
INSERT INTO phase_criteria (project_phase_id, phase_criteria_type_id, parameter, create_user, create_date, modify_user, modify_date) VALUES (80018064, 5, 'No', 132456, CURRENT, 132456, CURRENT);
INSERT INTO phase_criteria (project_phase_id, phase_criteria_type_id, parameter, create_user, create_date, modify_user, modify_date) VALUES (80018065, 1, '30000720', 132456, CURRENT, 132456, CURRENT);
INSERT INTO phase_criteria (project_phase_id, phase_criteria_type_id, parameter, create_user, create_date, modify_user, modify_date) VALUES (80018065, 6, '1', 132456, CURRENT, 132456, CURRENT);
INSERT INTO resource (resource_id, resource_role_id, project_id, project_phase_id, create_user, create_date, modify_user, modify_date, user_id) VALUES (80018057, 13, 80018006, NULL, 132456, CURRENT, 132456, CURRENT, 132456);
INSERT INTO resource (resource_id, resource_role_id, project_id, project_phase_id, create_user, create_date, modify_user, modify_date, user_id) VALUES (80018058, 13, 80018006, NULL, 132456, CURRENT, 132456, CURRENT, 22770213);
INSERT INTO resource (resource_id, resource_role_id, project_id, project_phase_id, create_user, create_date, modify_user, modify_date, user_id) VALUES (80018059, 1, 80018006, NULL, 132456, CURRENT, 132456, CURRENT, 80018003);
INSERT INTO component_inquiry (component_inquiry_id, component_id, user_id, comment, agreed_to_terms, rating, phase, tc_user_id, version, create_time, project_id) VALUES (80018013, 80018006, 80018003, null, 1, 2044, 149, 80018003, 0, CURRENT, 80018006);
INSERT INTO project_result (user_id, project_id, old_rating, new_rating, raw_score, final_score, payment, placed, rating_ind, valid_submission_ind, create_date, modify_date, passed_review_ind, point_adjustment, rating_order) VALUES (80018003, 80018006, 2044, null, null, null, null, null, 0, 0, CURRENT, CURRENT, null, null, null);
UPDATE user_rating SET rating = 2044 WHERE user_id = 80018003 AND phase_id = 149;
INSERT INTO resource (resource_id, resource_role_id, project_id, project_phase_id, create_user, create_date, modify_user, modify_date, user_id) VALUES (80018060, 1, 80018006, NULL, 132456, CURRENT, 132456, CURRENT, 80018002);
INSERT INTO component_inquiry (component_inquiry_id, component_id, user_id, comment, agreed_to_terms, rating, phase, tc_user_id, version, create_time, project_id) VALUES (80018014, 80018006, 80018002, null, 1, 1796, 149, 80018002, 0, CURRENT, 80018006);
INSERT INTO project_result (user_id, project_id, old_rating, new_rating, raw_score, final_score, payment, placed, rating_ind, valid_submission_ind, create_date, modify_date, passed_review_ind, point_adjustment, rating_order) VALUES (80018002, 80018006, 1796, null, null, null, null, null, 0, 0, CURRENT, CURRENT, null, null, null);
UPDATE user_rating SET rating = 1796 WHERE user_id = 80018002 AND phase_id = 149;
INSERT INTO resource (resource_id, resource_role_id, project_id, project_phase_id, create_user, create_date, modify_user, modify_date, user_id) VALUES (80018061, 8, 80018006, 80018062, 132456, CURRENT, 132456, CURRENT, 124836);
INSERT INTO resource (resource_id, resource_role_id, project_id, project_phase_id, create_user, create_date, modify_user, modify_date, user_id) VALUES (80018062, 9, 80018006, 80018064, 132456, CURRENT, 132456, CURRENT, 124836);
INSERT INTO resource (resource_id, resource_role_id, project_id, project_phase_id, create_user, create_date, modify_user, modify_date, user_id) VALUES (80018063, 14, 80018006, NULL, 132456, CURRENT, 132456, CURRENT, 132456);
INSERT INTO resource (resource_id, resource_role_id, project_id, project_phase_id, create_user, create_date, modify_user, modify_date, user_id) VALUES (80018064, 10, 80018006, NULL, 132456, CURRENT, 132456, CURRENT, 132458);
INSERT INTO resource_info (resource_id, resource_info_type_id, value, create_user, create_date, modify_user, modify_date) VALUES (80018057, 1, '132456', 132456, CURRENT, 132456, CURRENT);
INSERT INTO resource_info (resource_id, resource_info_type_id, value, create_user, create_date, modify_user, modify_date) VALUES (80018057, 2, 'heffan', 132456, CURRENT, 132456, CURRENT);
INSERT INTO resource_info (resource_id, resource_info_type_id, value, create_user, create_date, modify_user, modify_date) VALUES (80018057, 8, 'N/A', 132456, CURRENT, 132456, CURRENT);
INSERT INTO resource_info (resource_id, resource_info_type_id, value, create_user, create_date, modify_user, modify_date) VALUES (80018057, 6, '05.12.2016 03:16 AM', 132456, CURRENT, 132456, CURRENT);
INSERT INTO resource_info (resource_id, resource_info_type_id, value, create_user, create_date, modify_user, modify_date) VALUES (80018058, 1, '22770213', 132456, CURRENT, 132456, CURRENT);
INSERT INTO resource_info (resource_id, resource_info_type_id, value, create_user, create_date, modify_user, modify_date) VALUES (80018058, 2, 'Applications', 132456, CURRENT, 132456, CURRENT);
INSERT INTO resource_info (resource_id, resource_info_type_id, value, create_user, create_date, modify_user, modify_date) VALUES (80018058, 8, 'N/A', 132456, CURRENT, 132456, CURRENT);
INSERT INTO resource_info (resource_id, resource_info_type_id, value, create_user, create_date, modify_user, modify_date) VALUES (80018058, 6, '05.12.2016 03:17 AM', 132456, CURRENT, 132456, CURRENT);
INSERT INTO resource_info (resource_id, resource_info_type_id, value, create_user, create_date, modify_user, modify_date) VALUES (80018059, 1, '80018003', 132456, CURRENT, 132456, CURRENT);
INSERT INTO resource_info (resource_id, resource_info_type_id, value, create_user, create_date, modify_user, modify_date) VALUES (80018059, 2, 'marcg80018003', 132456, CURRENT, 132456, CURRENT);
INSERT INTO resource_info (resource_id, resource_info_type_id, value, create_user, create_date, modify_user, modify_date) VALUES (80018059, 3, 'test@test.com', 132456, CURRENT, 132456, CURRENT);
INSERT INTO resource_info (resource_id, resource_info_type_id, value, create_user, create_date, modify_user, modify_date) VALUES (80018059, 4, '2044', 132456, CURRENT, 132456, CURRENT);
INSERT INTO resource_info (resource_id, resource_info_type_id, value, create_user, create_date, modify_user, modify_date) VALUES (80018059, 5, '96', 132456, CURRENT, 132456, CURRENT);
INSERT INTO resource_info (resource_id, resource_info_type_id, value, create_user, create_date, modify_user, modify_date) VALUES (80018059, 8, 'N/A', 132456, CURRENT, 132456, CURRENT);
INSERT INTO resource_info (resource_id, resource_info_type_id, value, create_user, create_date, modify_user, modify_date) VALUES (80018059, 6, '05.12.2016 03:18 AM', 132456, CURRENT, 132456, CURRENT);
INSERT INTO resource_info (resource_id, resource_info_type_id, value, create_user, create_date, modify_user, modify_date) VALUES (80018059, 13, 'No', 132456, CURRENT, 132456, CURRENT);
INSERT INTO resource_info (resource_id, resource_info_type_id, value, create_user, create_date, modify_user, modify_date) VALUES (80018060, 1, '80018002', 132456, CURRENT, 132456, CURRENT);
INSERT INTO resource_info (resource_id, resource_info_type_id, value, create_user, create_date, modify_user, modify_date) VALUES (80018060, 2, 'WishingBone80018002', 132456, CURRENT, 132456, CURRENT);
INSERT INTO resource_info (resource_id, resource_info_type_id, value, create_user, create_date, modify_user, modify_date) VALUES (80018060, 3, 'test@test.com', 132456, CURRENT, 132456, CURRENT);
INSERT INTO resource_info (resource_id, resource_info_type_id, value, create_user, create_date, modify_user, modify_date) VALUES (80018060, 4, '1796', 132456, CURRENT, 132456, CURRENT);
INSERT INTO resource_info (resource_id, resource_info_type_id, value, create_user, create_date, modify_user, modify_date) VALUES (80018060, 5, '15', 132456, CURRENT, 132456, CURRENT);
INSERT INTO resource_info (resource_id, resource_info_type_id, value, create_user, create_date, modify_user, modify_date) VALUES (80018060, 8, 'N/A', 132456, CURRENT, 132456, CURRENT);
INSERT INTO resource_info (resource_id, resource_info_type_id, value, create_user, create_date, modify_user, modify_date) VALUES (80018060, 6, '05.12.2016 03:19 AM', 132456, CURRENT, 132456, CURRENT);
INSERT INTO resource_info (resource_id, resource_info_type_id, value, create_user, create_date, modify_user, modify_date) VALUES (80018060, 13, 'No', 132456, CURRENT, 132456, CURRENT);
INSERT INTO resource_info (resource_id, resource_info_type_id, value, create_user, create_date, modify_user, modify_date) VALUES (80018061, 1, '124836', 132456, CURRENT, 132456, CURRENT);
INSERT INTO resource_info (resource_id, resource_info_type_id, value, create_user, create_date, modify_user, modify_date) VALUES (80018061, 2, 'annej9ny', 132456, CURRENT, 132456, CURRENT);
INSERT INTO resource_info (resource_id, resource_info_type_id, value, create_user, create_date, modify_user, modify_date) VALUES (80018061, 8, 'N/A', 132456, CURRENT, 132456, CURRENT);
INSERT INTO resource_info (resource_id, resource_info_type_id, value, create_user, create_date, modify_user, modify_date) VALUES (80018061, 6, '05.02.2016 09:20 PM', 132456, CURRENT, 132456, CURRENT);
INSERT INTO resource_info (resource_id, resource_info_type_id, value, create_user, create_date, modify_user, modify_date) VALUES (80018062, 1, '124836', 132456, CURRENT, 132456, CURRENT);
INSERT INTO resource_info (resource_id, resource_info_type_id, value, create_user, create_date, modify_user, modify_date) VALUES (80018062, 2, 'annej9ny', 132456, CURRENT, 132456, CURRENT);
INSERT INTO resource_info (resource_id, resource_info_type_id, value, create_user, create_date, modify_user, modify_date) VALUES (80018062, 8, 'N/A', 132456, CURRENT, 132456, CURRENT);
INSERT INTO resource_info (resource_id, resource_info_type_id, value, create_user, create_date, modify_user, modify_date) VALUES (80018062, 6, '05.04.2016 09:21 AM', 132456, CURRENT, 132456, CURRENT);
INSERT INTO resource_info (resource_id, resource_info_type_id, value, create_user, create_date, modify_user, modify_date) VALUES (80018063, 1, '132456', 132456, CURRENT, 132456, CURRENT);
INSERT INTO resource_info (resource_id, resource_info_type_id, value, create_user, create_date, modify_user, modify_date) VALUES (80018063, 2, 'heffan', 132456, CURRENT, 132456, CURRENT);
INSERT INTO resource_info (resource_id, resource_info_type_id, value, create_user, create_date, modify_user, modify_date) VALUES (80018063, 8, 'N/A', 132456, CURRENT, 132456, CURRENT);
INSERT INTO resource_info (resource_id, resource_info_type_id, value, create_user, create_date, modify_user, modify_date) VALUES (80018063, 6, '05.12.2016 03:22 AM', 132456, CURRENT, 132456, CURRENT);
INSERT INTO resource_info (resource_id, resource_info_type_id, value, create_user, create_date, modify_user, modify_date) VALUES (80018064, 1, '132458', 132456, CURRENT, 132456, CURRENT);
INSERT INTO resource_info (resource_id, resource_info_type_id, value, create_user, create_date, modify_user, modify_date) VALUES (80018064, 2, 'user', 132456, CURRENT, 132456, CURRENT);
INSERT INTO resource_info (resource_id, resource_info_type_id, value, create_user, create_date, modify_user, modify_date) VALUES (80018064, 8, 'N/A', 132456, CURRENT, 132456, CURRENT);
INSERT INTO resource_info (resource_id, resource_info_type_id, value, create_user, create_date, modify_user, modify_date) VALUES (80018064, 6, '05.12.2016 03:23 AM', 132456, CURRENT, 132456, CURRENT);
INSERT INTO upload (upload_id, project_id, resource_id, upload_type_id, upload_status_id, parameter, create_user, create_date, modify_user, modify_date, project_phase_id) VALUES (80018014, 80018006, 80018059, 1, 1, '80018006_80018059_80018014.zip', 80018003, '2016-05-12 03:18:09', 80018003, CURRENT, 80018060);
INSERT INTO submission (submission_id, upload_id, submission_status_id, screening_score, initial_score, final_score, placement, submission_type_id, create_user, create_date, modify_user, modify_date, prize_id) VALUES (80018011, 80018014, 1, null, null, null, null, 1, 80018003, '2016-05-12 12:20:55', 80018003, '2016-05-12 12:20:55', null);
INSERT INTO resource_submission (resource_id, submission_id, create_user, create_date, modify_user, modify_date) VALUES (80018059, 80018011, 80018003, CURRENT, 80018003, CURRENT);
INSERT INTO notification (project_id, external_ref_id, notification_type_id, create_user, create_date, modify_user, modify_date) VALUES (80018006, 124836, 1, 132456, CURRENT, 132456, CURRENT);
INSERT INTO notification (project_id, external_ref_id, notification_type_id, create_user, create_date, modify_user, modify_date) VALUES (80018006, 80018002, 1, 132456, CURRENT, 132456, CURRENT);
INSERT INTO notification (project_id, external_ref_id, notification_type_id, create_user, create_date, modify_user, modify_date) VALUES (80018006, 80018003, 1, 132456, CURRENT, 132456, CURRENT);
INSERT INTO notification (project_id, external_ref_id, notification_type_id, create_user, create_date, modify_user, modify_date) VALUES (80018006, 132458, 1, 132456, CURRENT, 132456, CURRENT);
INSERT INTO notification (project_id, external_ref_id, notification_type_id, create_user, create_date, modify_user, modify_date) VALUES (80018006, 132456, 1, 132456, CURRENT, 132456, CURRENT);
INSERT INTO notification (project_id, external_ref_id, notification_type_id, create_user, create_date, modify_user, modify_date) VALUES (80018006, 22770213, 1, 132456, CURRENT, 132456, CURRENT);
INSERT INTO contest_sale (contest_sale_id, contest_id, sale_status_id, price, paypal_order_id, create_date, sale_reference_id, sale_type_id) VALUES (80018006, 80018006, 1, 8964.0, 'PO BOX 80018001', CURRENT, 'PO BOX 80018001', 2);
INSERT INTO project_payment (project_payment_id, project_payment_type_id, resource_id, submission_id, amount, pacts_payment_id, create_user,create_date, modify_user, modify_date) VALUES (80018018, 3, 80018061, null, 10.0, null, 132456, CURRENT, 132456, CURRENT);
INSERT INTO project_payment (project_payment_id, project_payment_type_id, resource_id, submission_id, amount, pacts_payment_id, create_user,create_date, modify_user, modify_date) VALUES (80018019, 4, 80018063, null, 350.0, null, 132456, CURRENT, 132456, CURRENT);
INSERT INTO contest_milestone_xref (contest_id, project_milestone_id, create_user, create_date, modify_user, modify_date) VALUES (80018006, 800180011, 132456, CURRENT, 132456, CURRENT);
INSERT INTO project_platform (project_id, project_platform_id, create_user, create_date, modify_user, modify_date) VALUES (80018006, 14, 132456, CURRENT, 132456, CURRENT);
INSERT INTO project_platform (project_id, project_platform_id, create_user, create_date, modify_user, modify_date) VALUES (80018006, 3, 132456, CURRENT, 132456, CURRENT);
INSERT INTO project_platform (project_id, project_platform_id, create_user, create_date, modify_user, modify_date) VALUES (80018006, 17, 132456, CURRENT, 132456, CURRENT);
INSERT INTO review_auction (review_auction_id, project_id, review_auction_type_id) VALUES (80018006, 80018006, 1);
INSERT INTO comp_catalog (component_id, current_version, short_desc, component_name, description, function_desc, create_time, status_id, root_category_id, modify_date, public_ind)  VALUES (80018007, 1, 'Short description for First2Finish Contest 7', 'First2Finish Contest 7', 'Description for First2Finish Contest 7', 'Functional description for First2Finish Contest 7', CURRENT, 1, 5801776, CURRENT, 1);
INSERT INTO comp_categories (comp_categories_id, component_id, category_id)  VALUES (80018007, 80018007, 5801776);
INSERT INTO comp_versions (comp_vers_id, component_id, version, version_text, create_time, phase_id, phase_time, price, comments, modify_date, suspended_ind) VALUES (80018007, 80018007, 1, '1.0', CURRENT, 112, CURRENT, 800.0, 'Comments for version #1', CURRENT, 0);
INSERT INTO comp_version_dates (comp_version_dates_id, comp_vers_id, phase_id, posting_date, initial_submission_date, winner_announced_date, final_submission_date, estimated_dev_date, price, total_submissions, status_id, create_time, level_id, screening_complete_date, review_complete_date, aggregation_complete_date, phase_complete_date, production_date, aggregation_complete_date_comment, phase_complete_date_comment, review_complete_date_comment, winner_announced_date_comment, initial_submission_date_comment, screening_complete_date_comment, final_submission_date_comment, production_date_comment, modify_date) VALUES (80018007, 80018007, 112, '1976-06-05', '2000-02-01', '2000-02-01', '2000-02-01', '2000-02-01', 0.00, 0, 301, CURRENT, 100, '2000-02-01', '2000-02-01', '2000-02-01', '2000-02-01', null, null, null, null, null, null, null, null, null, CURRENT);
INSERT INTO comp_technology (comp_tech_id, comp_vers_id, technology_type_id) VALUES (800180070, 80018007, 27203172);
INSERT INTO comp_technology (comp_tech_id, comp_vers_id, technology_type_id) VALUES (800180071, 80018007, 26930938);
INSERT INTO project (project_id, project_status_id, project_category_id, create_user, create_date, modify_user, modify_date, tc_direct_project_id, project_studio_spec_id) VALUES (80018007, 1, 38, 132456, CURRENT, 132456, CURRENT, 80018001, NULL);
INSERT INTO project_info (project_id, project_info_type_id, value, create_user, create_date, modify_user, modify_date) VALUES (80018007, 1, '80018007', 132456, CURRENT, 132456, CURRENT);
INSERT INTO project_info (project_id, project_info_type_id, value, create_user, create_date, modify_user, modify_date) VALUES (80018007, 2, '80018007', 132456, CURRENT, 132456, CURRENT);
INSERT INTO project_info (project_id, project_info_type_id, value, create_user, create_date, modify_user, modify_date) VALUES (80018007, 3, '80018007', 132456, CURRENT, 132456, CURRENT);
INSERT INTO project_info (project_id, project_info_type_id, value, create_user, create_date, modify_user, modify_date) VALUES (80018007, 4, '80018008', 132456, CURRENT, 132456, CURRENT);
INSERT INTO comp_jive_category_xref (comp_vers_id, jive_category_id) VALUES (80018007, 0);
INSERT INTO project_info (project_id, project_info_type_id, value, create_user, create_date, modify_user, modify_date) VALUES (80018007, 5, '5801776', 132456, CURRENT, 132456, CURRENT);
INSERT INTO project_info (project_id, project_info_type_id, value, create_user, create_date, modify_user, modify_date) VALUES (80018007, 6, 'First2Finish Contest 7', 132456, CURRENT, 132456, CURRENT);
INSERT INTO project_info (project_id, project_info_type_id, value, create_user, create_date, modify_user, modify_date) VALUES (80018007, 7, '1.0', 132456, CURRENT, 132456, CURRENT);
INSERT INTO project_info (project_id, project_info_type_id, value, create_user, create_date, modify_user, modify_date) VALUES (80018007, 8, '', 132456, CURRENT, 132456, CURRENT);
INSERT INTO project_info (project_id, project_info_type_id, value, create_user, create_date, modify_user, modify_date) VALUES (80018007, 11, 'On', 132456, CURRENT, 132456, CURRENT);
INSERT INTO project_info (project_id, project_info_type_id, value, create_user, create_date, modify_user, modify_date) VALUES (80018007, 9, 'On', 132456, CURRENT, 132456, CURRENT);
INSERT INTO project_info (project_id, project_info_type_id, value, create_user, create_date, modify_user, modify_date) VALUES (80018007, 10, 'On', 132456, CURRENT, 132456, CURRENT);
INSERT INTO project_info (project_id, project_info_type_id, value, create_user, create_date, modify_user, modify_date) VALUES (80018007, 12, 'Yes', 132456, CURRENT, 132456, CURRENT);
INSERT INTO project_info (project_id, project_info_type_id, value, create_user, create_date, modify_user, modify_date) VALUES (80018007, 13, 'Yes', 132456, CURRENT, 132456, CURRENT);
INSERT INTO project_info (project_id, project_info_type_id, value, create_user, create_date, modify_user, modify_date) VALUES (80018007, 14, 'Open', 132456, CURRENT, 132456, CURRENT);
INSERT INTO project_info (project_id, project_info_type_id, value, create_user, create_date, modify_user, modify_date) VALUES (80018007, 16, '800.0', 132456, CURRENT, 132456, CURRENT);
INSERT INTO project_info (project_id, project_info_type_id, value, create_user, create_date, modify_user, modify_date) VALUES (80018007, 17, '', 132456, CURRENT, 132456, CURRENT);
INSERT INTO project_info (project_id, project_info_type_id, value, create_user, create_date, modify_user, modify_date) VALUES (80018007, 26, 'On', 132456, CURRENT, 132456, CURRENT);
INSERT INTO project_info (project_id, project_info_type_id, value, create_user, create_date, modify_user, modify_date) VALUES (80018007, 30, '360.0', 132456, CURRENT, 132456, CURRENT);
INSERT INTO project_info (project_id, project_info_type_id, value, create_user, create_date, modify_user, modify_date) VALUES (80018007, 31, '6001.0', 132456, CURRENT, 132456, CURRENT);
INSERT INTO project_info (project_id, project_info_type_id, value, create_user, create_date, modify_user, modify_date) VALUES (80018007, 33, '605.0', 132456, CURRENT, 132456, CURRENT);
INSERT INTO project_info (project_id, project_info_type_id, value, create_user, create_date, modify_user, modify_date) VALUES (80018007, 35, '30.0', 132456, CURRENT, 132456, CURRENT);
INSERT INTO project_info (project_id, project_info_type_id, value, create_user, create_date, modify_user, modify_date) VALUES (80018007, 36, '800.0', 132456, CURRENT, 132456, CURRENT);
INSERT INTO project_info (project_id, project_info_type_id, value, create_user, create_date, modify_user, modify_date) VALUES (80018007, 37, '400.0', 132456, CURRENT, 132456, CURRENT);
INSERT INTO project_info (project_id, project_info_type_id, value, create_user, create_date, modify_user, modify_date) VALUES (80018007, 45, 'true', 132456, CURRENT, 132456, CURRENT);
INSERT INTO project_info (project_id, project_info_type_id, value, create_user, create_date, modify_user, modify_date) VALUES (80018007, 47, 'true', 132456, CURRENT, 132456, CURRENT);
INSERT INTO project_info (project_id, project_info_type_id, value, create_user, create_date, modify_user, modify_date) VALUES (80018007, 38, '240.0', 132456, CURRENT, 132456, CURRENT);
INSERT INTO project_info (project_id, project_info_type_id, value, create_user, create_date, modify_user, modify_date) VALUES (80018007, 39, '0.0', 132456, CURRENT, 132456, CURRENT);
INSERT INTO project_info (project_id, project_info_type_id, value, create_user, create_date, modify_user, modify_date) VALUES (80018007, 40, 'A', 132456, CURRENT, 132456, CURRENT);
INSERT INTO project_info (project_id, project_info_type_id, value, create_user, create_date, modify_user, modify_date) VALUES (80018007, 32, '80018001', 132456, CURRENT, 132456, CURRENT);
INSERT INTO project_info (project_id, project_info_type_id, value, create_user, create_date, modify_user, modify_date) VALUES (80018007, 41, 'true', 132456, CURRENT, 132456, CURRENT);
INSERT INTO project_info (project_id, project_info_type_id, value, create_user, create_date, modify_user, modify_date) VALUES (80018007, 43, 'true', 132456, CURRENT, 132456, CURRENT);
INSERT INTO project_info (project_id, project_info_type_id, value, create_user, create_date, modify_user, modify_date) VALUES (80018007, 44, 'false', 132456, CURRENT, 132456, CURRENT);
INSERT INTO project_info (project_id, project_info_type_id, value, create_user, create_date, modify_user, modify_date) VALUES (80018007, 46, 'true', 132456, CURRENT, 132456, CURRENT);
INSERT INTO project_info (project_id, project_info_type_id, value, create_user, create_date, modify_user, modify_date) VALUES (80018007, 48, 'true', 132456, CURRENT, 132456, CURRENT);
INSERT INTO project_info (project_id, project_info_type_id, value, create_user, create_date, modify_user, modify_date) VALUES (80018007, 49, '500', 132456, CURRENT, 132456, CURRENT);
INSERT INTO project_info (project_id, project_info_type_id, value, create_user, create_date, modify_user, modify_date) VALUES (80018007, 59, 'true', 132456, CURRENT, 132456, CURRENT);
INSERT INTO project_info (project_id, project_info_type_id, value, create_user, create_date, modify_user, modify_date) VALUES (80018007, 64, '98474', 132456, CURRENT, 132456, CURRENT);
INSERT INTO prize (prize_id, place, prize_amount, prize_type_id, number_of_submissions,                    create_user, create_date, modify_user, modify_date, project_id) VALUES (80018014, 1, 800.0, 15, 1, 132456, CURRENT, 132456, CURRENT, 80018007);
INSERT INTO prize (prize_id, place, prize_amount, prize_type_id, number_of_submissions,                    create_user, create_date, modify_user, modify_date, project_id) VALUES (80018015, 2, 400.0, 15, 1, 132456, CURRENT, 132456, CURRENT, 80018007);
INSERT INTO project_spec (project_spec_id, project_id, version, detailed_requirements, submission_deliverables, environment_setup_instruction, final_submission_guidelines, private_description, create_user, create_date, modify_user, modify_date) VALUES (80018007, 80018007, 1, 'Detailed requirements for First2Finish Contest 7', '', '', 'Final submission guidelines for First2Finish Contest 7', '', 132456, CURRENT, 132456, CURRENT);
INSERT INTO project_phase (project_phase_id, project_id, phase_type_id, phase_status_id, fixed_start_time, scheduled_start_time, scheduled_end_time, actual_start_time, actual_end_time, duration, create_user, create_date, modify_user, modify_date) VALUES (80018066, 80018007, 1, 3, CURRENT + -13320 UNITS MINUTE, CURRENT + -13320 UNITS MINUTE, CURRENT + -10440 UNITS MINUTE, CURRENT + -13320 UNITS MINUTE, CURRENT + -10440 UNITS MINUTE, 172800000, 132456, CURRENT, 132456, CURRENT);
INSERT INTO project_phase (project_phase_id, project_id, phase_type_id, phase_status_id, fixed_start_time, scheduled_start_time, scheduled_end_time, actual_start_time, actual_end_time, duration, create_user, create_date, modify_user, modify_date) VALUES (80018067, 80018007, 2, 3, null, CURRENT + -13320 UNITS MINUTE, CURRENT + -6120 UNITS MINUTE, CURRENT + -13320 UNITS MINUTE, CURRENT + -6120 UNITS MINUTE, 432000000, 132456, CURRENT, 132456, CURRENT);
INSERT INTO project_phase (project_phase_id, project_id, phase_type_id, phase_status_id, fixed_start_time, scheduled_start_time, scheduled_end_time, actual_start_time, actual_end_time, duration, create_user, create_date, modify_user, modify_date) VALUES (80018068, 80018007, 18, 3, null, CURRENT + -13320 UNITS MINUTE, CURRENT + -12600 UNITS MINUTE, CURRENT + -13320 UNITS MINUTE, CURRENT + -12600 UNITS MINUTE, 43200000, 132456, CURRENT, 132456, CURRENT);
INSERT INTO project_phase (project_phase_id, project_id, phase_type_id, phase_status_id, fixed_start_time, scheduled_start_time, scheduled_end_time, actual_start_time, actual_end_time, duration, create_user, create_date, modify_user, modify_date) VALUES (80018069, 80018007, 7, 3, null, CURRENT + -13320 UNITS MINUTE, CURRENT + -12600 UNITS MINUTE, CURRENT + -13320 UNITS MINUTE, CURRENT + -12600 UNITS MINUTE, 43200000, 132456, CURRENT, 132456, CURRENT);
INSERT INTO project_phase (project_phase_id, project_id, phase_type_id, phase_status_id, fixed_start_time, scheduled_start_time, scheduled_end_time, actual_start_time, actual_end_time, duration, create_user, create_date, modify_user, modify_date) VALUES (80018070, 80018007, 9, 3, null, CURRENT + -12600 UNITS MINUTE, CURRENT + -11160 UNITS MINUTE, CURRENT + -12600 UNITS MINUTE, CURRENT + -11160 UNITS MINUTE, 86400000, 132456, CURRENT, 132456, CURRENT);
INSERT INTO project_phase (project_phase_id, project_id, phase_type_id, phase_status_id, fixed_start_time, scheduled_start_time, scheduled_end_time, actual_start_time, actual_end_time, duration, create_user, create_date, modify_user, modify_date) VALUES (80018071, 80018007, 10, 2, null, CURRENT + -11160 UNITS MINUTE, CURRENT + -10440 UNITS MINUTE, CURRENT + -11160 UNITS MINUTE, null, 43200000, 132456, CURRENT, 132456, CURRENT);
INSERT INTO project_phase (project_phase_id, project_id, phase_type_id, phase_status_id, fixed_start_time, scheduled_start_time, scheduled_end_time, actual_start_time, actual_end_time, duration, create_user, create_date, modify_user, modify_date) VALUES (80018072, 80018007, 11, 1, null, CURRENT + -10440 UNITS MINUTE, CURRENT + -3240 UNITS MINUTE, null, null, 432000000, 132456, CURRENT, 132456, CURRENT);
INSERT INTO phase_dependency (dependency_phase_id, dependent_phase_id, dependency_start, dependent_start, lag_time, create_user, create_date, modify_user, modify_date) VALUES (80018066, 80018067, 1, 1, 0, 132456, CURRENT, 132456, CURRENT);
INSERT INTO phase_dependency (dependency_phase_id, dependent_phase_id, dependency_start, dependent_start, lag_time, create_user, create_date, modify_user, modify_date) VALUES (80018067, 80018068, 1, 1, 0, 132456, CURRENT, 132456, CURRENT);
INSERT INTO phase_dependency (dependency_phase_id, dependent_phase_id, dependency_start, dependent_start, lag_time, create_user, create_date, modify_user, modify_date) VALUES (80018069, 80018070, 0, 1, 0, 132456, CURRENT, 132456, CURRENT);
INSERT INTO phase_dependency (dependency_phase_id, dependent_phase_id, dependency_start, dependent_start, lag_time, create_user, create_date, modify_user, modify_date) VALUES (80018070, 80018071, 0, 1, 0, 132456, CURRENT, 132456, CURRENT);
INSERT INTO phase_dependency (dependency_phase_id, dependent_phase_id, dependency_start, dependent_start, lag_time, create_user, create_date, modify_user, modify_date) VALUES (80018071, 80018072, 0, 1, 0, 132456, CURRENT, 132456, CURRENT);
INSERT INTO phase_criteria (project_phase_id, phase_criteria_type_id, parameter, create_user, create_date, modify_user, modify_date) VALUES (80018066, 2, '0', 132456, CURRENT, 132456, CURRENT);
INSERT INTO phase_criteria (project_phase_id, phase_criteria_type_id, parameter, create_user, create_date, modify_user, modify_date) VALUES (80018066, 5, 'No', 132456, CURRENT, 132456, CURRENT);
INSERT INTO phase_criteria (project_phase_id, phase_criteria_type_id, parameter, create_user, create_date, modify_user, modify_date) VALUES (80018067, 3, '0', 132456, CURRENT, 132456, CURRENT);
INSERT INTO phase_criteria (project_phase_id, phase_criteria_type_id, parameter, create_user, create_date, modify_user, modify_date) VALUES (80018067, 5, 'Yes', 132456, CURRENT, 132456, CURRENT);
INSERT INTO phase_criteria (project_phase_id, phase_criteria_type_id, parameter, create_user, create_date, modify_user, modify_date) VALUES (80018068, 1, '30000419', 132456, CURRENT, 132456, CURRENT);
INSERT INTO phase_criteria (project_phase_id, phase_criteria_type_id, parameter, create_user, create_date, modify_user, modify_date) VALUES (80018068, 5, 'No', 132456, CURRENT, 132456, CURRENT);
INSERT INTO phase_criteria (project_phase_id, phase_criteria_type_id, parameter, create_user, create_date, modify_user, modify_date) VALUES (80018068, 6, '3', 132456, CURRENT, 132456, CURRENT);
INSERT INTO phase_criteria (project_phase_id, phase_criteria_type_id, parameter, create_user, create_date, modify_user, modify_date) VALUES (80018069, 5, 'No', 132456, CURRENT, 132456, CURRENT);
INSERT INTO phase_criteria (project_phase_id, phase_criteria_type_id, parameter, create_user, create_date, modify_user, modify_date) VALUES (80018070, 5, 'No', 132456, CURRENT, 132456, CURRENT);
INSERT INTO phase_criteria (project_phase_id, phase_criteria_type_id, parameter, create_user, create_date, modify_user, modify_date) VALUES (80018071, 5, 'No', 132456, CURRENT, 132456, CURRENT);
INSERT INTO phase_criteria (project_phase_id, phase_criteria_type_id, parameter, create_user, create_date, modify_user, modify_date) VALUES (80018072, 1, '30000720', 132456, CURRENT, 132456, CURRENT);
INSERT INTO phase_criteria (project_phase_id, phase_criteria_type_id, parameter, create_user, create_date, modify_user, modify_date) VALUES (80018072, 6, '1', 132456, CURRENT, 132456, CURRENT);
INSERT INTO resource (resource_id, resource_role_id, project_id, project_phase_id, create_user, create_date, modify_user, modify_date, user_id) VALUES (80018065, 13, 80018007, NULL, 132456, CURRENT, 132456, CURRENT, 132456);
INSERT INTO resource (resource_id, resource_role_id, project_id, project_phase_id, create_user, create_date, modify_user, modify_date, user_id) VALUES (80018066, 13, 80018007, NULL, 132456, CURRENT, 132456, CURRENT, 22770213);
INSERT INTO resource (resource_id, resource_role_id, project_id, project_phase_id, create_user, create_date, modify_user, modify_date, user_id) VALUES (80018067, 1, 80018007, NULL, 132456, CURRENT, 132456, CURRENT, 80018021);
INSERT INTO component_inquiry (component_inquiry_id, component_id, user_id, comment, agreed_to_terms, rating, phase, tc_user_id, version, create_time, project_id) VALUES (80018015, 80018007, 80018021, null, 1, 323, 149, 80018021, 0, CURRENT, 80018007);
INSERT INTO project_result (user_id, project_id, old_rating, new_rating, raw_score, final_score, payment, placed, rating_ind, valid_submission_ind, create_date, modify_date, passed_review_ind, point_adjustment, rating_order) VALUES (80018021, 80018007, 323, null, null, null, null, null, 0, 0, CURRENT, CURRENT, null, null, null);
UPDATE user_rating SET rating = 323 WHERE user_id = 80018021 AND phase_id = 149;
INSERT INTO resource (resource_id, resource_role_id, project_id, project_phase_id, create_user, create_date, modify_user, modify_date, user_id) VALUES (80018068, 1, 80018007, NULL, 132456, CURRENT, 132456, CURRENT, 80018022);
INSERT INTO component_inquiry (component_inquiry_id, component_id, user_id, comment, agreed_to_terms, rating, phase, tc_user_id, version, create_time, project_id) VALUES (80018016, 80018007, 80018022, null, 1, 0, 149, 80018022, 0, CURRENT, 80018007);
INSERT INTO project_result (user_id, project_id, old_rating, new_rating, raw_score, final_score, payment, placed, rating_ind, valid_submission_ind, create_date, modify_date, passed_review_ind, point_adjustment, rating_order) VALUES (80018022, 80018007, null, null, null, null, null, null, 0, 0, CURRENT, CURRENT, null, null, null);
UPDATE user_rating SET rating = 0 WHERE user_id = 80018022 AND phase_id = 149;
INSERT INTO resource (resource_id, resource_role_id, project_id, project_phase_id, create_user, create_date, modify_user, modify_date, user_id) VALUES (80018069, 1, 80018007, NULL, 132456, CURRENT, 132456, CURRENT, 80018004);
INSERT INTO component_inquiry (component_inquiry_id, component_id, user_id, comment, agreed_to_terms, rating, phase, tc_user_id, version, create_time, project_id) VALUES (80018017, 80018007, 80018004, null, 1, 764, 149, 80018004, 0, CURRENT, 80018007);
INSERT INTO project_result (user_id, project_id, old_rating, new_rating, raw_score, final_score, payment, placed, rating_ind, valid_submission_ind, create_date, modify_date, passed_review_ind, point_adjustment, rating_order) VALUES (80018004, 80018007, 764, null, null, null, null, null, 0, 0, CURRENT, CURRENT, null, null, null);
UPDATE user_rating SET rating = 764 WHERE user_id = 80018004 AND phase_id = 149;
INSERT INTO resource (resource_id, resource_role_id, project_id, project_phase_id, create_user, create_date, modify_user, modify_date, user_id) VALUES (80018070, 8, 80018007, 80018069, 132456, CURRENT, 132456, CURRENT, 124835);
INSERT INTO resource (resource_id, resource_role_id, project_id, project_phase_id, create_user, create_date, modify_user, modify_date, user_id) VALUES (80018071, 9, 80018007, 80018071, 132456, CURRENT, 132456, CURRENT, 124835);
INSERT INTO resource (resource_id, resource_role_id, project_id, project_phase_id, create_user, create_date, modify_user, modify_date, user_id) VALUES (80018072, 14, 80018007, NULL, 132456, CURRENT, 132456, CURRENT, 132456);
INSERT INTO resource (resource_id, resource_role_id, project_id, project_phase_id, create_user, create_date, modify_user, modify_date, user_id) VALUES (80018073, 10, 80018007, NULL, 132456, CURRENT, 132456, CURRENT, 132458);
INSERT INTO resource_info (resource_id, resource_info_type_id, value, create_user, create_date, modify_user, modify_date) VALUES (80018065, 1, '132456', 132456, CURRENT, 132456, CURRENT);
INSERT INTO resource_info (resource_id, resource_info_type_id, value, create_user, create_date, modify_user, modify_date) VALUES (80018065, 2, 'heffan', 132456, CURRENT, 132456, CURRENT);
INSERT INTO resource_info (resource_id, resource_info_type_id, value, create_user, create_date, modify_user, modify_date) VALUES (80018065, 8, 'N/A', 132456, CURRENT, 132456, CURRENT);
INSERT INTO resource_info (resource_id, resource_info_type_id, value, create_user, create_date, modify_user, modify_date) VALUES (80018065, 6, '05.12.2016 03:16 AM', 132456, CURRENT, 132456, CURRENT);
INSERT INTO resource_info (resource_id, resource_info_type_id, value, create_user, create_date, modify_user, modify_date) VALUES (80018066, 1, '22770213', 132456, CURRENT, 132456, CURRENT);
INSERT INTO resource_info (resource_id, resource_info_type_id, value, create_user, create_date, modify_user, modify_date) VALUES (80018066, 2, 'Applications', 132456, CURRENT, 132456, CURRENT);
INSERT INTO resource_info (resource_id, resource_info_type_id, value, create_user, create_date, modify_user, modify_date) VALUES (80018066, 8, 'N/A', 132456, CURRENT, 132456, CURRENT);
INSERT INTO resource_info (resource_id, resource_info_type_id, value, create_user, create_date, modify_user, modify_date) VALUES (80018066, 6, '05.12.2016 03:17 AM', 132456, CURRENT, 132456, CURRENT);
INSERT INTO resource_info (resource_id, resource_info_type_id, value, create_user, create_date, modify_user, modify_date) VALUES (80018067, 1, '80018021', 132456, CURRENT, 132456, CURRENT);
INSERT INTO resource_info (resource_id, resource_info_type_id, value, create_user, create_date, modify_user, modify_date) VALUES (80018067, 2, 'flexme80018021', 132456, CURRENT, 132456, CURRENT);
INSERT INTO resource_info (resource_id, resource_info_type_id, value, create_user, create_date, modify_user, modify_date) VALUES (80018067, 3, 'test@test.com', 132456, CURRENT, 132456, CURRENT);
INSERT INTO resource_info (resource_id, resource_info_type_id, value, create_user, create_date, modify_user, modify_date) VALUES (80018067, 4, '323', 132456, CURRENT, 132456, CURRENT);
INSERT INTO resource_info (resource_id, resource_info_type_id, value, create_user, create_date, modify_user, modify_date) VALUES (80018067, 5, '88', 132456, CURRENT, 132456, CURRENT);
INSERT INTO resource_info (resource_id, resource_info_type_id, value, create_user, create_date, modify_user, modify_date) VALUES (80018067, 8, 'N/A', 132456, CURRENT, 132456, CURRENT);
INSERT INTO resource_info (resource_id, resource_info_type_id, value, create_user, create_date, modify_user, modify_date) VALUES (80018067, 6, '05.12.2016 03:18 AM', 132456, CURRENT, 132456, CURRENT);
INSERT INTO resource_info (resource_id, resource_info_type_id, value, create_user, create_date, modify_user, modify_date) VALUES (80018067, 13, 'No', 132456, CURRENT, 132456, CURRENT);
INSERT INTO resource_info (resource_id, resource_info_type_id, value, create_user, create_date, modify_user, modify_date) VALUES (80018068, 1, '80018022', 132456, CURRENT, 132456, CURRENT);
INSERT INTO resource_info (resource_id, resource_info_type_id, value, create_user, create_date, modify_user, modify_date) VALUES (80018068, 2, 'heffan80018022', 132456, CURRENT, 132456, CURRENT);
INSERT INTO resource_info (resource_id, resource_info_type_id, value, create_user, create_date, modify_user, modify_date) VALUES (80018068, 3, 'test@test.com', 132456, CURRENT, 132456, CURRENT);
INSERT INTO resource_info (resource_id, resource_info_type_id, value, create_user, create_date, modify_user, modify_date) VALUES (80018068, 8, 'N/A', 132456, CURRENT, 132456, CURRENT);
INSERT INTO resource_info (resource_id, resource_info_type_id, value, create_user, create_date, modify_user, modify_date) VALUES (80018068, 6, '05.12.2016 03:19 AM', 132456, CURRENT, 132456, CURRENT);
INSERT INTO resource_info (resource_id, resource_info_type_id, value, create_user, create_date, modify_user, modify_date) VALUES (80018068, 13, 'No', 132456, CURRENT, 132456, CURRENT);
INSERT INTO resource_info (resource_id, resource_info_type_id, value, create_user, create_date, modify_user, modify_date) VALUES (80018069, 1, '80018004', 132456, CURRENT, 132456, CURRENT);
INSERT INTO resource_info (resource_id, resource_info_type_id, value, create_user, create_date, modify_user, modify_date) VALUES (80018069, 2, 'ThinMan80018004', 132456, CURRENT, 132456, CURRENT);
INSERT INTO resource_info (resource_id, resource_info_type_id, value, create_user, create_date, modify_user, modify_date) VALUES (80018069, 3, 'test@test.com', 132456, CURRENT, 132456, CURRENT);
INSERT INTO resource_info (resource_id, resource_info_type_id, value, create_user, create_date, modify_user, modify_date) VALUES (80018069, 4, '764', 132456, CURRENT, 132456, CURRENT);
INSERT INTO resource_info (resource_id, resource_info_type_id, value, create_user, create_date, modify_user, modify_date) VALUES (80018069, 5, '24', 132456, CURRENT, 132456, CURRENT);
INSERT INTO resource_info (resource_id, resource_info_type_id, value, create_user, create_date, modify_user, modify_date) VALUES (80018069, 8, 'N/A', 132456, CURRENT, 132456, CURRENT);
INSERT INTO resource_info (resource_id, resource_info_type_id, value, create_user, create_date, modify_user, modify_date) VALUES (80018069, 6, '05.12.2016 03:20 AM', 132456, CURRENT, 132456, CURRENT);
INSERT INTO resource_info (resource_id, resource_info_type_id, value, create_user, create_date, modify_user, modify_date) VALUES (80018069, 13, 'No', 132456, CURRENT, 132456, CURRENT);
INSERT INTO resource_info (resource_id, resource_info_type_id, value, create_user, create_date, modify_user, modify_date) VALUES (80018070, 1, '124835', 132456, CURRENT, 132456, CURRENT);
INSERT INTO resource_info (resource_id, resource_info_type_id, value, create_user, create_date, modify_user, modify_date) VALUES (80018070, 2, 'reassembler', 132456, CURRENT, 132456, CURRENT);
INSERT INTO resource_info (resource_id, resource_info_type_id, value, create_user, create_date, modify_user, modify_date) VALUES (80018070, 8, 'N/A', 132456, CURRENT, 132456, CURRENT);
INSERT INTO resource_info (resource_id, resource_info_type_id, value, create_user, create_date, modify_user, modify_date) VALUES (80018070, 6, '05.02.2016 09:21 PM', 132456, CURRENT, 132456, CURRENT);
INSERT INTO resource_info (resource_id, resource_info_type_id, value, create_user, create_date, modify_user, modify_date) VALUES (80018071, 1, '124835', 132456, CURRENT, 132456, CURRENT);
INSERT INTO resource_info (resource_id, resource_info_type_id, value, create_user, create_date, modify_user, modify_date) VALUES (80018071, 2, 'reassembler', 132456, CURRENT, 132456, CURRENT);
INSERT INTO resource_info (resource_id, resource_info_type_id, value, create_user, create_date, modify_user, modify_date) VALUES (80018071, 8, 'N/A', 132456, CURRENT, 132456, CURRENT);
INSERT INTO resource_info (resource_id, resource_info_type_id, value, create_user, create_date, modify_user, modify_date) VALUES (80018071, 6, '05.04.2016 09:22 AM', 132456, CURRENT, 132456, CURRENT);
INSERT INTO resource_info (resource_id, resource_info_type_id, value, create_user, create_date, modify_user, modify_date) VALUES (80018072, 1, '132456', 132456, CURRENT, 132456, CURRENT);
INSERT INTO resource_info (resource_id, resource_info_type_id, value, create_user, create_date, modify_user, modify_date) VALUES (80018072, 2, 'heffan', 132456, CURRENT, 132456, CURRENT);
INSERT INTO resource_info (resource_id, resource_info_type_id, value, create_user, create_date, modify_user, modify_date) VALUES (80018072, 8, 'N/A', 132456, CURRENT, 132456, CURRENT);
INSERT INTO resource_info (resource_id, resource_info_type_id, value, create_user, create_date, modify_user, modify_date) VALUES (80018072, 6, '05.12.2016 03:23 AM', 132456, CURRENT, 132456, CURRENT);
INSERT INTO resource_info (resource_id, resource_info_type_id, value, create_user, create_date, modify_user, modify_date) VALUES (80018073, 1, '132458', 132456, CURRENT, 132456, CURRENT);
INSERT INTO resource_info (resource_id, resource_info_type_id, value, create_user, create_date, modify_user, modify_date) VALUES (80018073, 2, 'user', 132456, CURRENT, 132456, CURRENT);
INSERT INTO resource_info (resource_id, resource_info_type_id, value, create_user, create_date, modify_user, modify_date) VALUES (80018073, 8, 'N/A', 132456, CURRENT, 132456, CURRENT);
INSERT INTO resource_info (resource_id, resource_info_type_id, value, create_user, create_date, modify_user, modify_date) VALUES (80018073, 6, '05.12.2016 03:24 AM', 132456, CURRENT, 132456, CURRENT);
INSERT INTO upload (upload_id, project_id, resource_id, upload_type_id, upload_status_id, parameter, create_user, create_date, modify_user, modify_date, project_phase_id) VALUES (80018015, 80018007, 80018067, 1, 1, '80018007_80018067_80018015.zip', 80018021, '2016-05-12 03:18:09', 80018021, CURRENT, 80018067);
INSERT INTO submission (submission_id, upload_id, submission_status_id, screening_score, initial_score, final_score, placement, submission_type_id, create_user, create_date, modify_user, modify_date, prize_id) VALUES (80018012, 80018015, 1, null, null, null, null, 1, 80018021, '2016-05-12 10:57:13', 80018021, '2016-05-12 10:57:13', null);
INSERT INTO resource_submission (resource_id, submission_id, create_user, create_date, modify_user, modify_date) VALUES (80018067, 80018012, 80018021, CURRENT, 80018021, CURRENT);
INSERT INTO notification (project_id, external_ref_id, notification_type_id, create_user, create_date, modify_user, modify_date) VALUES (80018007, 80018004, 1, 132456, CURRENT, 132456, CURRENT);
INSERT INTO notification (project_id, external_ref_id, notification_type_id, create_user, create_date, modify_user, modify_date) VALUES (80018007, 80018021, 1, 132456, CURRENT, 132456, CURRENT);
INSERT INTO notification (project_id, external_ref_id, notification_type_id, create_user, create_date, modify_user, modify_date) VALUES (80018007, 80018022, 1, 132456, CURRENT, 132456, CURRENT);
INSERT INTO notification (project_id, external_ref_id, notification_type_id, create_user, create_date, modify_user, modify_date) VALUES (80018007, 124835, 1, 132456, CURRENT, 132456, CURRENT);
INSERT INTO notification (project_id, external_ref_id, notification_type_id, create_user, create_date, modify_user, modify_date) VALUES (80018007, 132458, 1, 132456, CURRENT, 132456, CURRENT);
INSERT INTO notification (project_id, external_ref_id, notification_type_id, create_user, create_date, modify_user, modify_date) VALUES (80018007, 132456, 1, 132456, CURRENT, 132456, CURRENT);
INSERT INTO notification (project_id, external_ref_id, notification_type_id, create_user, create_date, modify_user, modify_date) VALUES (80018007, 22770213, 1, 132456, CURRENT, 132456, CURRENT);
INSERT INTO contest_sale (contest_sale_id, contest_id, sale_status_id, price, paypal_order_id, create_date, sale_reference_id, sale_type_id) VALUES (80018007, 80018007, 1, 8436.0, 'PO BOX 80018001', CURRENT, 'PO BOX 80018001', 2);
INSERT INTO project_payment (project_payment_id, project_payment_type_id, resource_id, submission_id, amount, pacts_payment_id, create_user,create_date, modify_user, modify_date) VALUES (80018020, 3, 80018070, null, 10.0, null, 132456, CURRENT, 132456, CURRENT);
INSERT INTO project_payment (project_payment_id, project_payment_type_id, resource_id, submission_id, amount, pacts_payment_id, create_user,create_date, modify_user, modify_date) VALUES (80018021, 4, 80018072, null, 350.0, null, 132456, CURRENT, 132456, CURRENT);
INSERT INTO contest_milestone_xref (contest_id, project_milestone_id, create_user, create_date, modify_user, modify_date) VALUES (80018007, 800180011, 132456, CURRENT, 132456, CURRENT);
INSERT INTO project_platform (project_id, project_platform_id, create_user, create_date, modify_user, modify_date) VALUES (80018007, 5, 132456, CURRENT, 132456, CURRENT);
INSERT INTO project_platform (project_id, project_platform_id, create_user, create_date, modify_user, modify_date) VALUES (80018007, 15, 132456, CURRENT, 132456, CURRENT);
INSERT INTO project_platform (project_id, project_platform_id, create_user, create_date, modify_user, modify_date) VALUES (80018007, 6, 132456, CURRENT, 132456, CURRENT);
INSERT INTO review_auction (review_auction_id, project_id, review_auction_type_id) VALUES (80018007, 80018007, 1);
INSERT INTO comp_catalog (component_id, current_version, short_desc, component_name, description, function_desc, create_time, status_id, root_category_id, modify_date, public_ind)  VALUES (80018008, 1, 'Short description for Assembly Competition Contest 8', 'Assembly Competition Contest 8', 'Description for Assembly Competition Contest 8', 'Functional description for Assembly Competition Contest 8', CURRENT, 1, 26805357, CURRENT, 1);
INSERT INTO comp_categories (comp_categories_id, component_id, category_id)  VALUES (80018008, 80018008, 26805357);
INSERT INTO comp_versions (comp_vers_id, component_id, version, version_text, create_time, phase_id, phase_time, price, comments, modify_date, suspended_ind) VALUES (80018008, 80018008, 1, '1.0', CURRENT, 112, CURRENT, 800.0, 'Comments for version #1', CURRENT, 0);
INSERT INTO comp_version_dates (comp_version_dates_id, comp_vers_id, phase_id, posting_date, initial_submission_date, winner_announced_date, final_submission_date, estimated_dev_date, price, total_submissions, status_id, create_time, level_id, screening_complete_date, review_complete_date, aggregation_complete_date, phase_complete_date, production_date, aggregation_complete_date_comment, phase_complete_date_comment, review_complete_date_comment, winner_announced_date_comment, initial_submission_date_comment, screening_complete_date_comment, final_submission_date_comment, production_date_comment, modify_date) VALUES (80018008, 80018008, 112, '1976-06-05', '2000-02-01', '2000-02-01', '2000-02-01', '2000-02-01', 0.00, 0, 301, CURRENT, 100, '2000-02-01', '2000-02-01', '2000-02-01', '2000-02-01', null, null, null, null, null, null, null, null, null, CURRENT);
INSERT INTO comp_technology (comp_tech_id, comp_vers_id, technology_type_id) VALUES (800180080, 80018008, 27052211);
INSERT INTO comp_technology (comp_tech_id, comp_vers_id, technology_type_id) VALUES (800180081, 80018008, 11);
INSERT INTO comp_technology (comp_tech_id, comp_vers_id, technology_type_id) VALUES (800180082, 80018008, 1);
INSERT INTO comp_technology (comp_tech_id, comp_vers_id, technology_type_id) VALUES (800180083, 80018008, 27154786);
INSERT INTO project (project_id, project_status_id, project_category_id, create_user, create_date, modify_user, modify_date, tc_direct_project_id, project_studio_spec_id) VALUES (80018008, 1, 14, 132456, CURRENT, 132456, CURRENT, 80018001, NULL);
INSERT INTO project_info (project_id, project_info_type_id, value, create_user, create_date, modify_user, modify_date) VALUES (80018008, 1, '80018008', 132456, CURRENT, 132456, CURRENT);
INSERT INTO project_info (project_id, project_info_type_id, value, create_user, create_date, modify_user, modify_date) VALUES (80018008, 2, '80018008', 132456, CURRENT, 132456, CURRENT);
INSERT INTO project_info (project_id, project_info_type_id, value, create_user, create_date, modify_user, modify_date) VALUES (80018008, 3, '80018008', 132456, CURRENT, 132456, CURRENT);
INSERT INTO project_info (project_id, project_info_type_id, value, create_user, create_date, modify_user, modify_date) VALUES (80018008, 4, '80018009', 132456, CURRENT, 132456, CURRENT);
INSERT INTO comp_jive_category_xref (comp_vers_id, jive_category_id) VALUES (80018008, 0);
INSERT INTO project_info (project_id, project_info_type_id, value, create_user, create_date, modify_user, modify_date) VALUES (80018008, 5, '26805357', 132456, CURRENT, 132456, CURRENT);
INSERT INTO project_info (project_id, project_info_type_id, value, create_user, create_date, modify_user, modify_date) VALUES (80018008, 6, 'Assembly Competition Contest 8', 132456, CURRENT, 132456, CURRENT);
INSERT INTO project_info (project_id, project_info_type_id, value, create_user, create_date, modify_user, modify_date) VALUES (80018008, 7, '1.0', 132456, CURRENT, 132456, CURRENT);
INSERT INTO project_info (project_id, project_info_type_id, value, create_user, create_date, modify_user, modify_date) VALUES (80018008, 8, '', 132456, CURRENT, 132456, CURRENT);
INSERT INTO project_info (project_id, project_info_type_id, value, create_user, create_date, modify_user, modify_date) VALUES (80018008, 11, 'On', 132456, CURRENT, 132456, CURRENT);
INSERT INTO project_info (project_id, project_info_type_id, value, create_user, create_date, modify_user, modify_date) VALUES (80018008, 9, 'On', 132456, CURRENT, 132456, CURRENT);
INSERT INTO project_info (project_id, project_info_type_id, value, create_user, create_date, modify_user, modify_date) VALUES (80018008, 10, 'On', 132456, CURRENT, 132456, CURRENT);
INSERT INTO project_info (project_id, project_info_type_id, value, create_user, create_date, modify_user, modify_date) VALUES (80018008, 12, 'Yes', 132456, CURRENT, 132456, CURRENT);
INSERT INTO project_info (project_id, project_info_type_id, value, create_user, create_date, modify_user, modify_date) VALUES (80018008, 13, 'Yes', 132456, CURRENT, 132456, CURRENT);
INSERT INTO project_info (project_id, project_info_type_id, value, create_user, create_date, modify_user, modify_date) VALUES (80018008, 14, 'Open', 132456, CURRENT, 132456, CURRENT);
INSERT INTO project_info (project_id, project_info_type_id, value, create_user, create_date, modify_user, modify_date) VALUES (80018008, 16, '800.0', 132456, CURRENT, 132456, CURRENT);
INSERT INTO project_info (project_id, project_info_type_id, value, create_user, create_date, modify_user, modify_date) VALUES (80018008, 17, '', 132456, CURRENT, 132456, CURRENT);
INSERT INTO project_info (project_id, project_info_type_id, value, create_user, create_date, modify_user, modify_date) VALUES (80018008, 26, 'On', 132456, CURRENT, 132456, CURRENT);
INSERT INTO project_info (project_id, project_info_type_id, value, create_user, create_date, modify_user, modify_date) VALUES (80018008, 30, '360.0', 132456, CURRENT, 132456, CURRENT);
INSERT INTO project_info (project_id, project_info_type_id, value, create_user, create_date, modify_user, modify_date) VALUES (80018008, 31, '6001.0', 132456, CURRENT, 132456, CURRENT);
INSERT INTO project_info (project_id, project_info_type_id, value, create_user, create_date, modify_user, modify_date) VALUES (80018008, 33, '605.0', 132456, CURRENT, 132456, CURRENT);
INSERT INTO project_info (project_id, project_info_type_id, value, create_user, create_date, modify_user, modify_date) VALUES (80018008, 35, '30.0', 132456, CURRENT, 132456, CURRENT);
INSERT INTO project_info (project_id, project_info_type_id, value, create_user, create_date, modify_user, modify_date) VALUES (80018008, 36, '800.0', 132456, CURRENT, 132456, CURRENT);
INSERT INTO project_info (project_id, project_info_type_id, value, create_user, create_date, modify_user, modify_date) VALUES (80018008, 37, '400.0', 132456, CURRENT, 132456, CURRENT);
INSERT INTO project_info (project_id, project_info_type_id, value, create_user, create_date, modify_user, modify_date) VALUES (80018008, 45, 'true', 132456, CURRENT, 132456, CURRENT);
INSERT INTO project_info (project_id, project_info_type_id, value, create_user, create_date, modify_user, modify_date) VALUES (80018008, 47, 'true', 132456, CURRENT, 132456, CURRENT);
INSERT INTO project_info (project_id, project_info_type_id, value, create_user, create_date, modify_user, modify_date) VALUES (80018008, 38, '240.0', 132456, CURRENT, 132456, CURRENT);
INSERT INTO project_info (project_id, project_info_type_id, value, create_user, create_date, modify_user, modify_date) VALUES (80018008, 39, '0.0', 132456, CURRENT, 132456, CURRENT);
INSERT INTO project_info (project_id, project_info_type_id, value, create_user, create_date, modify_user, modify_date) VALUES (80018008, 40, 'A', 132456, CURRENT, 132456, CURRENT);
INSERT INTO project_info (project_id, project_info_type_id, value, create_user, create_date, modify_user, modify_date) VALUES (80018008, 32, '80018001', 132456, CURRENT, 132456, CURRENT);
INSERT INTO project_info (project_id, project_info_type_id, value, create_user, create_date, modify_user, modify_date) VALUES (80018008, 41, 'true', 132456, CURRENT, 132456, CURRENT);
INSERT INTO project_info (project_id, project_info_type_id, value, create_user, create_date, modify_user, modify_date) VALUES (80018008, 43, 'true', 132456, CURRENT, 132456, CURRENT);
INSERT INTO project_info (project_id, project_info_type_id, value, create_user, create_date, modify_user, modify_date) VALUES (80018008, 44, 'false', 132456, CURRENT, 132456, CURRENT);
INSERT INTO project_info (project_id, project_info_type_id, value, create_user, create_date, modify_user, modify_date) VALUES (80018008, 46, 'true', 132456, CURRENT, 132456, CURRENT);
INSERT INTO project_info (project_id, project_info_type_id, value, create_user, create_date, modify_user, modify_date) VALUES (80018008, 48, 'true', 132456, CURRENT, 132456, CURRENT);
INSERT INTO project_info (project_id, project_info_type_id, value, create_user, create_date, modify_user, modify_date) VALUES (80018008, 49, '500', 132456, CURRENT, 132456, CURRENT);
INSERT INTO project_info (project_id, project_info_type_id, value, create_user, create_date, modify_user, modify_date) VALUES (80018008, 59, 'true', 132456, CURRENT, 132456, CURRENT);
INSERT INTO prize (prize_id, place, prize_amount, prize_type_id, number_of_submissions,                    create_user, create_date, modify_user, modify_date, project_id) VALUES (80018016, 1, 800.0, 15, 1, 132456, CURRENT, 132456, CURRENT, 80018008);
INSERT INTO prize (prize_id, place, prize_amount, prize_type_id, number_of_submissions,                    create_user, create_date, modify_user, modify_date, project_id) VALUES (80018017, 2, 400.0, 15, 1, 132456, CURRENT, 132456, CURRENT, 80018008);
INSERT INTO project_spec (project_spec_id, project_id, version, detailed_requirements, submission_deliverables, environment_setup_instruction, final_submission_guidelines, private_description, create_user, create_date, modify_user, modify_date) VALUES (80018008, 80018008, 1, 'Detailed requirements for Assembly Competition Contest 8', '', '', 'Final submission guidelines for Assembly Competition Contest 8', '', 132456, CURRENT, 132456, CURRENT);
INSERT INTO project_phase (project_phase_id, project_id, phase_type_id, phase_status_id, fixed_start_time, scheduled_start_time, scheduled_end_time, actual_start_time, actual_end_time, duration, create_user, create_date, modify_user, modify_date) VALUES (80018073, 80018008, 13, 3, CURRENT + -9480 UNITS MINUTE, CURRENT + -9480 UNITS MINUTE, CURRENT + -6600 UNITS MINUTE, CURRENT + -9480 UNITS MINUTE, CURRENT + -6600 UNITS MINUTE, 172800000, 132456, CURRENT, 132456, CURRENT);
INSERT INTO project_phase (project_phase_id, project_id, phase_type_id, phase_status_id, fixed_start_time, scheduled_start_time, scheduled_end_time, actual_start_time, actual_end_time, duration, create_user, create_date, modify_user, modify_date) VALUES (80018074, 80018008, 14, 3, null, CURRENT + -6600 UNITS MINUTE, CURRENT + -6480 UNITS MINUTE, CURRENT + -6600 UNITS MINUTE, CURRENT + -6480 UNITS MINUTE, 7200000, 132456, CURRENT, 132456, CURRENT);
INSERT INTO project_phase (project_phase_id, project_id, phase_type_id, phase_status_id, fixed_start_time, scheduled_start_time, scheduled_end_time, actual_start_time, actual_end_time, duration, create_user, create_date, modify_user, modify_date) VALUES (80018075, 80018008, 1, 3, CURRENT + -6480 UNITS MINUTE, CURRENT + -6480 UNITS MINUTE, CURRENT + -3600 UNITS MINUTE, CURRENT + -6480 UNITS MINUTE, CURRENT + -3600 UNITS MINUTE, 172800000, 132456, CURRENT, 132456, CURRENT);
INSERT INTO project_phase (project_phase_id, project_id, phase_type_id, phase_status_id, fixed_start_time, scheduled_start_time, scheduled_end_time, actual_start_time, actual_end_time, duration, create_user, create_date, modify_user, modify_date) VALUES (80018076, 80018008, 2, 2, null, CURRENT + -6480 UNITS MINUTE, CURRENT + 720 UNITS MINUTE, CURRENT + -6480 UNITS MINUTE, null, 432000000, 132456, CURRENT, 132456, CURRENT);
INSERT INTO project_phase (project_phase_id, project_id, phase_type_id, phase_status_id, fixed_start_time, scheduled_start_time, scheduled_end_time, actual_start_time, actual_end_time, duration, create_user, create_date, modify_user, modify_date) VALUES (80018077, 80018008, 3, 1, null, CURRENT + 720 UNITS MINUTE, CURRENT + 1440 UNITS MINUTE, null, null, 43200000, 132456, CURRENT, 132456, CURRENT);
INSERT INTO project_phase (project_phase_id, project_id, phase_type_id, phase_status_id, fixed_start_time, scheduled_start_time, scheduled_end_time, actual_start_time, actual_end_time, duration, create_user, create_date, modify_user, modify_date) VALUES (80018078, 80018008, 4, 1, null, CURRENT + 1440 UNITS MINUTE, CURRENT + 4320 UNITS MINUTE, null, null, 172800000, 132456, CURRENT, 132456, CURRENT);
INSERT INTO project_phase (project_phase_id, project_id, phase_type_id, phase_status_id, fixed_start_time, scheduled_start_time, scheduled_end_time, actual_start_time, actual_end_time, duration, create_user, create_date, modify_user, modify_date) VALUES (80018079, 80018008, 5, 1, null, CURRENT + 4320 UNITS MINUTE, CURRENT + 5760 UNITS MINUTE, null, null, 86400000, 132456, CURRENT, 132456, CURRENT);
INSERT INTO project_phase (project_phase_id, project_id, phase_type_id, phase_status_id, fixed_start_time, scheduled_start_time, scheduled_end_time, actual_start_time, actual_end_time, duration, create_user, create_date, modify_user, modify_date) VALUES (80018080, 80018008, 6, 1, null, CURRENT + 5760 UNITS MINUTE, CURRENT + 6480 UNITS MINUTE, null, null, 43200000, 132456, CURRENT, 132456, CURRENT);
INSERT INTO project_phase (project_phase_id, project_id, phase_type_id, phase_status_id, fixed_start_time, scheduled_start_time, scheduled_end_time, actual_start_time, actual_end_time, duration, create_user, create_date, modify_user, modify_date) VALUES (80018081, 80018008, 7, 1, null, CURRENT + 6480 UNITS MINUTE, CURRENT + 7200 UNITS MINUTE, null, null, 43200000, 132456, CURRENT, 132456, CURRENT);
INSERT INTO project_phase (project_phase_id, project_id, phase_type_id, phase_status_id, fixed_start_time, scheduled_start_time, scheduled_end_time, actual_start_time, actual_end_time, duration, create_user, create_date, modify_user, modify_date) VALUES (80018082, 80018008, 9, 1, null, CURRENT + 7200 UNITS MINUTE, CURRENT + 8640 UNITS MINUTE, null, null, 86400000, 132456, CURRENT, 132456, CURRENT);
INSERT INTO project_phase (project_phase_id, project_id, phase_type_id, phase_status_id, fixed_start_time, scheduled_start_time, scheduled_end_time, actual_start_time, actual_end_time, duration, create_user, create_date, modify_user, modify_date) VALUES (80018083, 80018008, 10, 1, null, CURRENT + 8640 UNITS MINUTE, CURRENT + 9360 UNITS MINUTE, null, null, 43200000, 132456, CURRENT, 132456, CURRENT);
INSERT INTO project_phase (project_phase_id, project_id, phase_type_id, phase_status_id, fixed_start_time, scheduled_start_time, scheduled_end_time, actual_start_time, actual_end_time, duration, create_user, create_date, modify_user, modify_date) VALUES (80018084, 80018008, 11, 1, null, CURRENT + 9360 UNITS MINUTE, CURRENT + 16560 UNITS MINUTE, null, null, 432000000, 132456, CURRENT, 132456, CURRENT);
INSERT INTO phase_dependency (dependency_phase_id, dependent_phase_id, dependency_start, dependent_start, lag_time, create_user, create_date, modify_user, modify_date) VALUES (80018073, 80018074, 0, 1, 0, 132456, CURRENT, 132456, CURRENT);
INSERT INTO phase_dependency (dependency_phase_id, dependent_phase_id, dependency_start, dependent_start, lag_time, create_user, create_date, modify_user, modify_date) VALUES (80018074, 80018075, 0, 1, 0, 132456, CURRENT, 132456, CURRENT);
INSERT INTO phase_dependency (dependency_phase_id, dependent_phase_id, dependency_start, dependent_start, lag_time, create_user, create_date, modify_user, modify_date) VALUES (80018075, 80018076, 1, 1, 0, 132456, CURRENT, 132456, CURRENT);
INSERT INTO phase_dependency (dependency_phase_id, dependent_phase_id, dependency_start, dependent_start, lag_time, create_user, create_date, modify_user, modify_date) VALUES (80018076, 80018077, 0, 1, 0, 132456, CURRENT, 132456, CURRENT);
INSERT INTO phase_dependency (dependency_phase_id, dependent_phase_id, dependency_start, dependent_start, lag_time, create_user, create_date, modify_user, modify_date) VALUES (80018077, 80018078, 0, 1, 0, 132456, CURRENT, 132456, CURRENT);
INSERT INTO phase_dependency (dependency_phase_id, dependent_phase_id, dependency_start, dependent_start, lag_time, create_user, create_date, modify_user, modify_date) VALUES (80018078, 80018079, 0, 1, 0, 132456, CURRENT, 132456, CURRENT);
INSERT INTO phase_dependency (dependency_phase_id, dependent_phase_id, dependency_start, dependent_start, lag_time, create_user, create_date, modify_user, modify_date) VALUES (80018079, 80018080, 0, 1, 0, 132456, CURRENT, 132456, CURRENT);
INSERT INTO phase_dependency (dependency_phase_id, dependent_phase_id, dependency_start, dependent_start, lag_time, create_user, create_date, modify_user, modify_date) VALUES (80018080, 80018081, 0, 1, 0, 132456, CURRENT, 132456, CURRENT);
INSERT INTO phase_dependency (dependency_phase_id, dependent_phase_id, dependency_start, dependent_start, lag_time, create_user, create_date, modify_user, modify_date) VALUES (80018081, 80018082, 0, 1, 0, 132456, CURRENT, 132456, CURRENT);
INSERT INTO phase_dependency (dependency_phase_id, dependent_phase_id, dependency_start, dependent_start, lag_time, create_user, create_date, modify_user, modify_date) VALUES (80018082, 80018083, 0, 1, 0, 132456, CURRENT, 132456, CURRENT);
INSERT INTO phase_dependency (dependency_phase_id, dependent_phase_id, dependency_start, dependent_start, lag_time, create_user, create_date, modify_user, modify_date) VALUES (80018083, 80018084, 0, 1, 0, 132456, CURRENT, 132456, CURRENT);
INSERT INTO phase_criteria (project_phase_id, phase_criteria_type_id, parameter, create_user, create_date, modify_user, modify_date) VALUES (80018074, 1, '30000722', 132456, CURRENT, 132456, CURRENT);
INSERT INTO phase_criteria (project_phase_id, phase_criteria_type_id, parameter, create_user, create_date, modify_user, modify_date) VALUES (80018074, 6, '1', 132456, CURRENT, 132456, CURRENT);
INSERT INTO phase_criteria (project_phase_id, phase_criteria_type_id, parameter, create_user, create_date, modify_user, modify_date) VALUES (80018075, 2, '0', 132456, CURRENT, 132456, CURRENT);
INSERT INTO phase_criteria (project_phase_id, phase_criteria_type_id, parameter, create_user, create_date, modify_user, modify_date) VALUES (80018075, 5, 'No', 132456, CURRENT, 132456, CURRENT);
INSERT INTO phase_criteria (project_phase_id, phase_criteria_type_id, parameter, create_user, create_date, modify_user, modify_date) VALUES (80018076, 3, '0', 132456, CURRENT, 132456, CURRENT);
INSERT INTO phase_criteria (project_phase_id, phase_criteria_type_id, parameter, create_user, create_date, modify_user, modify_date) VALUES (80018076, 5, 'Yes', 132456, CURRENT, 132456, CURRENT);
INSERT INTO phase_criteria (project_phase_id, phase_criteria_type_id, parameter, create_user, create_date, modify_user, modify_date) VALUES (80018077, 1, '30000410', 132456, CURRENT, 132456, CURRENT);
INSERT INTO phase_criteria (project_phase_id, phase_criteria_type_id, parameter, create_user, create_date, modify_user, modify_date) VALUES (80018077, 5, 'No', 132456, CURRENT, 132456, CURRENT);
INSERT INTO phase_criteria (project_phase_id, phase_criteria_type_id, parameter, create_user, create_date, modify_user, modify_date) VALUES (80018078, 1, '30000411', 132456, CURRENT, 132456, CURRENT);
INSERT INTO phase_criteria (project_phase_id, phase_criteria_type_id, parameter, create_user, create_date, modify_user, modify_date) VALUES (80018078, 5, 'No', 132456, CURRENT, 132456, CURRENT);
INSERT INTO phase_criteria (project_phase_id, phase_criteria_type_id, parameter, create_user, create_date, modify_user, modify_date) VALUES (80018078, 6, '3', 132456, CURRENT, 132456, CURRENT);
INSERT INTO phase_criteria (project_phase_id, phase_criteria_type_id, parameter, create_user, create_date, modify_user, modify_date) VALUES (80018079, 4, 'No', 132456, CURRENT, 132456, CURRENT);
INSERT INTO phase_criteria (project_phase_id, phase_criteria_type_id, parameter, create_user, create_date, modify_user, modify_date) VALUES (80018079, 5, 'No', 132456, CURRENT, 132456, CURRENT);
INSERT INTO phase_criteria (project_phase_id, phase_criteria_type_id, parameter, create_user, create_date, modify_user, modify_date) VALUES (80018080, 5, 'No', 132456, CURRENT, 132456, CURRENT);
INSERT INTO phase_criteria (project_phase_id, phase_criteria_type_id, parameter, create_user, create_date, modify_user, modify_date) VALUES (80018081, 5, 'No', 132456, CURRENT, 132456, CURRENT);
INSERT INTO phase_criteria (project_phase_id, phase_criteria_type_id, parameter, create_user, create_date, modify_user, modify_date) VALUES (80018082, 5, 'No', 132456, CURRENT, 132456, CURRENT);
INSERT INTO phase_criteria (project_phase_id, phase_criteria_type_id, parameter, create_user, create_date, modify_user, modify_date) VALUES (80018083, 5, 'No', 132456, CURRENT, 132456, CURRENT);
INSERT INTO phase_criteria (project_phase_id, phase_criteria_type_id, parameter, create_user, create_date, modify_user, modify_date) VALUES (80018084, 1, '30000720', 132456, CURRENT, 132456, CURRENT);
INSERT INTO phase_criteria (project_phase_id, phase_criteria_type_id, parameter, create_user, create_date, modify_user, modify_date) VALUES (80018084, 6, '1', 132456, CURRENT, 132456, CURRENT);
INSERT INTO resource (resource_id, resource_role_id, project_id, project_phase_id, create_user, create_date, modify_user, modify_date, user_id) VALUES (80018074, 13, 80018008, NULL, 132456, CURRENT, 132456, CURRENT, 132456);
INSERT INTO resource (resource_id, resource_role_id, project_id, project_phase_id, create_user, create_date, modify_user, modify_date, user_id) VALUES (80018075, 13, 80018008, NULL, 132456, CURRENT, 132456, CURRENT, 22770213);
INSERT INTO resource (resource_id, resource_role_id, project_id, project_phase_id, create_user, create_date, modify_user, modify_date, user_id) VALUES (80018076, 17, 80018008, NULL, 132456, CURRENT, 132456, CURRENT, 132458);
INSERT INTO resource (resource_id, resource_role_id, project_id, project_phase_id, create_user, create_date, modify_user, modify_date, user_id) VALUES (80018077, 18, 80018008, 80018074, 132456, CURRENT, 132456, CURRENT, 124916);
INSERT INTO resource (resource_id, resource_role_id, project_id, project_phase_id, create_user, create_date, modify_user, modify_date, user_id) VALUES (80018078, 1, 80018008, NULL, 132456, CURRENT, 132456, CURRENT, 80018023);
INSERT INTO component_inquiry (component_inquiry_id, component_id, user_id, comment, agreed_to_terms, rating, phase, tc_user_id, version, create_time, project_id) VALUES (80018018, 80018008, 80018023, null, 1, 0, 125, 80018023, 0, CURRENT, 80018008);
INSERT INTO project_result (user_id, project_id, old_rating, new_rating, raw_score, final_score, payment, placed, rating_ind, valid_submission_ind, create_date, modify_date, passed_review_ind, point_adjustment, rating_order) VALUES (80018023, 80018008, null, null, null, null, null, null, 0, 0, CURRENT, CURRENT, null, null, null);
UPDATE user_rating SET rating = 0 WHERE user_id = 80018023 AND phase_id = 125;
INSERT INTO resource (resource_id, resource_role_id, project_id, project_phase_id, create_user, create_date, modify_user, modify_date, user_id) VALUES (80018079, 1, 80018008, NULL, 132456, CURRENT, 132456, CURRENT, 80018009);
INSERT INTO component_inquiry (component_inquiry_id, component_id, user_id, comment, agreed_to_terms, rating, phase, tc_user_id, version, create_time, project_id) VALUES (80018019, 80018008, 80018009, null, 1, 161, 125, 80018009, 0, CURRENT, 80018008);
INSERT INTO project_result (user_id, project_id, old_rating, new_rating, raw_score, final_score, payment, placed, rating_ind, valid_submission_ind, create_date, modify_date, passed_review_ind, point_adjustment, rating_order) VALUES (80018009, 80018008, 161, null, null, null, null, null, 0, 0, CURRENT, CURRENT, null, null, null);
UPDATE user_rating SET rating = 161 WHERE user_id = 80018009 AND phase_id = 125;
INSERT INTO resource (resource_id, resource_role_id, project_id, project_phase_id, create_user, create_date, modify_user, modify_date, user_id) VALUES (80018080, 1, 80018008, NULL, 132456, CURRENT, 132456, CURRENT, 80018024);
INSERT INTO component_inquiry (component_inquiry_id, component_id, user_id, comment, agreed_to_terms, rating, phase, tc_user_id, version, create_time, project_id) VALUES (80018020, 80018008, 80018024, null, 1, 2363, 125, 80018024, 0, CURRENT, 80018008);
INSERT INTO project_result (user_id, project_id, old_rating, new_rating, raw_score, final_score, payment, placed, rating_ind, valid_submission_ind, create_date, modify_date, passed_review_ind, point_adjustment, rating_order) VALUES (80018024, 80018008, 2363, null, null, null, null, null, 0, 0, CURRENT, CURRENT, null, null, null);
UPDATE user_rating SET rating = 2363 WHERE user_id = 80018024 AND phase_id = 125;
INSERT INTO resource (resource_id, resource_role_id, project_id, project_phase_id, create_user, create_date, modify_user, modify_date, user_id) VALUES (80018081, 2, 80018008, 80018077, 132456, CURRENT, 132456, CURRENT, 124836);
INSERT INTO resource (resource_id, resource_role_id, project_id, project_phase_id, create_user, create_date, modify_user, modify_date, user_id) VALUES (80018082, 4, 80018008, 80018078, 132456, CURRENT, 132456, CURRENT, 124836);
INSERT INTO resource (resource_id, resource_role_id, project_id, project_phase_id, create_user, create_date, modify_user, modify_date, user_id) VALUES (80018083, 8, 80018008, 80018081, 132456, CURRENT, 132456, CURRENT, 124836);
INSERT INTO resource (resource_id, resource_role_id, project_id, project_phase_id, create_user, create_date, modify_user, modify_date, user_id) VALUES (80018084, 9, 80018008, 80018083, 132456, CURRENT, 132456, CURRENT, 124836);
INSERT INTO resource (resource_id, resource_role_id, project_id, project_phase_id, create_user, create_date, modify_user, modify_date, user_id) VALUES (80018085, 14, 80018008, NULL, 132456, CURRENT, 132456, CURRENT, 132456);
INSERT INTO resource (resource_id, resource_role_id, project_id, project_phase_id, create_user, create_date, modify_user, modify_date, user_id) VALUES (80018086, 10, 80018008, NULL, 132456, CURRENT, 132456, CURRENT, 132458);
INSERT INTO resource_info (resource_id, resource_info_type_id, value, create_user, create_date, modify_user, modify_date) VALUES (80018074, 1, '132456', 132456, CURRENT, 132456, CURRENT);
INSERT INTO resource_info (resource_id, resource_info_type_id, value, create_user, create_date, modify_user, modify_date) VALUES (80018074, 2, 'heffan', 132456, CURRENT, 132456, CURRENT);
INSERT INTO resource_info (resource_id, resource_info_type_id, value, create_user, create_date, modify_user, modify_date) VALUES (80018074, 8, 'N/A', 132456, CURRENT, 132456, CURRENT);
INSERT INTO resource_info (resource_id, resource_info_type_id, value, create_user, create_date, modify_user, modify_date) VALUES (80018074, 6, '05.12.2016 03:16 AM', 132456, CURRENT, 132456, CURRENT);
INSERT INTO resource_info (resource_id, resource_info_type_id, value, create_user, create_date, modify_user, modify_date) VALUES (80018075, 1, '22770213', 132456, CURRENT, 132456, CURRENT);
INSERT INTO resource_info (resource_id, resource_info_type_id, value, create_user, create_date, modify_user, modify_date) VALUES (80018075, 2, 'Applications', 132456, CURRENT, 132456, CURRENT);
INSERT INTO resource_info (resource_id, resource_info_type_id, value, create_user, create_date, modify_user, modify_date) VALUES (80018075, 8, 'N/A', 132456, CURRENT, 132456, CURRENT);
INSERT INTO resource_info (resource_id, resource_info_type_id, value, create_user, create_date, modify_user, modify_date) VALUES (80018075, 6, '05.12.2016 03:17 AM', 132456, CURRENT, 132456, CURRENT);
INSERT INTO resource_info (resource_id, resource_info_type_id, value, create_user, create_date, modify_user, modify_date) VALUES (80018076, 1, '132458', 132456, CURRENT, 132456, CURRENT);
INSERT INTO resource_info (resource_id, resource_info_type_id, value, create_user, create_date, modify_user, modify_date) VALUES (80018076, 2, 'user', 132456, CURRENT, 132456, CURRENT);
INSERT INTO resource_info (resource_id, resource_info_type_id, value, create_user, create_date, modify_user, modify_date) VALUES (80018076, 8, 'N/A', 132456, CURRENT, 132456, CURRENT);
INSERT INTO resource_info (resource_id, resource_info_type_id, value, create_user, create_date, modify_user, modify_date) VALUES (80018076, 6, '05.12.2016 03:18 AM', 132456, CURRENT, 132456, CURRENT);
INSERT INTO resource_info (resource_id, resource_info_type_id, value, create_user, create_date, modify_user, modify_date) VALUES (80018077, 1, '124916', 132456, CURRENT, 132456, CURRENT);
INSERT INTO resource_info (resource_id, resource_info_type_id, value, create_user, create_date, modify_user, modify_date) VALUES (80018077, 2, 'Yoshi', 132456, CURRENT, 132456, CURRENT);
INSERT INTO resource_info (resource_id, resource_info_type_id, value, create_user, create_date, modify_user, modify_date) VALUES (80018077, 8, 'N/A', 132456, CURRENT, 132456, CURRENT);
INSERT INTO resource_info (resource_id, resource_info_type_id, value, create_user, create_date, modify_user, modify_date) VALUES (80018077, 6, '05.07.2016 01:19 PM', 132456, CURRENT, 132456, CURRENT);
INSERT INTO resource_info (resource_id, resource_info_type_id, value, create_user, create_date, modify_user, modify_date) VALUES (80018078, 1, '80018023', 132456, CURRENT, 132456, CURRENT);
INSERT INTO resource_info (resource_id, resource_info_type_id, value, create_user, create_date, modify_user, modify_date) VALUES (80018078, 2, 'mess80018023', 132456, CURRENT, 132456, CURRENT);
INSERT INTO resource_info (resource_id, resource_info_type_id, value, create_user, create_date, modify_user, modify_date) VALUES (80018078, 3, 'test@test.com', 132456, CURRENT, 132456, CURRENT);
INSERT INTO resource_info (resource_id, resource_info_type_id, value, create_user, create_date, modify_user, modify_date) VALUES (80018078, 8, 'N/A', 132456, CURRENT, 132456, CURRENT);
INSERT INTO resource_info (resource_id, resource_info_type_id, value, create_user, create_date, modify_user, modify_date) VALUES (80018078, 6, '05.12.2016 03:20 AM', 132456, CURRENT, 132456, CURRENT);
INSERT INTO resource_info (resource_id, resource_info_type_id, value, create_user, create_date, modify_user, modify_date) VALUES (80018078, 13, 'No', 132456, CURRENT, 132456, CURRENT);
INSERT INTO resource_info (resource_id, resource_info_type_id, value, create_user, create_date, modify_user, modify_date) VALUES (80018079, 1, '80018009', 132456, CURRENT, 132456, CURRENT);
INSERT INTO resource_info (resource_id, resource_info_type_id, value, create_user, create_date, modify_user, modify_date) VALUES (80018079, 2, 'Pops80018009', 132456, CURRENT, 132456, CURRENT);
INSERT INTO resource_info (resource_id, resource_info_type_id, value, create_user, create_date, modify_user, modify_date) VALUES (80018079, 3, 'test@test.com', 132456, CURRENT, 132456, CURRENT);
INSERT INTO resource_info (resource_id, resource_info_type_id, value, create_user, create_date, modify_user, modify_date) VALUES (80018079, 4, '161', 132456, CURRENT, 132456, CURRENT);
INSERT INTO resource_info (resource_id, resource_info_type_id, value, create_user, create_date, modify_user, modify_date) VALUES (80018079, 5, '56', 132456, CURRENT, 132456, CURRENT);
INSERT INTO resource_info (resource_id, resource_info_type_id, value, create_user, create_date, modify_user, modify_date) VALUES (80018079, 8, 'N/A', 132456, CURRENT, 132456, CURRENT);
INSERT INTO resource_info (resource_id, resource_info_type_id, value, create_user, create_date, modify_user, modify_date) VALUES (80018079, 6, '05.12.2016 03:21 AM', 132456, CURRENT, 132456, CURRENT);
INSERT INTO resource_info (resource_id, resource_info_type_id, value, create_user, create_date, modify_user, modify_date) VALUES (80018079, 13, 'No', 132456, CURRENT, 132456, CURRENT);
INSERT INTO resource_info (resource_id, resource_info_type_id, value, create_user, create_date, modify_user, modify_date) VALUES (80018080, 1, '80018024', 132456, CURRENT, 132456, CURRENT);
INSERT INTO resource_info (resource_id, resource_info_type_id, value, create_user, create_date, modify_user, modify_date) VALUES (80018080, 2, 'bblais80018024', 132456, CURRENT, 132456, CURRENT);
INSERT INTO resource_info (resource_id, resource_info_type_id, value, create_user, create_date, modify_user, modify_date) VALUES (80018080, 3, 'test@test.com', 132456, CURRENT, 132456, CURRENT);
INSERT INTO resource_info (resource_id, resource_info_type_id, value, create_user, create_date, modify_user, modify_date) VALUES (80018080, 4, '2363', 132456, CURRENT, 132456, CURRENT);
INSERT INTO resource_info (resource_id, resource_info_type_id, value, create_user, create_date, modify_user, modify_date) VALUES (80018080, 5, '72', 132456, CURRENT, 132456, CURRENT);
INSERT INTO resource_info (resource_id, resource_info_type_id, value, create_user, create_date, modify_user, modify_date) VALUES (80018080, 8, 'N/A', 132456, CURRENT, 132456, CURRENT);
INSERT INTO resource_info (resource_id, resource_info_type_id, value, create_user, create_date, modify_user, modify_date) VALUES (80018080, 6, '05.12.2016 03:22 AM', 132456, CURRENT, 132456, CURRENT);
INSERT INTO resource_info (resource_id, resource_info_type_id, value, create_user, create_date, modify_user, modify_date) VALUES (80018080, 13, 'No', 132456, CURRENT, 132456, CURRENT);
INSERT INTO resource_info (resource_id, resource_info_type_id, value, create_user, create_date, modify_user, modify_date) VALUES (80018081, 1, '124836', 132456, CURRENT, 132456, CURRENT);
INSERT INTO resource_info (resource_id, resource_info_type_id, value, create_user, create_date, modify_user, modify_date) VALUES (80018081, 2, 'annej9ny', 132456, CURRENT, 132456, CURRENT);
INSERT INTO resource_info (resource_id, resource_info_type_id, value, create_user, create_date, modify_user, modify_date) VALUES (80018081, 8, 'N/A', 132456, CURRENT, 132456, CURRENT);
INSERT INTO resource_info (resource_id, resource_info_type_id, value, create_user, create_date, modify_user, modify_date) VALUES (80018081, 6, '05.12.2016 03:23 PM', 132456, CURRENT, 132456, CURRENT);
INSERT INTO resource_info (resource_id, resource_info_type_id, value, create_user, create_date, modify_user, modify_date) VALUES (80018082, 1, '124836', 132456, CURRENT, 132456, CURRENT);
INSERT INTO resource_info (resource_id, resource_info_type_id, value, create_user, create_date, modify_user, modify_date) VALUES (80018082, 2, 'annej9ny', 132456, CURRENT, 132456, CURRENT);
INSERT INTO resource_info (resource_id, resource_info_type_id, value, create_user, create_date, modify_user, modify_date) VALUES (80018082, 8, 'N/A', 132456, CURRENT, 132456, CURRENT);
INSERT INTO resource_info (resource_id, resource_info_type_id, value, create_user, create_date, modify_user, modify_date) VALUES (80018082, 6, '05.13.2016 03:24 AM', 132456, CURRENT, 132456, CURRENT);
INSERT INTO resource_info (resource_id, resource_info_type_id, value, create_user, create_date, modify_user, modify_date) VALUES (80018083, 1, '124836', 132456, CURRENT, 132456, CURRENT);
INSERT INTO resource_info (resource_id, resource_info_type_id, value, create_user, create_date, modify_user, modify_date) VALUES (80018083, 2, 'annej9ny', 132456, CURRENT, 132456, CURRENT);
INSERT INTO resource_info (resource_id, resource_info_type_id, value, create_user, create_date, modify_user, modify_date) VALUES (80018083, 8, 'N/A', 132456, CURRENT, 132456, CURRENT);
INSERT INTO resource_info (resource_id, resource_info_type_id, value, create_user, create_date, modify_user, modify_date) VALUES (80018083, 6, '05.16.2016 03:25 PM', 132456, CURRENT, 132456, CURRENT);
INSERT INTO resource_info (resource_id, resource_info_type_id, value, create_user, create_date, modify_user, modify_date) VALUES (80018084, 1, '124836', 132456, CURRENT, 132456, CURRENT);
INSERT INTO resource_info (resource_id, resource_info_type_id, value, create_user, create_date, modify_user, modify_date) VALUES (80018084, 2, 'annej9ny', 132456, CURRENT, 132456, CURRENT);
INSERT INTO resource_info (resource_id, resource_info_type_id, value, create_user, create_date, modify_user, modify_date) VALUES (80018084, 8, 'N/A', 132456, CURRENT, 132456, CURRENT);
INSERT INTO resource_info (resource_id, resource_info_type_id, value, create_user, create_date, modify_user, modify_date) VALUES (80018084, 6, '05.18.2016 03:26 AM', 132456, CURRENT, 132456, CURRENT);
INSERT INTO resource_info (resource_id, resource_info_type_id, value, create_user, create_date, modify_user, modify_date) VALUES (80018085, 1, '132456', 132456, CURRENT, 132456, CURRENT);
INSERT INTO resource_info (resource_id, resource_info_type_id, value, create_user, create_date, modify_user, modify_date) VALUES (80018085, 2, 'heffan', 132456, CURRENT, 132456, CURRENT);
INSERT INTO resource_info (resource_id, resource_info_type_id, value, create_user, create_date, modify_user, modify_date) VALUES (80018085, 8, 'N/A', 132456, CURRENT, 132456, CURRENT);
INSERT INTO resource_info (resource_id, resource_info_type_id, value, create_user, create_date, modify_user, modify_date) VALUES (80018085, 6, '05.12.2016 03:27 AM', 132456, CURRENT, 132456, CURRENT);
INSERT INTO resource_info (resource_id, resource_info_type_id, value, create_user, create_date, modify_user, modify_date) VALUES (80018086, 1, '132458', 132456, CURRENT, 132456, CURRENT);
INSERT INTO resource_info (resource_id, resource_info_type_id, value, create_user, create_date, modify_user, modify_date) VALUES (80018086, 2, 'user', 132456, CURRENT, 132456, CURRENT);
INSERT INTO resource_info (resource_id, resource_info_type_id, value, create_user, create_date, modify_user, modify_date) VALUES (80018086, 8, 'N/A', 132456, CURRENT, 132456, CURRENT);
INSERT INTO resource_info (resource_id, resource_info_type_id, value, create_user, create_date, modify_user, modify_date) VALUES (80018086, 6, '05.12.2016 03:28 AM', 132456, CURRENT, 132456, CURRENT);
INSERT INTO upload (upload_id, project_id, resource_id, upload_type_id, upload_status_id, parameter, create_user, create_date, modify_user, modify_date, project_phase_id) VALUES (80018016, 80018008, 80018076, 1, 1, '80018008_80018076_80018016.zip', 132458, '2016-05-12 03:18:09', 132458, CURRENT, 80018073);
INSERT INTO submission (submission_id, upload_id, submission_status_id, screening_score, initial_score, final_score, placement, submission_type_id, create_user, create_date, modify_user, modify_date, prize_id) VALUES (80018013, 80018016, 1, null, null, null, null, 2, 132458, '2016-05-12 12:14:53', 132458, '2016-05-12 12:14:53', null);
INSERT INTO resource_submission (resource_id, submission_id, create_user, create_date, modify_user, modify_date) VALUES (80018076, 80018013, 132458, CURRENT, 132458, CURRENT);
INSERT INTO review (review_id, resource_id, submission_id, scorecard_id, committed, initial_score, score, create_user, create_date, modify_user, modify_date, project_phase_id) VALUES (80018019, 80018077, 80018013, 30000722, 1, 100.0, 100.0, 124916, CURRENT, 124916, CURRENT, 80018074);
INSERT INTO review_comment (review_comment_id, resource_id, review_id, comment_type_id, content, extra_info, sort, create_user, create_date, modify_user, modify_date) VALUES (80018007, 80018077, 80018019, 14, '', 'Approved', 0, 124916, CURRENT, 124916, CURRENT);
INSERT INTO review_item (review_item_id, review_id, scorecard_question_id, upload_id, answer, sort, create_user, create_date, modify_user, modify_date) VALUES (80018019, 80018019, 30001008, null, '4/4', 0, 124916, CURRENT, 124916, CURRENT);
INSERT INTO review_item_comment (review_item_comment_id, resource_id, review_item_id, comment_type_id, content, extra_info, sort, create_user, create_date, modify_user, modify_date) VALUES (80018030, 80018077, 80018019, 1, 'The documentation must be updated to provide more details on the topic', NULL, 0, 124916, CURRENT, 124916, CURRENT);
INSERT INTO notification (project_id, external_ref_id, notification_type_id, create_user, create_date, modify_user, modify_date) VALUES (80018008, 80018023, 1, 132456, CURRENT, 132456, CURRENT);
INSERT INTO notification (project_id, external_ref_id, notification_type_id, create_user, create_date, modify_user, modify_date) VALUES (80018008, 124916, 1, 132456, CURRENT, 132456, CURRENT);
INSERT INTO notification (project_id, external_ref_id, notification_type_id, create_user, create_date, modify_user, modify_date) VALUES (80018008, 124836, 1, 132456, CURRENT, 132456, CURRENT);
INSERT INTO notification (project_id, external_ref_id, notification_type_id, create_user, create_date, modify_user, modify_date) VALUES (80018008, 132458, 1, 132456, CURRENT, 132456, CURRENT);
INSERT INTO notification (project_id, external_ref_id, notification_type_id, create_user, create_date, modify_user, modify_date) VALUES (80018008, 132456, 1, 132456, CURRENT, 132456, CURRENT);
INSERT INTO notification (project_id, external_ref_id, notification_type_id, create_user, create_date, modify_user, modify_date) VALUES (80018008, 80018024, 1, 132456, CURRENT, 132456, CURRENT);
INSERT INTO notification (project_id, external_ref_id, notification_type_id, create_user, create_date, modify_user, modify_date) VALUES (80018008, 80018009, 1, 132456, CURRENT, 132456, CURRENT);
INSERT INTO notification (project_id, external_ref_id, notification_type_id, create_user, create_date, modify_user, modify_date) VALUES (80018008, 22770213, 1, 132456, CURRENT, 132456, CURRENT);
INSERT INTO contest_sale (contest_sale_id, contest_id, sale_status_id, price, paypal_order_id, create_date, sale_reference_id, sale_type_id) VALUES (80018008, 80018008, 1, 8436.0, 'PO BOX 80018001', CURRENT, 'PO BOX 80018001', 2);
INSERT INTO project_payment (project_payment_id, project_payment_type_id, resource_id, submission_id, amount, pacts_payment_id, create_user,create_date, modify_user, modify_date) VALUES (80018022, 3, 80018077, null, 50.0, null, 132456, CURRENT, 132456, CURRENT);
INSERT INTO project_payment (project_payment_id, project_payment_type_id, resource_id, submission_id, amount, pacts_payment_id, create_user,create_date, modify_user, modify_date) VALUES (80018023, 4, 80018085, null, 350.0, null, 132456, CURRENT, 132456, CURRENT);
INSERT INTO contest_milestone_xref (contest_id, project_milestone_id, create_user, create_date, modify_user, modify_date) VALUES (80018008, 800180011, 132456, CURRENT, 132456, CURRENT);
INSERT INTO review_auction (review_auction_id, project_id, review_auction_type_id) VALUES (80028008, 80018008, 3);
INSERT INTO review_auction (review_auction_id, project_id, review_auction_type_id) VALUES (80018008, 80018008, 1);
INSERT INTO comp_catalog (component_id, current_version, short_desc, component_name, description, function_desc, create_time, status_id, root_category_id, modify_date, public_ind)  VALUES (80018009, 1, 'Short description for Assembly Competition Contest 9', 'Assembly Competition Contest 9', 'Description for Assembly Competition Contest 9', 'Functional description for Assembly Competition Contest 9', CURRENT, 1, 9926572, CURRENT, 1);
INSERT INTO comp_categories (comp_categories_id, component_id, category_id)  VALUES (80018009, 80018009, 9926572);
INSERT INTO comp_versions (comp_vers_id, component_id, version, version_text, create_time, phase_id, phase_time, price, comments, modify_date, suspended_ind) VALUES (80018009, 80018009, 1, '1.0', CURRENT, 112, CURRENT, 800.0, 'Comments for version #1', CURRENT, 0);
INSERT INTO comp_version_dates (comp_version_dates_id, comp_vers_id, phase_id, posting_date, initial_submission_date, winner_announced_date, final_submission_date, estimated_dev_date, price, total_submissions, status_id, create_time, level_id, screening_complete_date, review_complete_date, aggregation_complete_date, phase_complete_date, production_date, aggregation_complete_date_comment, phase_complete_date_comment, review_complete_date_comment, winner_announced_date_comment, initial_submission_date_comment, screening_complete_date_comment, final_submission_date_comment, production_date_comment, modify_date) VALUES (80018009, 80018009, 112, '1976-06-05', '2000-02-01', '2000-02-01', '2000-02-01', '2000-02-01', 0.00, 0, 301, CURRENT, 100, '2000-02-01', '2000-02-01', '2000-02-01', '2000-02-01', null, null, null, null, null, null, null, null, null, CURRENT);
INSERT INTO comp_technology (comp_tech_id, comp_vers_id, technology_type_id) VALUES (800180090, 80018009, 27081642);
INSERT INTO comp_technology (comp_tech_id, comp_vers_id, technology_type_id) VALUES (800180091, 80018009, 10);
INSERT INTO comp_technology (comp_tech_id, comp_vers_id, technology_type_id) VALUES (800180092, 80018009, 27154787);
INSERT INTO comp_technology (comp_tech_id, comp_vers_id, technology_type_id) VALUES (800180093, 80018009, 26783183);
INSERT INTO comp_technology (comp_tech_id, comp_vers_id, technology_type_id) VALUES (800180094, 80018009, 27052211);
INSERT INTO project (project_id, project_status_id, project_category_id, create_user, create_date, modify_user, modify_date, tc_direct_project_id, project_studio_spec_id) VALUES (80018009, 1, 14, 132456, CURRENT, 132456, CURRENT, 80018001, NULL);
INSERT INTO project_info (project_id, project_info_type_id, value, create_user, create_date, modify_user, modify_date) VALUES (80018009, 1, '80018009', 132456, CURRENT, 132456, CURRENT);
INSERT INTO project_info (project_id, project_info_type_id, value, create_user, create_date, modify_user, modify_date) VALUES (80018009, 2, '80018009', 132456, CURRENT, 132456, CURRENT);
INSERT INTO project_info (project_id, project_info_type_id, value, create_user, create_date, modify_user, modify_date) VALUES (80018009, 3, '80018009', 132456, CURRENT, 132456, CURRENT);
INSERT INTO project_info (project_id, project_info_type_id, value, create_user, create_date, modify_user, modify_date) VALUES (80018009, 4, '80018010', 132456, CURRENT, 132456, CURRENT);
INSERT INTO comp_jive_category_xref (comp_vers_id, jive_category_id) VALUES (80018009, 0);
INSERT INTO project_info (project_id, project_info_type_id, value, create_user, create_date, modify_user, modify_date) VALUES (80018009, 5, '9926572', 132456, CURRENT, 132456, CURRENT);
INSERT INTO project_info (project_id, project_info_type_id, value, create_user, create_date, modify_user, modify_date) VALUES (80018009, 6, 'Assembly Competition Contest 9', 132456, CURRENT, 132456, CURRENT);
INSERT INTO project_info (project_id, project_info_type_id, value, create_user, create_date, modify_user, modify_date) VALUES (80018009, 7, '1.0', 132456, CURRENT, 132456, CURRENT);
INSERT INTO project_info (project_id, project_info_type_id, value, create_user, create_date, modify_user, modify_date) VALUES (80018009, 8, '', 132456, CURRENT, 132456, CURRENT);
INSERT INTO project_info (project_id, project_info_type_id, value, create_user, create_date, modify_user, modify_date) VALUES (80018009, 11, 'On', 132456, CURRENT, 132456, CURRENT);
INSERT INTO project_info (project_id, project_info_type_id, value, create_user, create_date, modify_user, modify_date) VALUES (80018009, 9, 'On', 132456, CURRENT, 132456, CURRENT);
INSERT INTO project_info (project_id, project_info_type_id, value, create_user, create_date, modify_user, modify_date) VALUES (80018009, 10, 'On', 132456, CURRENT, 132456, CURRENT);
INSERT INTO project_info (project_id, project_info_type_id, value, create_user, create_date, modify_user, modify_date) VALUES (80018009, 12, 'Yes', 132456, CURRENT, 132456, CURRENT);
INSERT INTO project_info (project_id, project_info_type_id, value, create_user, create_date, modify_user, modify_date) VALUES (80018009, 13, 'Yes', 132456, CURRENT, 132456, CURRENT);
INSERT INTO project_info (project_id, project_info_type_id, value, create_user, create_date, modify_user, modify_date) VALUES (80018009, 14, 'Open', 132456, CURRENT, 132456, CURRENT);
INSERT INTO project_info (project_id, project_info_type_id, value, create_user, create_date, modify_user, modify_date) VALUES (80018009, 16, '800.0', 132456, CURRENT, 132456, CURRENT);
INSERT INTO project_info (project_id, project_info_type_id, value, create_user, create_date, modify_user, modify_date) VALUES (80018009, 17, '', 132456, CURRENT, 132456, CURRENT);
INSERT INTO project_info (project_id, project_info_type_id, value, create_user, create_date, modify_user, modify_date) VALUES (80018009, 26, 'On', 132456, CURRENT, 132456, CURRENT);
INSERT INTO project_info (project_id, project_info_type_id, value, create_user, create_date, modify_user, modify_date) VALUES (80018009, 30, '360.0', 132456, CURRENT, 132456, CURRENT);
INSERT INTO project_info (project_id, project_info_type_id, value, create_user, create_date, modify_user, modify_date) VALUES (80018009, 31, '6001.0', 132456, CURRENT, 132456, CURRENT);
INSERT INTO project_info (project_id, project_info_type_id, value, create_user, create_date, modify_user, modify_date) VALUES (80018009, 33, '605.0', 132456, CURRENT, 132456, CURRENT);
INSERT INTO project_info (project_id, project_info_type_id, value, create_user, create_date, modify_user, modify_date) VALUES (80018009, 35, '30.0', 132456, CURRENT, 132456, CURRENT);
INSERT INTO project_info (project_id, project_info_type_id, value, create_user, create_date, modify_user, modify_date) VALUES (80018009, 36, '800.0', 132456, CURRENT, 132456, CURRENT);
INSERT INTO project_info (project_id, project_info_type_id, value, create_user, create_date, modify_user, modify_date) VALUES (80018009, 37, '400.0', 132456, CURRENT, 132456, CURRENT);
INSERT INTO project_info (project_id, project_info_type_id, value, create_user, create_date, modify_user, modify_date) VALUES (80018009, 45, 'true', 132456, CURRENT, 132456, CURRENT);
INSERT INTO project_info (project_id, project_info_type_id, value, create_user, create_date, modify_user, modify_date) VALUES (80018009, 47, 'true', 132456, CURRENT, 132456, CURRENT);
INSERT INTO project_info (project_id, project_info_type_id, value, create_user, create_date, modify_user, modify_date) VALUES (80018009, 38, '240.0', 132456, CURRENT, 132456, CURRENT);
INSERT INTO project_info (project_id, project_info_type_id, value, create_user, create_date, modify_user, modify_date) VALUES (80018009, 39, '0.0', 132456, CURRENT, 132456, CURRENT);
INSERT INTO project_info (project_id, project_info_type_id, value, create_user, create_date, modify_user, modify_date) VALUES (80018009, 40, 'A', 132456, CURRENT, 132456, CURRENT);
INSERT INTO project_info (project_id, project_info_type_id, value, create_user, create_date, modify_user, modify_date) VALUES (80018009, 32, '80018001', 132456, CURRENT, 132456, CURRENT);
INSERT INTO project_info (project_id, project_info_type_id, value, create_user, create_date, modify_user, modify_date) VALUES (80018009, 41, 'true', 132456, CURRENT, 132456, CURRENT);
INSERT INTO project_info (project_id, project_info_type_id, value, create_user, create_date, modify_user, modify_date) VALUES (80018009, 43, 'true', 132456, CURRENT, 132456, CURRENT);
INSERT INTO project_info (project_id, project_info_type_id, value, create_user, create_date, modify_user, modify_date) VALUES (80018009, 44, 'false', 132456, CURRENT, 132456, CURRENT);
INSERT INTO project_info (project_id, project_info_type_id, value, create_user, create_date, modify_user, modify_date) VALUES (80018009, 46, 'true', 132456, CURRENT, 132456, CURRENT);
INSERT INTO project_info (project_id, project_info_type_id, value, create_user, create_date, modify_user, modify_date) VALUES (80018009, 48, 'true', 132456, CURRENT, 132456, CURRENT);
INSERT INTO project_info (project_id, project_info_type_id, value, create_user, create_date, modify_user, modify_date) VALUES (80018009, 49, '500', 132456, CURRENT, 132456, CURRENT);
INSERT INTO project_info (project_id, project_info_type_id, value, create_user, create_date, modify_user, modify_date) VALUES (80018009, 59, 'true', 132456, CURRENT, 132456, CURRENT);
INSERT INTO prize (prize_id, place, prize_amount, prize_type_id, number_of_submissions,                    create_user, create_date, modify_user, modify_date, project_id) VALUES (80018018, 1, 800.0, 15, 1, 132456, CURRENT, 132456, CURRENT, 80018009);
INSERT INTO prize (prize_id, place, prize_amount, prize_type_id, number_of_submissions,                    create_user, create_date, modify_user, modify_date, project_id) VALUES (80018019, 2, 400.0, 15, 1, 132456, CURRENT, 132456, CURRENT, 80018009);
INSERT INTO prize (prize_id, place, prize_amount, prize_type_id, number_of_submissions,                    create_user, create_date, modify_user, modify_date, project_id) VALUES (80018020, 1, 97.0, 14, 2, 132456, CURRENT, 132456, CURRENT, 80018009);
INSERT INTO project_spec (project_spec_id, project_id, version, detailed_requirements, submission_deliverables, environment_setup_instruction, final_submission_guidelines, private_description, create_user, create_date, modify_user, modify_date) VALUES (80018009, 80018009, 1, 'Detailed requirements for Assembly Competition Contest 9', '', '', 'Final submission guidelines for Assembly Competition Contest 9', '', 132456, CURRENT, 132456, CURRENT);
INSERT INTO project_phase (project_phase_id, project_id, phase_type_id, phase_status_id, fixed_start_time, scheduled_start_time, scheduled_end_time, actual_start_time, actual_end_time, duration, create_user, create_date, modify_user, modify_date) VALUES (80018085, 80018009, 13, 3, CURRENT + -9480 UNITS MINUTE, CURRENT + -9480 UNITS MINUTE, CURRENT + -6600 UNITS MINUTE, CURRENT + -9480 UNITS MINUTE, CURRENT + -6600 UNITS MINUTE, 172800000, 132456, CURRENT, 132456, CURRENT);
INSERT INTO project_phase (project_phase_id, project_id, phase_type_id, phase_status_id, fixed_start_time, scheduled_start_time, scheduled_end_time, actual_start_time, actual_end_time, duration, create_user, create_date, modify_user, modify_date) VALUES (80018086, 80018009, 14, 3, null, CURRENT + -6600 UNITS MINUTE, CURRENT + -6480 UNITS MINUTE, CURRENT + -6600 UNITS MINUTE, CURRENT + -6480 UNITS MINUTE, 7200000, 132456, CURRENT, 132456, CURRENT);
INSERT INTO project_phase (project_phase_id, project_id, phase_type_id, phase_status_id, fixed_start_time, scheduled_start_time, scheduled_end_time, actual_start_time, actual_end_time, duration, create_user, create_date, modify_user, modify_date) VALUES (80018087, 80018009, 1, 3, CURRENT + -6480 UNITS MINUTE, CURRENT + -6480 UNITS MINUTE, CURRENT + -3600 UNITS MINUTE, CURRENT + -6480 UNITS MINUTE, CURRENT + -3600 UNITS MINUTE, 172800000, 132456, CURRENT, 132456, CURRENT);
INSERT INTO project_phase (project_phase_id, project_id, phase_type_id, phase_status_id, fixed_start_time, scheduled_start_time, scheduled_end_time, actual_start_time, actual_end_time, duration, create_user, create_date, modify_user, modify_date) VALUES (80018088, 80018009, 15, 3, null, CURRENT + -6480 UNITS MINUTE, CURRENT + -2160 UNITS MINUTE, CURRENT + -6480 UNITS MINUTE, CURRENT + -2160 UNITS MINUTE, 259200000, 132456, CURRENT, 132456, CURRENT);
INSERT INTO project_phase (project_phase_id, project_id, phase_type_id, phase_status_id, fixed_start_time, scheduled_start_time, scheduled_end_time, actual_start_time, actual_end_time, duration, create_user, create_date, modify_user, modify_date) VALUES (80018089, 80018009, 16, 3, null, CURRENT + -2160 UNITS MINUTE, CURRENT + 2160 UNITS MINUTE, CURRENT + -2160 UNITS MINUTE, CURRENT + 2160 UNITS MINUTE, 259200000, 132456, CURRENT, 132456, CURRENT);
INSERT INTO project_phase (project_phase_id, project_id, phase_type_id, phase_status_id, fixed_start_time, scheduled_start_time, scheduled_end_time, actual_start_time, actual_end_time, duration, create_user, create_date, modify_user, modify_date) VALUES (80018090, 80018009, 17, 3, null, CURRENT + 2160 UNITS MINUTE, CURRENT + 3600 UNITS MINUTE, CURRENT + 2160 UNITS MINUTE, CURRENT + 3600 UNITS MINUTE, 86400000, 132456, CURRENT, 132456, CURRENT);
INSERT INTO project_phase (project_phase_id, project_id, phase_type_id, phase_status_id, fixed_start_time, scheduled_start_time, scheduled_end_time, actual_start_time, actual_end_time, duration, create_user, create_date, modify_user, modify_date) VALUES (80018091, 80018009, 2, 2, null, CURRENT + -6480 UNITS MINUTE, CURRENT + 720 UNITS MINUTE, CURRENT + -6480 UNITS MINUTE, null, 432000000, 132456, CURRENT, 132456, CURRENT);
INSERT INTO project_phase (project_phase_id, project_id, phase_type_id, phase_status_id, fixed_start_time, scheduled_start_time, scheduled_end_time, actual_start_time, actual_end_time, duration, create_user, create_date, modify_user, modify_date) VALUES (80018092, 80018009, 3, 1, null, CURRENT + 720 UNITS MINUTE, CURRENT + 1440 UNITS MINUTE, null, null, 43200000, 132456, CURRENT, 132456, CURRENT);
INSERT INTO project_phase (project_phase_id, project_id, phase_type_id, phase_status_id, fixed_start_time, scheduled_start_time, scheduled_end_time, actual_start_time, actual_end_time, duration, create_user, create_date, modify_user, modify_date) VALUES (80018093, 80018009, 4, 1, null, CURRENT + 1440 UNITS MINUTE, CURRENT + 4320 UNITS MINUTE, null, null, 172800000, 132456, CURRENT, 132456, CURRENT);
INSERT INTO project_phase (project_phase_id, project_id, phase_type_id, phase_status_id, fixed_start_time, scheduled_start_time, scheduled_end_time, actual_start_time, actual_end_time, duration, create_user, create_date, modify_user, modify_date) VALUES (80018094, 80018009, 5, 1, null, CURRENT + 4320 UNITS MINUTE, CURRENT + 5760 UNITS MINUTE, null, null, 86400000, 132456, CURRENT, 132456, CURRENT);
INSERT INTO project_phase (project_phase_id, project_id, phase_type_id, phase_status_id, fixed_start_time, scheduled_start_time, scheduled_end_time, actual_start_time, actual_end_time, duration, create_user, create_date, modify_user, modify_date) VALUES (80018095, 80018009, 6, 1, null, CURRENT + 5760 UNITS MINUTE, CURRENT + 6480 UNITS MINUTE, null, null, 43200000, 132456, CURRENT, 132456, CURRENT);
INSERT INTO project_phase (project_phase_id, project_id, phase_type_id, phase_status_id, fixed_start_time, scheduled_start_time, scheduled_end_time, actual_start_time, actual_end_time, duration, create_user, create_date, modify_user, modify_date) VALUES (80018096, 80018009, 7, 1, null, CURRENT + 6480 UNITS MINUTE, CURRENT + 7200 UNITS MINUTE, null, null, 43200000, 132456, CURRENT, 132456, CURRENT);
INSERT INTO project_phase (project_phase_id, project_id, phase_type_id, phase_status_id, fixed_start_time, scheduled_start_time, scheduled_end_time, actual_start_time, actual_end_time, duration, create_user, create_date, modify_user, modify_date) VALUES (80018097, 80018009, 9, 1, null, CURRENT + 7200 UNITS MINUTE, CURRENT + 8640 UNITS MINUTE, null, null, 86400000, 132456, CURRENT, 132456, CURRENT);
INSERT INTO project_phase (project_phase_id, project_id, phase_type_id, phase_status_id, fixed_start_time, scheduled_start_time, scheduled_end_time, actual_start_time, actual_end_time, duration, create_user, create_date, modify_user, modify_date) VALUES (80018098, 80018009, 10, 1, null, CURRENT + 8640 UNITS MINUTE, CURRENT + 9360 UNITS MINUTE, null, null, 43200000, 132456, CURRENT, 132456, CURRENT);
INSERT INTO project_phase (project_phase_id, project_id, phase_type_id, phase_status_id, fixed_start_time, scheduled_start_time, scheduled_end_time, actual_start_time, actual_end_time, duration, create_user, create_date, modify_user, modify_date) VALUES (80018099, 80018009, 11, 1, null, CURRENT + 9360 UNITS MINUTE, CURRENT + 16560 UNITS MINUTE, null, null, 432000000, 132456, CURRENT, 132456, CURRENT);
INSERT INTO phase_dependency (dependency_phase_id, dependent_phase_id, dependency_start, dependent_start, lag_time, create_user, create_date, modify_user, modify_date) VALUES (80018085, 80018086, 0, 1, 0, 132456, CURRENT, 132456, CURRENT);
INSERT INTO phase_dependency (dependency_phase_id, dependent_phase_id, dependency_start, dependent_start, lag_time, create_user, create_date, modify_user, modify_date) VALUES (80018086, 80018087, 0, 1, 0, 132456, CURRENT, 132456, CURRENT);
INSERT INTO phase_dependency (dependency_phase_id, dependent_phase_id, dependency_start, dependent_start, lag_time, create_user, create_date, modify_user, modify_date) VALUES (80018087, 80018088, 1, 1, 0, 132456, CURRENT, 132456, CURRENT);
INSERT INTO phase_dependency (dependency_phase_id, dependent_phase_id, dependency_start, dependent_start, lag_time, create_user, create_date, modify_user, modify_date) VALUES (80018088, 80018089, 0, 1, 0, 132456, CURRENT, 132456, CURRENT);
INSERT INTO phase_dependency (dependency_phase_id, dependent_phase_id, dependency_start, dependent_start, lag_time, create_user, create_date, modify_user, modify_date) VALUES (80018089, 80018090, 0, 1, 0, 132456, CURRENT, 132456, CURRENT);
INSERT INTO phase_dependency (dependency_phase_id, dependent_phase_id, dependency_start, dependent_start, lag_time, create_user, create_date, modify_user, modify_date) VALUES (80018087, 80018091, 1, 1, 0, 132456, CURRENT, 132456, CURRENT);
INSERT INTO phase_dependency (dependency_phase_id, dependent_phase_id, dependency_start, dependent_start, lag_time, create_user, create_date, modify_user, modify_date) VALUES (80018091, 80018092, 0, 1, 0, 132456, CURRENT, 132456, CURRENT);
INSERT INTO phase_dependency (dependency_phase_id, dependent_phase_id, dependency_start, dependent_start, lag_time, create_user, create_date, modify_user, modify_date) VALUES (80018092, 80018093, 0, 1, 0, 132456, CURRENT, 132456, CURRENT);
INSERT INTO phase_dependency (dependency_phase_id, dependent_phase_id, dependency_start, dependent_start, lag_time, create_user, create_date, modify_user, modify_date) VALUES (80018093, 80018094, 0, 1, 0, 132456, CURRENT, 132456, CURRENT);
INSERT INTO phase_dependency (dependency_phase_id, dependent_phase_id, dependency_start, dependent_start, lag_time, create_user, create_date, modify_user, modify_date) VALUES (80018094, 80018095, 0, 1, 0, 132456, CURRENT, 132456, CURRENT);
INSERT INTO phase_dependency (dependency_phase_id, dependent_phase_id, dependency_start, dependent_start, lag_time, create_user, create_date, modify_user, modify_date) VALUES (80018095, 80018096, 0, 1, 0, 132456, CURRENT, 132456, CURRENT);
INSERT INTO phase_dependency (dependency_phase_id, dependent_phase_id, dependency_start, dependent_start, lag_time, create_user, create_date, modify_user, modify_date) VALUES (80018096, 80018097, 0, 1, 0, 132456, CURRENT, 132456, CURRENT);
INSERT INTO phase_dependency (dependency_phase_id, dependent_phase_id, dependency_start, dependent_start, lag_time, create_user, create_date, modify_user, modify_date) VALUES (80018097, 80018098, 0, 1, 0, 132456, CURRENT, 132456, CURRENT);
INSERT INTO phase_dependency (dependency_phase_id, dependent_phase_id, dependency_start, dependent_start, lag_time, create_user, create_date, modify_user, modify_date) VALUES (80018098, 80018099, 0, 1, 0, 132456, CURRENT, 132456, CURRENT);
INSERT INTO phase_criteria (project_phase_id, phase_criteria_type_id, parameter, create_user, create_date, modify_user, modify_date) VALUES (80018086, 1, '30000722', 132456, CURRENT, 132456, CURRENT);
INSERT INTO phase_criteria (project_phase_id, phase_criteria_type_id, parameter, create_user, create_date, modify_user, modify_date) VALUES (80018086, 6, '1', 132456, CURRENT, 132456, CURRENT);
INSERT INTO phase_criteria (project_phase_id, phase_criteria_type_id, parameter, create_user, create_date, modify_user, modify_date) VALUES (80018087, 2, '0', 132456, CURRENT, 132456, CURRENT);
INSERT INTO phase_criteria (project_phase_id, phase_criteria_type_id, parameter, create_user, create_date, modify_user, modify_date) VALUES (80018087, 5, 'No', 132456, CURRENT, 132456, CURRENT);
INSERT INTO phase_criteria (project_phase_id, phase_criteria_type_id, parameter, create_user, create_date, modify_user, modify_date) VALUES (80018088, 3, '0', 132456, CURRENT, 132456, CURRENT);
INSERT INTO phase_criteria (project_phase_id, phase_criteria_type_id, parameter, create_user, create_date, modify_user, modify_date) VALUES (80018088, 5, 'Yes', 132456, CURRENT, 132456, CURRENT);
INSERT INTO phase_criteria (project_phase_id, phase_criteria_type_id, parameter, create_user, create_date, modify_user, modify_date) VALUES (80018089, 1, '30000416', 132456, CURRENT, 132456, CURRENT);
INSERT INTO phase_criteria (project_phase_id, phase_criteria_type_id, parameter, create_user, create_date, modify_user, modify_date) VALUES (80018089, 5, 'No', 132456, CURRENT, 132456, CURRENT);
INSERT INTO phase_criteria (project_phase_id, phase_criteria_type_id, parameter, create_user, create_date, modify_user, modify_date) VALUES (80018090, 1, '30000417', 132456, CURRENT, 132456, CURRENT);
INSERT INTO phase_criteria (project_phase_id, phase_criteria_type_id, parameter, create_user, create_date, modify_user, modify_date) VALUES (80018090, 5, 'No', 132456, CURRENT, 132456, CURRENT);
INSERT INTO phase_criteria (project_phase_id, phase_criteria_type_id, parameter, create_user, create_date, modify_user, modify_date) VALUES (80018090, 6, '3', 132456, CURRENT, 132456, CURRENT);
INSERT INTO phase_criteria (project_phase_id, phase_criteria_type_id, parameter, create_user, create_date, modify_user, modify_date) VALUES (80018091, 3, '0', 132456, CURRENT, 132456, CURRENT);
INSERT INTO phase_criteria (project_phase_id, phase_criteria_type_id, parameter, create_user, create_date, modify_user, modify_date) VALUES (80018091, 5, 'Yes', 132456, CURRENT, 132456, CURRENT);
INSERT INTO phase_criteria (project_phase_id, phase_criteria_type_id, parameter, create_user, create_date, modify_user, modify_date) VALUES (80018092, 1, '30000410', 132456, CURRENT, 132456, CURRENT);
INSERT INTO phase_criteria (project_phase_id, phase_criteria_type_id, parameter, create_user, create_date, modify_user, modify_date) VALUES (80018092, 5, 'No', 132456, CURRENT, 132456, CURRENT);
INSERT INTO phase_criteria (project_phase_id, phase_criteria_type_id, parameter, create_user, create_date, modify_user, modify_date) VALUES (80018093, 1, '30000411', 132456, CURRENT, 132456, CURRENT);
INSERT INTO phase_criteria (project_phase_id, phase_criteria_type_id, parameter, create_user, create_date, modify_user, modify_date) VALUES (80018093, 5, 'No', 132456, CURRENT, 132456, CURRENT);
INSERT INTO phase_criteria (project_phase_id, phase_criteria_type_id, parameter, create_user, create_date, modify_user, modify_date) VALUES (80018093, 6, '3', 132456, CURRENT, 132456, CURRENT);
INSERT INTO phase_criteria (project_phase_id, phase_criteria_type_id, parameter, create_user, create_date, modify_user, modify_date) VALUES (80018094, 4, 'No', 132456, CURRENT, 132456, CURRENT);
INSERT INTO phase_criteria (project_phase_id, phase_criteria_type_id, parameter, create_user, create_date, modify_user, modify_date) VALUES (80018094, 5, 'No', 132456, CURRENT, 132456, CURRENT);
INSERT INTO phase_criteria (project_phase_id, phase_criteria_type_id, parameter, create_user, create_date, modify_user, modify_date) VALUES (80018095, 5, 'No', 132456, CURRENT, 132456, CURRENT);
INSERT INTO phase_criteria (project_phase_id, phase_criteria_type_id, parameter, create_user, create_date, modify_user, modify_date) VALUES (80018096, 5, 'No', 132456, CURRENT, 132456, CURRENT);
INSERT INTO phase_criteria (project_phase_id, phase_criteria_type_id, parameter, create_user, create_date, modify_user, modify_date) VALUES (80018097, 5, 'No', 132456, CURRENT, 132456, CURRENT);
INSERT INTO phase_criteria (project_phase_id, phase_criteria_type_id, parameter, create_user, create_date, modify_user, modify_date) VALUES (80018098, 5, 'No', 132456, CURRENT, 132456, CURRENT);
INSERT INTO phase_criteria (project_phase_id, phase_criteria_type_id, parameter, create_user, create_date, modify_user, modify_date) VALUES (80018099, 1, '30000720', 132456, CURRENT, 132456, CURRENT);
INSERT INTO phase_criteria (project_phase_id, phase_criteria_type_id, parameter, create_user, create_date, modify_user, modify_date) VALUES (80018099, 6, '1', 132456, CURRENT, 132456, CURRENT);
INSERT INTO resource (resource_id, resource_role_id, project_id, project_phase_id, create_user, create_date, modify_user, modify_date, user_id) VALUES (80018087, 13, 80018009, NULL, 132456, CURRENT, 132456, CURRENT, 132456);
INSERT INTO resource (resource_id, resource_role_id, project_id, project_phase_id, create_user, create_date, modify_user, modify_date, user_id) VALUES (80018088, 13, 80018009, NULL, 132456, CURRENT, 132456, CURRENT, 22770213);
INSERT INTO resource (resource_id, resource_role_id, project_id, project_phase_id, create_user, create_date, modify_user, modify_date, user_id) VALUES (80018089, 17, 80018009, NULL, 132456, CURRENT, 132456, CURRENT, 132458);
INSERT INTO resource (resource_id, resource_role_id, project_id, project_phase_id, create_user, create_date, modify_user, modify_date, user_id) VALUES (80018090, 18, 80018009, 80018086, 132456, CURRENT, 132456, CURRENT, 124916);
INSERT INTO resource (resource_id, resource_role_id, project_id, project_phase_id, create_user, create_date, modify_user, modify_date, user_id) VALUES (80018091, 1, 80018009, NULL, 132456, CURRENT, 132456, CURRENT, 80018004);
INSERT INTO component_inquiry (component_inquiry_id, component_id, user_id, comment, agreed_to_terms, rating, phase, tc_user_id, version, create_time, project_id) VALUES (80018021, 80018009, 80018004, null, 1, 0, 125, 80018004, 0, CURRENT, 80018009);
INSERT INTO project_result (user_id, project_id, old_rating, new_rating, raw_score, final_score, payment, placed, rating_ind, valid_submission_ind, create_date, modify_date, passed_review_ind, point_adjustment, rating_order) VALUES (80018004, 80018009, null, null, null, null, null, null, 0, 0, CURRENT, CURRENT, null, null, null);
UPDATE user_rating SET rating = 0 WHERE user_id = 80018004 AND phase_id = 125;
INSERT INTO resource (resource_id, resource_role_id, project_id, project_phase_id, create_user, create_date, modify_user, modify_date, user_id) VALUES (80018092, 1, 80018009, NULL, 132456, CURRENT, 132456, CURRENT, 80018021);
INSERT INTO component_inquiry (component_inquiry_id, component_id, user_id, comment, agreed_to_terms, rating, phase, tc_user_id, version, create_time, project_id) VALUES (80018022, 80018009, 80018021, null, 1, 1790, 125, 80018021, 0, CURRENT, 80018009);
INSERT INTO project_result (user_id, project_id, old_rating, new_rating, raw_score, final_score, payment, placed, rating_ind, valid_submission_ind, create_date, modify_date, passed_review_ind, point_adjustment, rating_order) VALUES (80018021, 80018009, 1790, null, null, null, null, null, 0, 0, CURRENT, CURRENT, null, null, null);
UPDATE user_rating SET rating = 1790 WHERE user_id = 80018021 AND phase_id = 125;
INSERT INTO resource (resource_id, resource_role_id, project_id, project_phase_id, create_user, create_date, modify_user, modify_date, user_id) VALUES (80018093, 1, 80018009, NULL, 132456, CURRENT, 132456, CURRENT, 80018002);
INSERT INTO component_inquiry (component_inquiry_id, component_id, user_id, comment, agreed_to_terms, rating, phase, tc_user_id, version, create_time, project_id) VALUES (80018023, 80018009, 80018002, null, 1, 988, 125, 80018002, 0, CURRENT, 80018009);
INSERT INTO project_result (user_id, project_id, old_rating, new_rating, raw_score, final_score, payment, placed, rating_ind, valid_submission_ind, create_date, modify_date, passed_review_ind, point_adjustment, rating_order) VALUES (80018002, 80018009, 988, null, null, null, null, null, 0, 0, CURRENT, CURRENT, null, null, null);
UPDATE user_rating SET rating = 988 WHERE user_id = 80018002 AND phase_id = 125;
INSERT INTO resource (resource_id, resource_role_id, project_id, project_phase_id, create_user, create_date, modify_user, modify_date, user_id) VALUES (80018094, 1, 80018009, NULL, 132456, CURRENT, 132456, CURRENT, 80018017);
INSERT INTO component_inquiry (component_inquiry_id, component_id, user_id, comment, agreed_to_terms, rating, phase, tc_user_id, version, create_time, project_id) VALUES (80018024, 80018009, 80018017, null, 1, 2571, 125, 80018017, 0, CURRENT, 80018009);
INSERT INTO project_result (user_id, project_id, old_rating, new_rating, raw_score, final_score, payment, placed, rating_ind, valid_submission_ind, create_date, modify_date, passed_review_ind, point_adjustment, rating_order) VALUES (80018017, 80018009, 2571, null, null, null, null, null, 0, 0, CURRENT, CURRENT, null, null, null);
UPDATE user_rating SET rating = 2571 WHERE user_id = 80018017 AND phase_id = 125;
INSERT INTO resource (resource_id, resource_role_id, project_id, project_phase_id, create_user, create_date, modify_user, modify_date, user_id) VALUES (80018095, 19, 80018009, 80018089, 132456, CURRENT, 132456, CURRENT, 124836);
INSERT INTO resource (resource_id, resource_role_id, project_id, project_phase_id, create_user, create_date, modify_user, modify_date, user_id) VALUES (80018096, 20, 80018009, 80018090, 132456, CURRENT, 132456, CURRENT, 124836);
INSERT INTO resource (resource_id, resource_role_id, project_id, project_phase_id, create_user, create_date, modify_user, modify_date, user_id) VALUES (80018097, 2, 80018009, 80018092, 132456, CURRENT, 132456, CURRENT, 124836);
INSERT INTO resource (resource_id, resource_role_id, project_id, project_phase_id, create_user, create_date, modify_user, modify_date, user_id) VALUES (80018098, 4, 80018009, 80018093, 132456, CURRENT, 132456, CURRENT, 124836);
INSERT INTO resource (resource_id, resource_role_id, project_id, project_phase_id, create_user, create_date, modify_user, modify_date, user_id) VALUES (80018099, 8, 80018009, 80018096, 132456, CURRENT, 132456, CURRENT, 124836);
INSERT INTO resource (resource_id, resource_role_id, project_id, project_phase_id, create_user, create_date, modify_user, modify_date, user_id) VALUES (80018100, 9, 80018009, 80018098, 132456, CURRENT, 132456, CURRENT, 124836);
INSERT INTO resource (resource_id, resource_role_id, project_id, project_phase_id, create_user, create_date, modify_user, modify_date, user_id) VALUES (80018101, 14, 80018009, NULL, 132456, CURRENT, 132456, CURRENT, 132456);
INSERT INTO resource (resource_id, resource_role_id, project_id, project_phase_id, create_user, create_date, modify_user, modify_date, user_id) VALUES (80018102, 10, 80018009, NULL, 132456, CURRENT, 132456, CURRENT, 132458);
INSERT INTO resource_info (resource_id, resource_info_type_id, value, create_user, create_date, modify_user, modify_date) VALUES (80018087, 1, '132456', 132456, CURRENT, 132456, CURRENT);
INSERT INTO resource_info (resource_id, resource_info_type_id, value, create_user, create_date, modify_user, modify_date) VALUES (80018087, 2, 'heffan', 132456, CURRENT, 132456, CURRENT);
INSERT INTO resource_info (resource_id, resource_info_type_id, value, create_user, create_date, modify_user, modify_date) VALUES (80018087, 8, 'N/A', 132456, CURRENT, 132456, CURRENT);
INSERT INTO resource_info (resource_id, resource_info_type_id, value, create_user, create_date, modify_user, modify_date) VALUES (80018087, 6, '05.12.2016 03:16 AM', 132456, CURRENT, 132456, CURRENT);
INSERT INTO resource_info (resource_id, resource_info_type_id, value, create_user, create_date, modify_user, modify_date) VALUES (80018088, 1, '22770213', 132456, CURRENT, 132456, CURRENT);
INSERT INTO resource_info (resource_id, resource_info_type_id, value, create_user, create_date, modify_user, modify_date) VALUES (80018088, 2, 'Applications', 132456, CURRENT, 132456, CURRENT);
INSERT INTO resource_info (resource_id, resource_info_type_id, value, create_user, create_date, modify_user, modify_date) VALUES (80018088, 8, 'N/A', 132456, CURRENT, 132456, CURRENT);
INSERT INTO resource_info (resource_id, resource_info_type_id, value, create_user, create_date, modify_user, modify_date) VALUES (80018088, 6, '05.12.2016 03:17 AM', 132456, CURRENT, 132456, CURRENT);
INSERT INTO resource_info (resource_id, resource_info_type_id, value, create_user, create_date, modify_user, modify_date) VALUES (80018089, 1, '132458', 132456, CURRENT, 132456, CURRENT);
INSERT INTO resource_info (resource_id, resource_info_type_id, value, create_user, create_date, modify_user, modify_date) VALUES (80018089, 2, 'user', 132456, CURRENT, 132456, CURRENT);
INSERT INTO resource_info (resource_id, resource_info_type_id, value, create_user, create_date, modify_user, modify_date) VALUES (80018089, 8, 'N/A', 132456, CURRENT, 132456, CURRENT);
INSERT INTO resource_info (resource_id, resource_info_type_id, value, create_user, create_date, modify_user, modify_date) VALUES (80018089, 6, '05.12.2016 03:18 AM', 132456, CURRENT, 132456, CURRENT);
INSERT INTO resource_info (resource_id, resource_info_type_id, value, create_user, create_date, modify_user, modify_date) VALUES (80018090, 1, '124916', 132456, CURRENT, 132456, CURRENT);
INSERT INTO resource_info (resource_id, resource_info_type_id, value, create_user, create_date, modify_user, modify_date) VALUES (80018090, 2, 'Yoshi', 132456, CURRENT, 132456, CURRENT);
INSERT INTO resource_info (resource_id, resource_info_type_id, value, create_user, create_date, modify_user, modify_date) VALUES (80018090, 8, 'N/A', 132456, CURRENT, 132456, CURRENT);
INSERT INTO resource_info (resource_id, resource_info_type_id, value, create_user, create_date, modify_user, modify_date) VALUES (80018090, 6, '05.07.2016 01:19 PM', 132456, CURRENT, 132456, CURRENT);
INSERT INTO resource_info (resource_id, resource_info_type_id, value, create_user, create_date, modify_user, modify_date) VALUES (80018091, 1, '80018004', 132456, CURRENT, 132456, CURRENT);
INSERT INTO resource_info (resource_id, resource_info_type_id, value, create_user, create_date, modify_user, modify_date) VALUES (80018091, 2, 'ThinMan80018004', 132456, CURRENT, 132456, CURRENT);
INSERT INTO resource_info (resource_id, resource_info_type_id, value, create_user, create_date, modify_user, modify_date) VALUES (80018091, 3, 'test@test.com', 132456, CURRENT, 132456, CURRENT);
INSERT INTO resource_info (resource_id, resource_info_type_id, value, create_user, create_date, modify_user, modify_date) VALUES (80018091, 8, 'N/A', 132456, CURRENT, 132456, CURRENT);
INSERT INTO resource_info (resource_id, resource_info_type_id, value, create_user, create_date, modify_user, modify_date) VALUES (80018091, 6, '05.12.2016 03:20 AM', 132456, CURRENT, 132456, CURRENT);
INSERT INTO resource_info (resource_id, resource_info_type_id, value, create_user, create_date, modify_user, modify_date) VALUES (80018091, 13, 'No', 132456, CURRENT, 132456, CURRENT);
INSERT INTO resource_info (resource_id, resource_info_type_id, value, create_user, create_date, modify_user, modify_date) VALUES (80018092, 1, '80018021', 132456, CURRENT, 132456, CURRENT);
INSERT INTO resource_info (resource_id, resource_info_type_id, value, create_user, create_date, modify_user, modify_date) VALUES (80018092, 2, 'flexme80018021', 132456, CURRENT, 132456, CURRENT);
INSERT INTO resource_info (resource_id, resource_info_type_id, value, create_user, create_date, modify_user, modify_date) VALUES (80018092, 3, 'test@test.com', 132456, CURRENT, 132456, CURRENT);
INSERT INTO resource_info (resource_id, resource_info_type_id, value, create_user, create_date, modify_user, modify_date) VALUES (80018092, 4, '1790', 132456, CURRENT, 132456, CURRENT);
INSERT INTO resource_info (resource_id, resource_info_type_id, value, create_user, create_date, modify_user, modify_date) VALUES (80018092, 5, '86', 132456, CURRENT, 132456, CURRENT);
INSERT INTO resource_info (resource_id, resource_info_type_id, value, create_user, create_date, modify_user, modify_date) VALUES (80018092, 8, 'N/A', 132456, CURRENT, 132456, CURRENT);
INSERT INTO resource_info (resource_id, resource_info_type_id, value, create_user, create_date, modify_user, modify_date) VALUES (80018092, 6, '05.12.2016 03:21 AM', 132456, CURRENT, 132456, CURRENT);
INSERT INTO resource_info (resource_id, resource_info_type_id, value, create_user, create_date, modify_user, modify_date) VALUES (80018092, 13, 'No', 132456, CURRENT, 132456, CURRENT);
INSERT INTO resource_info (resource_id, resource_info_type_id, value, create_user, create_date, modify_user, modify_date) VALUES (80018093, 1, '80018002', 132456, CURRENT, 132456, CURRENT);
INSERT INTO resource_info (resource_id, resource_info_type_id, value, create_user, create_date, modify_user, modify_date) VALUES (80018093, 2, 'WishingBone80018002', 132456, CURRENT, 132456, CURRENT);
INSERT INTO resource_info (resource_id, resource_info_type_id, value, create_user, create_date, modify_user, modify_date) VALUES (80018093, 3, 'test@test.com', 132456, CURRENT, 132456, CURRENT);
INSERT INTO resource_info (resource_id, resource_info_type_id, value, create_user, create_date, modify_user, modify_date) VALUES (80018093, 4, '988', 132456, CURRENT, 132456, CURRENT);
INSERT INTO resource_info (resource_id, resource_info_type_id, value, create_user, create_date, modify_user, modify_date) VALUES (80018093, 5, '92', 132456, CURRENT, 132456, CURRENT);
INSERT INTO resource_info (resource_id, resource_info_type_id, value, create_user, create_date, modify_user, modify_date) VALUES (80018093, 8, 'N/A', 132456, CURRENT, 132456, CURRENT);
INSERT INTO resource_info (resource_id, resource_info_type_id, value, create_user, create_date, modify_user, modify_date) VALUES (80018093, 6, '05.12.2016 03:22 AM', 132456, CURRENT, 132456, CURRENT);
INSERT INTO resource_info (resource_id, resource_info_type_id, value, create_user, create_date, modify_user, modify_date) VALUES (80018093, 13, 'No', 132456, CURRENT, 132456, CURRENT);
INSERT INTO resource_info (resource_id, resource_info_type_id, value, create_user, create_date, modify_user, modify_date) VALUES (80018094, 1, '80018017', 132456, CURRENT, 132456, CURRENT);
INSERT INTO resource_info (resource_id, resource_info_type_id, value, create_user, create_date, modify_user, modify_date) VALUES (80018094, 2, 'WishingBone80018017', 132456, CURRENT, 132456, CURRENT);
INSERT INTO resource_info (resource_id, resource_info_type_id, value, create_user, create_date, modify_user, modify_date) VALUES (80018094, 3, 'test@test.com', 132456, CURRENT, 132456, CURRENT);
INSERT INTO resource_info (resource_id, resource_info_type_id, value, create_user, create_date, modify_user, modify_date) VALUES (80018094, 4, '2571', 132456, CURRENT, 132456, CURRENT);
INSERT INTO resource_info (resource_id, resource_info_type_id, value, create_user, create_date, modify_user, modify_date) VALUES (80018094, 5, '95', 132456, CURRENT, 132456, CURRENT);
INSERT INTO resource_info (resource_id, resource_info_type_id, value, create_user, create_date, modify_user, modify_date) VALUES (80018094, 8, 'N/A', 132456, CURRENT, 132456, CURRENT);
INSERT INTO resource_info (resource_id, resource_info_type_id, value, create_user, create_date, modify_user, modify_date) VALUES (80018094, 6, '05.12.2016 03:23 AM', 132456, CURRENT, 132456, CURRENT);
INSERT INTO resource_info (resource_id, resource_info_type_id, value, create_user, create_date, modify_user, modify_date) VALUES (80018094, 13, 'No', 132456, CURRENT, 132456, CURRENT);
INSERT INTO resource_info (resource_id, resource_info_type_id, value, create_user, create_date, modify_user, modify_date) VALUES (80018095, 1, '124836', 132456, CURRENT, 132456, CURRENT);
INSERT INTO resource_info (resource_id, resource_info_type_id, value, create_user, create_date, modify_user, modify_date) VALUES (80018095, 2, 'annej9ny', 132456, CURRENT, 132456, CURRENT);
INSERT INTO resource_info (resource_id, resource_info_type_id, value, create_user, create_date, modify_user, modify_date) VALUES (80018095, 8, 'N/A', 132456, CURRENT, 132456, CURRENT);
INSERT INTO resource_info (resource_id, resource_info_type_id, value, create_user, create_date, modify_user, modify_date) VALUES (80018095, 6, '05.10.2016 03:24 PM', 132456, CURRENT, 132456, CURRENT);
INSERT INTO resource_info (resource_id, resource_info_type_id, value, create_user, create_date, modify_user, modify_date) VALUES (80018096, 1, '124836', 132456, CURRENT, 132456, CURRENT);
INSERT INTO resource_info (resource_id, resource_info_type_id, value, create_user, create_date, modify_user, modify_date) VALUES (80018096, 2, 'annej9ny', 132456, CURRENT, 132456, CURRENT);
INSERT INTO resource_info (resource_id, resource_info_type_id, value, create_user, create_date, modify_user, modify_date) VALUES (80018096, 8, 'N/A', 132456, CURRENT, 132456, CURRENT);
INSERT INTO resource_info (resource_id, resource_info_type_id, value, create_user, create_date, modify_user, modify_date) VALUES (80018096, 6, '05.13.2016 03:25 PM', 132456, CURRENT, 132456, CURRENT);
INSERT INTO resource_info (resource_id, resource_info_type_id, value, create_user, create_date, modify_user, modify_date) VALUES (80018097, 1, '124836', 132456, CURRENT, 132456, CURRENT);
INSERT INTO resource_info (resource_id, resource_info_type_id, value, create_user, create_date, modify_user, modify_date) VALUES (80018097, 2, 'annej9ny', 132456, CURRENT, 132456, CURRENT);
INSERT INTO resource_info (resource_id, resource_info_type_id, value, create_user, create_date, modify_user, modify_date) VALUES (80018097, 8, 'N/A', 132456, CURRENT, 132456, CURRENT);
INSERT INTO resource_info (resource_id, resource_info_type_id, value, create_user, create_date, modify_user, modify_date) VALUES (80018097, 6, '05.12.2016 03:26 PM', 132456, CURRENT, 132456, CURRENT);
INSERT INTO resource_info (resource_id, resource_info_type_id, value, create_user, create_date, modify_user, modify_date) VALUES (80018098, 1, '124836', 132456, CURRENT, 132456, CURRENT);
INSERT INTO resource_info (resource_id, resource_info_type_id, value, create_user, create_date, modify_user, modify_date) VALUES (80018098, 2, 'annej9ny', 132456, CURRENT, 132456, CURRENT);
INSERT INTO resource_info (resource_id, resource_info_type_id, value, create_user, create_date, modify_user, modify_date) VALUES (80018098, 8, 'N/A', 132456, CURRENT, 132456, CURRENT);
INSERT INTO resource_info (resource_id, resource_info_type_id, value, create_user, create_date, modify_user, modify_date) VALUES (80018098, 6, '05.13.2016 03:27 AM', 132456, CURRENT, 132456, CURRENT);
INSERT INTO resource_info (resource_id, resource_info_type_id, value, create_user, create_date, modify_user, modify_date) VALUES (80018099, 1, '124836', 132456, CURRENT, 132456, CURRENT);
INSERT INTO resource_info (resource_id, resource_info_type_id, value, create_user, create_date, modify_user, modify_date) VALUES (80018099, 2, 'annej9ny', 132456, CURRENT, 132456, CURRENT);
INSERT INTO resource_info (resource_id, resource_info_type_id, value, create_user, create_date, modify_user, modify_date) VALUES (80018099, 8, 'N/A', 132456, CURRENT, 132456, CURRENT);
INSERT INTO resource_info (resource_id, resource_info_type_id, value, create_user, create_date, modify_user, modify_date) VALUES (80018099, 6, '05.16.2016 03:28 PM', 132456, CURRENT, 132456, CURRENT);
INSERT INTO resource_info (resource_id, resource_info_type_id, value, create_user, create_date, modify_user, modify_date) VALUES (80018100, 1, '124836', 132456, CURRENT, 132456, CURRENT);
INSERT INTO resource_info (resource_id, resource_info_type_id, value, create_user, create_date, modify_user, modify_date) VALUES (80018100, 2, 'annej9ny', 132456, CURRENT, 132456, CURRENT);
INSERT INTO resource_info (resource_id, resource_info_type_id, value, create_user, create_date, modify_user, modify_date) VALUES (80018100, 8, 'N/A', 132456, CURRENT, 132456, CURRENT);
INSERT INTO resource_info (resource_id, resource_info_type_id, value, create_user, create_date, modify_user, modify_date) VALUES (80018100, 6, '05.18.2016 03:29 AM', 132456, CURRENT, 132456, CURRENT);
INSERT INTO resource_info (resource_id, resource_info_type_id, value, create_user, create_date, modify_user, modify_date) VALUES (80018101, 1, '132456', 132456, CURRENT, 132456, CURRENT);
INSERT INTO resource_info (resource_id, resource_info_type_id, value, create_user, create_date, modify_user, modify_date) VALUES (80018101, 2, 'heffan', 132456, CURRENT, 132456, CURRENT);
INSERT INTO resource_info (resource_id, resource_info_type_id, value, create_user, create_date, modify_user, modify_date) VALUES (80018101, 8, 'N/A', 132456, CURRENT, 132456, CURRENT);
INSERT INTO resource_info (resource_id, resource_info_type_id, value, create_user, create_date, modify_user, modify_date) VALUES (80018101, 6, '05.12.2016 03:30 AM', 132456, CURRENT, 132456, CURRENT);
INSERT INTO resource_info (resource_id, resource_info_type_id, value, create_user, create_date, modify_user, modify_date) VALUES (80018102, 1, '132458', 132456, CURRENT, 132456, CURRENT);
INSERT INTO resource_info (resource_id, resource_info_type_id, value, create_user, create_date, modify_user, modify_date) VALUES (80018102, 2, 'user', 132456, CURRENT, 132456, CURRENT);
INSERT INTO resource_info (resource_id, resource_info_type_id, value, create_user, create_date, modify_user, modify_date) VALUES (80018102, 8, 'N/A', 132456, CURRENT, 132456, CURRENT);
INSERT INTO resource_info (resource_id, resource_info_type_id, value, create_user, create_date, modify_user, modify_date) VALUES (80018102, 6, '05.12.2016 03:31 AM', 132456, CURRENT, 132456, CURRENT);
INSERT INTO upload (upload_id, project_id, resource_id, upload_type_id, upload_status_id, parameter, create_user, create_date, modify_user, modify_date, project_phase_id) VALUES (80018017, 80018009, 80018089, 1, 1, '80018009_80018089_80018017.zip', 132458, '2016-05-12 03:18:09', 132458, CURRENT, 80018085);
INSERT INTO upload (upload_id, project_id, resource_id, upload_type_id, upload_status_id, parameter, create_user, create_date, modify_user, modify_date, project_phase_id) VALUES (80018018, 80018009, 80018091, 1, 1, '80018009_80018091_80018018.zip', 80018004, '2016-05-12 03:20:09', 80018004, CURRENT, 80018088);
INSERT INTO upload (upload_id, project_id, resource_id, upload_type_id, upload_status_id, parameter, create_user, create_date, modify_user, modify_date, project_phase_id) VALUES (80018019, 80018009, 80018092, 1, 1, '80018009_80018092_80018019.zip', 80018021, '2016-05-12 03:21:09', 80018021, CURRENT, 80018088);
INSERT INTO upload (upload_id, project_id, resource_id, upload_type_id, upload_status_id, parameter, create_user, create_date, modify_user, modify_date, project_phase_id) VALUES (80018020, 80018009, 80018093, 1, 1, '80018009_80018093_80018020.zip', 80018002, '2016-05-12 03:22:09', 80018002, CURRENT, 80018088);
INSERT INTO upload (upload_id, project_id, resource_id, upload_type_id, upload_status_id, parameter, create_user, create_date, modify_user, modify_date, project_phase_id) VALUES (80018021, 80018009, 80018094, 1, 1, '80018009_80018094_80018021.zip', 80018017, '2016-05-12 03:23:09', 80018017, CURRENT, 80018088);
INSERT INTO submission (submission_id, upload_id, submission_status_id, screening_score, initial_score, final_score, placement, submission_type_id, create_user, create_date, modify_user, modify_date, prize_id) VALUES (80018014, 80018017, 1, null, null, null, null, 2, 132458, '2016-05-12 12:07:40', 132458, '2016-05-12 12:07:40', null);
INSERT INTO resource_submission (resource_id, submission_id, create_user, create_date, modify_user, modify_date) VALUES (80018089, 80018014, 132458, CURRENT, 132458, CURRENT);
INSERT INTO submission (submission_id, upload_id, submission_status_id, screening_score, initial_score, final_score, placement, submission_type_id, create_user, create_date, modify_user, modify_date, prize_id) VALUES (80018015, 80018018, 6, 75.0, null, 75.0, 2, 3, 80018004, '2016-05-12 11:56:54', 80018004, '2016-05-12 11:56:54', 80018020);
INSERT INTO resource_submission (resource_id, submission_id, create_user, create_date, modify_user, modify_date) VALUES (80018091, 80018015, 80018004, CURRENT, 80018004, CURRENT);
INSERT INTO submission (submission_id, upload_id, submission_status_id, screening_score, initial_score, final_score, placement, submission_type_id, create_user, create_date, modify_user, modify_date, prize_id) VALUES (80018016, 80018019, 1, 100.0, null, 100.0, 1, 3, 80018021, '2016-05-12 12:17:06', 80018021, '2016-05-12 12:17:06', 80018020);
INSERT INTO resource_submission (resource_id, submission_id, create_user, create_date, modify_user, modify_date) VALUES (80018092, 80018016, 80018021, CURRENT, 80018021, CURRENT);
INSERT INTO submission (submission_id, upload_id, submission_status_id, screening_score, initial_score, final_score, placement, submission_type_id, create_user, create_date, modify_user, modify_date, prize_id) VALUES (80018017, 80018020, 1, 100.0, null, 75.0, 3, 3, 80018002, '2016-05-12 12:47:45', 80018002, '2016-05-12 12:47:45', null);
INSERT INTO resource_submission (resource_id, submission_id, create_user, create_date, modify_user, modify_date) VALUES (80018093, 80018017, 80018002, CURRENT, 80018002, CURRENT);
INSERT INTO submission (submission_id, upload_id, submission_status_id, screening_score, initial_score, final_score, placement, submission_type_id, create_user, create_date, modify_user, modify_date, prize_id) VALUES (80018018, 80018021, 6, 75.0, null, 75.0, 4, 3, 80018017, '2016-05-12 10:40:30', 80018017, '2016-05-12 10:40:30', null);
INSERT INTO resource_submission (resource_id, submission_id, create_user, create_date, modify_user, modify_date) VALUES (80018094, 80018018, 80018017, CURRENT, 80018017, CURRENT);
INSERT INTO review (review_id, resource_id, submission_id, scorecard_id, committed, initial_score, score, create_user, create_date, modify_user, modify_date, project_phase_id) VALUES (80018020, 80018090, 80018014, 30000722, 1, 100.0, 100.0, 124916, CURRENT, 124916, CURRENT, 80018086);
INSERT INTO review_comment (review_comment_id, resource_id, review_id, comment_type_id, content, extra_info, sort, create_user, create_date, modify_user, modify_date) VALUES (80018008, 80018090, 80018020, 14, '', 'Approved', 0, 124916, CURRENT, 124916, CURRENT);
INSERT INTO review_item (review_item_id, review_id, scorecard_question_id, upload_id, answer, sort, create_user, create_date, modify_user, modify_date) VALUES (80018020, 80018020, 30001008, null, '4/4', 0, 124916, CURRENT, 124916, CURRENT);
INSERT INTO review_item_comment (review_item_comment_id, resource_id, review_item_id, comment_type_id, content, extra_info, sort, create_user, create_date, modify_user, modify_date) VALUES (80018031, 80018090, 80018020, 1, 'Ok', NULL, 0, 124916, CURRENT, 124916, CURRENT);
INSERT INTO review (review_id, resource_id, submission_id, scorecard_id, committed, initial_score, score, create_user, create_date, modify_user, modify_date, project_phase_id) VALUES (80018021, 80018095, 80018015, 30000416, 1, 75.0, 75.0, 124836, CURRENT, 124836, CURRENT, 80018089);
INSERT INTO review_item (review_item_id, review_id, scorecard_question_id, upload_id, answer, sort, create_user, create_date, modify_user, modify_date) VALUES (80018021, 80018021, 30003112, null, '3/4', 0, 124836, CURRENT, 124836, CURRENT);
INSERT INTO review_item_comment (review_item_comment_id, resource_id, review_item_id, comment_type_id, content, extra_info, sort, create_user, create_date, modify_user, modify_date) VALUES (80018032, 80018095, 80018021, 1, 'Using the registration steps, I can not get any activation emails, I used outlook.com and qq.com.  I manually update it through database. ', NULL, 0, 124836, CURRENT, 124836, CURRENT);
INSERT INTO review (review_id, resource_id, submission_id, scorecard_id, committed, initial_score, score, create_user, create_date, modify_user, modify_date, project_phase_id) VALUES (80018022, 80018095, 80018016, 30000416, 1, 100.0, 100.0, 124836, CURRENT, 124836, CURRENT, 80018089);
INSERT INTO review_item (review_item_id, review_id, scorecard_question_id, upload_id, answer, sort, create_user, create_date, modify_user, modify_date) VALUES (80018022, 80018022, 30003112, null, '4/4', 0, 124836, CURRENT, 124836, CURRENT);
INSERT INTO review_item_comment (review_item_comment_id, resource_id, review_item_id, comment_type_id, content, extra_info, sort, create_user, create_date, modify_user, modify_date) VALUES (80018033, 80018095, 80018022, 1, 'Using the registration steps, I can not get any activation emails, I used outlook.com and qq.com.  I manually update it through database. ', NULL, 0, 124836, CURRENT, 124836, CURRENT);
INSERT INTO review (review_id, resource_id, submission_id, scorecard_id, committed, initial_score, score, create_user, create_date, modify_user, modify_date, project_phase_id) VALUES (80018023, 80018095, 80018017, 30000416, 1, 100.0, 100.0, 124836, CURRENT, 124836, CURRENT, 80018089);
INSERT INTO review_item (review_item_id, review_id, scorecard_question_id, upload_id, answer, sort, create_user, create_date, modify_user, modify_date) VALUES (80018023, 80018023, 30003112, null, '4/4', 0, 124836, CURRENT, 124836, CURRENT);
INSERT INTO review_item_comment (review_item_comment_id, resource_id, review_item_id, comment_type_id, content, extra_info, sort, create_user, create_date, modify_user, modify_date) VALUES (80018034, 80018095, 80018023, 1, 'analytics web module is not workable. When trying to access it the server responds with HTTP 404 error.', NULL, 0, 124836, CURRENT, 124836, CURRENT);
INSERT INTO review (review_id, resource_id, submission_id, scorecard_id, committed, initial_score, score, create_user, create_date, modify_user, modify_date, project_phase_id) VALUES (80018024, 80018095, 80018018, 30000416, 1, 75.0, 75.0, 124836, CURRENT, 124836, CURRENT, 80018089);
INSERT INTO review_item (review_item_id, review_id, scorecard_question_id, upload_id, answer, sort, create_user, create_date, modify_user, modify_date) VALUES (80018024, 80018024, 30003112, null, '3/4', 0, 124836, CURRENT, 124836, CURRENT);
INSERT INTO review_item_comment (review_item_comment_id, resource_id, review_item_id, comment_type_id, content, extra_info, sort, create_user, create_date, modify_user, modify_date) VALUES (80018035, 80018095, 80018024, 1, 'Some requirments are not addressed. ', NULL, 0, 124836, CURRENT, 124836, CURRENT);
INSERT INTO review (review_id, resource_id, submission_id, scorecard_id, committed, initial_score, score, create_user, create_date, modify_user, modify_date, project_phase_id) VALUES (80018025, 80018096, 80018015, 30000417, 1, 75.0, 75.0, 124836, CURRENT, 124836, CURRENT, 80018090);
INSERT INTO review_item (review_item_id, review_id, scorecard_question_id, upload_id, answer, sort, create_user, create_date, modify_user, modify_date) VALUES (80018025, 80018025, 30003113, null, '3/4', 0, 124836, CURRENT, 124836, CURRENT);
INSERT INTO review_item_comment (review_item_comment_id, resource_id, review_item_id, comment_type_id, content, extra_info, sort, create_user, create_date, modify_user, modify_date) VALUES (80018036, 80018096, 80018025, 1, '/direct/scorecard web module is not workable. When trying to access it the server responds with error like:  There is no Action mapped for namespace [/] and action name [scorecard] associated with context path [/direct]. - [unknown location]', NULL, 0, 124836, CURRENT, 124836, CURRENT);
INSERT INTO review (review_id, resource_id, submission_id, scorecard_id, committed, initial_score, score, create_user, create_date, modify_user, modify_date, project_phase_id) VALUES (80018026, 80018096, 80018016, 30000417, 1, 100.0, 100.0, 124836, CURRENT, 124836, CURRENT, 80018090);
INSERT INTO review_item (review_item_id, review_id, scorecard_question_id, upload_id, answer, sort, create_user, create_date, modify_user, modify_date) VALUES (80018026, 80018026, 30003113, null, '4/4', 0, 124836, CURRENT, 124836, CURRENT);
INSERT INTO review_item_comment (review_item_comment_id, resource_id, review_item_id, comment_type_id, content, extra_info, sort, create_user, create_date, modify_user, modify_date) VALUES (80018037, 80018096, 80018026, 1, 'visit http://tc.cloud.topcoder.com/tc?module=ProjectDetail&pj=7700001 anonymously, click the Registration button, then enter with user without checking the compete options, it return back to contest detail page, but no popup shows information to check options in profile. ', NULL, 0, 124836, CURRENT, 124836, CURRENT);
INSERT INTO review (review_id, resource_id, submission_id, scorecard_id, committed, initial_score, score, create_user, create_date, modify_user, modify_date, project_phase_id) VALUES (80018027, 80018096, 80018017, 30000417, 1, 75.0, 75.0, 124836, CURRENT, 124836, CURRENT, 80018090);
INSERT INTO review_item (review_item_id, review_id, scorecard_question_id, upload_id, answer, sort, create_user, create_date, modify_user, modify_date) VALUES (80018027, 80018027, 30003113, null, '3/4', 0, 124836, CURRENT, 124836, CURRENT);
INSERT INTO review_item_comment (review_item_comment_id, resource_id, review_item_id, comment_type_id, content, extra_info, sort, create_user, create_date, modify_user, modify_date) VALUES (80018038, 80018096, 80018027, 1, 'Verification section provides the instructions just for testing the Direct web module while there are other web modules deployed and to be tested as well like /mobile, /present', NULL, 0, 124836, CURRENT, 124836, CURRENT);
INSERT INTO review (review_id, resource_id, submission_id, scorecard_id, committed, initial_score, score, create_user, create_date, modify_user, modify_date, project_phase_id) VALUES (80018028, 80018096, 80018018, 30000417, 1, 75.0, 75.0, 124836, CURRENT, 124836, CURRENT, 80018090);
INSERT INTO review_item (review_item_id, review_id, scorecard_question_id, upload_id, answer, sort, create_user, create_date, modify_user, modify_date) VALUES (80018028, 80018028, 30003113, null, '3/4', 0, 124836, CURRENT, 124836, CURRENT);
INSERT INTO review_item_comment (review_item_comment_id, resource_id, review_item_id, comment_type_id, content, extra_info, sort, create_user, create_date, modify_user, modify_date) VALUES (80018039, 80018096, 80018028, 1, '/direct/scorecard web module is not workable. When trying to access it the server responds with error like:  There is no Action mapped for namespace [/] and action name [scorecard] associated with context path [/direct]. - [unknown location]', NULL, 0, 124836, CURRENT, 124836, CURRENT);
INSERT INTO notification (project_id, external_ref_id, notification_type_id, create_user, create_date, modify_user, modify_date) VALUES (80018009, 80018004, 1, 132456, CURRENT, 132456, CURRENT);
INSERT INTO notification (project_id, external_ref_id, notification_type_id, create_user, create_date, modify_user, modify_date) VALUES (80018009, 80018021, 1, 132456, CURRENT, 132456, CURRENT);
INSERT INTO notification (project_id, external_ref_id, notification_type_id, create_user, create_date, modify_user, modify_date) VALUES (80018009, 124916, 1, 132456, CURRENT, 132456, CURRENT);
INSERT INTO notification (project_id, external_ref_id, notification_type_id, create_user, create_date, modify_user, modify_date) VALUES (80018009, 80018017, 1, 132456, CURRENT, 132456, CURRENT);
INSERT INTO notification (project_id, external_ref_id, notification_type_id, create_user, create_date, modify_user, modify_date) VALUES (80018009, 124836, 1, 132456, CURRENT, 132456, CURRENT);
INSERT INTO notification (project_id, external_ref_id, notification_type_id, create_user, create_date, modify_user, modify_date) VALUES (80018009, 80018002, 1, 132456, CURRENT, 132456, CURRENT);
INSERT INTO notification (project_id, external_ref_id, notification_type_id, create_user, create_date, modify_user, modify_date) VALUES (80018009, 132458, 1, 132456, CURRENT, 132456, CURRENT);
INSERT INTO notification (project_id, external_ref_id, notification_type_id, create_user, create_date, modify_user, modify_date) VALUES (80018009, 132456, 1, 132456, CURRENT, 132456, CURRENT);
INSERT INTO notification (project_id, external_ref_id, notification_type_id, create_user, create_date, modify_user, modify_date) VALUES (80018009, 22770213, 1, 132456, CURRENT, 132456, CURRENT);
INSERT INTO contest_sale (contest_sale_id, contest_id, sale_status_id, price, paypal_order_id, create_date, sale_reference_id, sale_type_id) VALUES (80018009, 80018009, 1, 8436.0, 'PO BOX 80018001', CURRENT, 'PO BOX 80018001', 2);
INSERT INTO project_payment (project_payment_id, project_payment_type_id, resource_id, submission_id, amount, pacts_payment_id, create_user,create_date, modify_user, modify_date) VALUES (80018024, 3, 80018090, null, 50.0, null, 132456, CURRENT, 132456, CURRENT);
INSERT INTO project_payment (project_payment_id, project_payment_type_id, resource_id, submission_id, amount, pacts_payment_id, create_user,create_date, modify_user, modify_date) VALUES (80018028, 2, 80018091, 80018015, 85.0, null, 132456, CURRENT, 132456, CURRENT);
INSERT INTO project_payment (project_payment_id, project_payment_type_id, resource_id, submission_id, amount, pacts_payment_id, create_user,create_date, modify_user, modify_date) VALUES (80018027, 2, 80018092, 80018016, 71.0, null, 132456, CURRENT, 132456, CURRENT);
INSERT INTO project_payment (project_payment_id, project_payment_type_id, resource_id, submission_id, amount, pacts_payment_id, create_user,create_date, modify_user, modify_date) VALUES (80018025, 3, 80018095, null, 20.0, null, 132456, CURRENT, 132456, CURRENT);
INSERT INTO project_payment (project_payment_id, project_payment_type_id, resource_id, submission_id, amount, pacts_payment_id, create_user,create_date, modify_user, modify_date) VALUES (80018026, 3, 80018096, null, 50.0, null, 132456, CURRENT, 132456, CURRENT);
INSERT INTO project_payment (project_payment_id, project_payment_type_id, resource_id, submission_id, amount, pacts_payment_id, create_user,create_date, modify_user, modify_date) VALUES (80018029, 4, 80018101, null, 350.0, null, 132456, CURRENT, 132456, CURRENT);
INSERT INTO contest_milestone_xref (contest_id, project_milestone_id, create_user, create_date, modify_user, modify_date) VALUES (80018009, 800180011, 132456, CURRENT, 132456, CURRENT);
INSERT INTO review_auction (review_auction_id, project_id, review_auction_type_id) VALUES (80028009, 80018009, 3);
INSERT INTO review_auction (review_auction_id, project_id, review_auction_type_id) VALUES (80018009, 80018009, 1);
INSERT INTO comp_catalog (component_id, current_version, short_desc, component_name, description, function_desc, create_time, status_id, root_category_id, modify_date, public_ind)  VALUES (80018010, 1, 'Short description for Assembly Competition Contest 10', 'Assembly Competition Contest 10', 'Description for Assembly Competition Contest 10', 'Functional description for Assembly Competition Contest 10', CURRENT, 1, 27202909, CURRENT, 1);
INSERT INTO comp_categories (comp_categories_id, component_id, category_id)  VALUES (80018010, 80018010, 27202909);
INSERT INTO comp_versions (comp_vers_id, component_id, version, version_text, create_time, phase_id, phase_time, price, comments, modify_date, suspended_ind) VALUES (80018010, 80018010, 1, '1.0', CURRENT, 112, CURRENT, 1200.0, 'Comments for version #1', CURRENT, 0);
INSERT INTO comp_version_dates (comp_version_dates_id, comp_vers_id, phase_id, posting_date, initial_submission_date, winner_announced_date, final_submission_date, estimated_dev_date, price, total_submissions, status_id, create_time, level_id, screening_complete_date, review_complete_date, aggregation_complete_date, phase_complete_date, production_date, aggregation_complete_date_comment, phase_complete_date_comment, review_complete_date_comment, winner_announced_date_comment, initial_submission_date_comment, screening_complete_date_comment, final_submission_date_comment, production_date_comment, modify_date) VALUES (80018010, 80018010, 112, '1976-06-05', '2000-02-01', '2000-02-01', '2000-02-01', '2000-02-01', 0.00, 0, 301, CURRENT, 100, '2000-02-01', '2000-02-01', '2000-02-01', '2000-02-01', null, null, null, null, null, null, null, null, null, CURRENT);
INSERT INTO comp_technology (comp_tech_id, comp_vers_id, technology_type_id) VALUES (800180100, 80018010, 8490749);
INSERT INTO project (project_id, project_status_id, project_category_id, create_user, create_date, modify_user, modify_date, tc_direct_project_id, project_studio_spec_id) VALUES (80018010, 1, 14, 132456, CURRENT, 132456, CURRENT, 80018001, NULL);
INSERT INTO project_info (project_id, project_info_type_id, value, create_user, create_date, modify_user, modify_date) VALUES (80018010, 1, '80018010', 132456, CURRENT, 132456, CURRENT);
INSERT INTO project_info (project_id, project_info_type_id, value, create_user, create_date, modify_user, modify_date) VALUES (80018010, 2, '80018010', 132456, CURRENT, 132456, CURRENT);
INSERT INTO project_info (project_id, project_info_type_id, value, create_user, create_date, modify_user, modify_date) VALUES (80018010, 3, '80018010', 132456, CURRENT, 132456, CURRENT);
INSERT INTO project_info (project_id, project_info_type_id, value, create_user, create_date, modify_user, modify_date) VALUES (80018010, 4, '80018011', 132456, CURRENT, 132456, CURRENT);
INSERT INTO comp_jive_category_xref (comp_vers_id, jive_category_id) VALUES (80018010, 0);
INSERT INTO project_info (project_id, project_info_type_id, value, create_user, create_date, modify_user, modify_date) VALUES (80018010, 5, '27202909', 132456, CURRENT, 132456, CURRENT);
INSERT INTO project_info (project_id, project_info_type_id, value, create_user, create_date, modify_user, modify_date) VALUES (80018010, 6, 'Assembly Competition Contest 10', 132456, CURRENT, 132456, CURRENT);
INSERT INTO project_info (project_id, project_info_type_id, value, create_user, create_date, modify_user, modify_date) VALUES (80018010, 7, '1.0', 132456, CURRENT, 132456, CURRENT);
INSERT INTO project_info (project_id, project_info_type_id, value, create_user, create_date, modify_user, modify_date) VALUES (80018010, 8, '', 132456, CURRENT, 132456, CURRENT);
INSERT INTO project_info (project_id, project_info_type_id, value, create_user, create_date, modify_user, modify_date) VALUES (80018010, 11, 'On', 132456, CURRENT, 132456, CURRENT);
INSERT INTO project_info (project_id, project_info_type_id, value, create_user, create_date, modify_user, modify_date) VALUES (80018010, 9, 'On', 132456, CURRENT, 132456, CURRENT);
INSERT INTO project_info (project_id, project_info_type_id, value, create_user, create_date, modify_user, modify_date) VALUES (80018010, 10, 'On', 132456, CURRENT, 132456, CURRENT);
INSERT INTO project_info (project_id, project_info_type_id, value, create_user, create_date, modify_user, modify_date) VALUES (80018010, 12, 'Yes', 132456, CURRENT, 132456, CURRENT);
INSERT INTO project_info (project_id, project_info_type_id, value, create_user, create_date, modify_user, modify_date) VALUES (80018010, 13, 'Yes', 132456, CURRENT, 132456, CURRENT);
INSERT INTO project_info (project_id, project_info_type_id, value, create_user, create_date, modify_user, modify_date) VALUES (80018010, 14, 'Open', 132456, CURRENT, 132456, CURRENT);
INSERT INTO project_info (project_id, project_info_type_id, value, create_user, create_date, modify_user, modify_date) VALUES (80018010, 16, '1200.0', 132456, CURRENT, 132456, CURRENT);
INSERT INTO project_info (project_id, project_info_type_id, value, create_user, create_date, modify_user, modify_date) VALUES (80018010, 17, '', 132456, CURRENT, 132456, CURRENT);
INSERT INTO project_info (project_id, project_info_type_id, value, create_user, create_date, modify_user, modify_date) VALUES (80018010, 26, 'On', 132456, CURRENT, 132456, CURRENT);
INSERT INTO project_info (project_id, project_info_type_id, value, create_user, create_date, modify_user, modify_date) VALUES (80018010, 30, '540.0', 132456, CURRENT, 132456, CURRENT);
INSERT INTO project_info (project_id, project_info_type_id, value, create_user, create_date, modify_user, modify_date) VALUES (80018010, 31, '6001.0', 132456, CURRENT, 132456, CURRENT);
INSERT INTO project_info (project_id, project_info_type_id, value, create_user, create_date, modify_user, modify_date) VALUES (80018010, 33, '761.0', 132456, CURRENT, 132456, CURRENT);
INSERT INTO project_info (project_id, project_info_type_id, value, create_user, create_date, modify_user, modify_date) VALUES (80018010, 35, '30.0', 132456, CURRENT, 132456, CURRENT);
INSERT INTO project_info (project_id, project_info_type_id, value, create_user, create_date, modify_user, modify_date) VALUES (80018010, 36, '1200.0', 132456, CURRENT, 132456, CURRENT);
INSERT INTO project_info (project_id, project_info_type_id, value, create_user, create_date, modify_user, modify_date) VALUES (80018010, 37, '600.0', 132456, CURRENT, 132456, CURRENT);
INSERT INTO project_info (project_id, project_info_type_id, value, create_user, create_date, modify_user, modify_date) VALUES (80018010, 45, 'true', 132456, CURRENT, 132456, CURRENT);
INSERT INTO project_info (project_id, project_info_type_id, value, create_user, create_date, modify_user, modify_date) VALUES (80018010, 47, 'true', 132456, CURRENT, 132456, CURRENT);
INSERT INTO project_info (project_id, project_info_type_id, value, create_user, create_date, modify_user, modify_date) VALUES (80018010, 38, '380.0', 132456, CURRENT, 132456, CURRENT);
INSERT INTO project_info (project_id, project_info_type_id, value, create_user, create_date, modify_user, modify_date) VALUES (80018010, 39, '0.0', 132456, CURRENT, 132456, CURRENT);
INSERT INTO project_info (project_id, project_info_type_id, value, create_user, create_date, modify_user, modify_date) VALUES (80018010, 40, 'C', 132456, CURRENT, 132456, CURRENT);
INSERT INTO project_info (project_id, project_info_type_id, value, create_user, create_date, modify_user, modify_date) VALUES (80018010, 32, '80018001', 132456, CURRENT, 132456, CURRENT);
INSERT INTO project_info (project_id, project_info_type_id, value, create_user, create_date, modify_user, modify_date) VALUES (80018010, 41, 'true', 132456, CURRENT, 132456, CURRENT);
INSERT INTO project_info (project_id, project_info_type_id, value, create_user, create_date, modify_user, modify_date) VALUES (80018010, 43, 'true', 132456, CURRENT, 132456, CURRENT);
INSERT INTO project_info (project_id, project_info_type_id, value, create_user, create_date, modify_user, modify_date) VALUES (80018010, 44, 'false', 132456, CURRENT, 132456, CURRENT);
INSERT INTO project_info (project_id, project_info_type_id, value, create_user, create_date, modify_user, modify_date) VALUES (80018010, 46, 'true', 132456, CURRENT, 132456, CURRENT);
INSERT INTO project_info (project_id, project_info_type_id, value, create_user, create_date, modify_user, modify_date) VALUES (80018010, 48, 'true', 132456, CURRENT, 132456, CURRENT);
INSERT INTO project_info (project_id, project_info_type_id, value, create_user, create_date, modify_user, modify_date) VALUES (80018010, 23, '80018019', 132456, CURRENT, 132456, CURRENT);
INSERT INTO project_info (project_id, project_info_type_id, value, create_user, create_date, modify_user, modify_date) VALUES (80018010, 49, '500', 132456, CURRENT, 132456, CURRENT);
INSERT INTO project_info (project_id, project_info_type_id, value, create_user, create_date, modify_user, modify_date) VALUES (80018010, 59, 'true', 132456, CURRENT, 132456, CURRENT);
INSERT INTO prize (prize_id, place, prize_amount, prize_type_id, number_of_submissions,                    create_user, create_date, modify_user, modify_date, project_id) VALUES (80018021, 1, 1200.0, 15, 1, 132456, CURRENT, 132456, CURRENT, 80018010);
INSERT INTO prize (prize_id, place, prize_amount, prize_type_id, number_of_submissions,                    create_user, create_date, modify_user, modify_date, project_id) VALUES (80018022, 2, 600.0, 15, 1, 132456, CURRENT, 132456, CURRENT, 80018010);
INSERT INTO project_spec (project_spec_id, project_id, version, detailed_requirements, submission_deliverables, environment_setup_instruction, final_submission_guidelines, private_description, create_user, create_date, modify_user, modify_date) VALUES (80018010, 80018010, 1, 'Detailed requirements for Assembly Competition Contest 10', '', '', 'Final submission guidelines for Assembly Competition Contest 10', '', 132456, CURRENT, 132456, CURRENT);
INSERT INTO project_phase (project_phase_id, project_id, phase_type_id, phase_status_id, fixed_start_time, scheduled_start_time, scheduled_end_time, actual_start_time, actual_end_time, duration, create_user, create_date, modify_user, modify_date) VALUES (80018100, 80018010, 13, 3, CURRENT + -21360 UNITS MINUTE, CURRENT + -21360 UNITS MINUTE, CURRENT + -18480 UNITS MINUTE, CURRENT + -21360 UNITS MINUTE, CURRENT + -18480 UNITS MINUTE, 172800000, 132456, CURRENT, 132456, CURRENT);
INSERT INTO project_phase (project_phase_id, project_id, phase_type_id, phase_status_id, fixed_start_time, scheduled_start_time, scheduled_end_time, actual_start_time, actual_end_time, duration, create_user, create_date, modify_user, modify_date) VALUES (80018101, 80018010, 14, 3, null, CURRENT + -18480 UNITS MINUTE, CURRENT + -18360 UNITS MINUTE, CURRENT + -18480 UNITS MINUTE, CURRENT + -18360 UNITS MINUTE, 7200000, 132456, CURRENT, 132456, CURRENT);
INSERT INTO project_phase (project_phase_id, project_id, phase_type_id, phase_status_id, fixed_start_time, scheduled_start_time, scheduled_end_time, actual_start_time, actual_end_time, duration, create_user, create_date, modify_user, modify_date) VALUES (80018102, 80018010, 1, 3, CURRENT + -18360 UNITS MINUTE, CURRENT + -18360 UNITS MINUTE, CURRENT + -15480 UNITS MINUTE, CURRENT + -18360 UNITS MINUTE, CURRENT + -15480 UNITS MINUTE, 172800000, 132456, CURRENT, 132456, CURRENT);
INSERT INTO project_phase (project_phase_id, project_id, phase_type_id, phase_status_id, fixed_start_time, scheduled_start_time, scheduled_end_time, actual_start_time, actual_end_time, duration, create_user, create_date, modify_user, modify_date) VALUES (80018103, 80018010, 2, 3, null, CURRENT + -18360 UNITS MINUTE, CURRENT + -11160 UNITS MINUTE, CURRENT + -18360 UNITS MINUTE, CURRENT + -11160 UNITS MINUTE, 432000000, 132456, CURRENT, 132456, CURRENT);
INSERT INTO project_phase (project_phase_id, project_id, phase_type_id, phase_status_id, fixed_start_time, scheduled_start_time, scheduled_end_time, actual_start_time, actual_end_time, duration, create_user, create_date, modify_user, modify_date) VALUES (80018104, 80018010, 3, 3, null, CURRENT + -11160 UNITS MINUTE, CURRENT + -10440 UNITS MINUTE, CURRENT + -11160 UNITS MINUTE, CURRENT + -10440 UNITS MINUTE, 43200000, 132456, CURRENT, 132456, CURRENT);
INSERT INTO project_phase (project_phase_id, project_id, phase_type_id, phase_status_id, fixed_start_time, scheduled_start_time, scheduled_end_time, actual_start_time, actual_end_time, duration, create_user, create_date, modify_user, modify_date) VALUES (80018105, 80018010, 4, 3, null, CURRENT + -10440 UNITS MINUTE, CURRENT + -7560 UNITS MINUTE, CURRENT + -10440 UNITS MINUTE, CURRENT + -7560 UNITS MINUTE, 172800000, 132456, CURRENT, 132456, CURRENT);
INSERT INTO project_phase (project_phase_id, project_id, phase_type_id, phase_status_id, fixed_start_time, scheduled_start_time, scheduled_end_time, actual_start_time, actual_end_time, duration, create_user, create_date, modify_user, modify_date) VALUES (80018106, 80018010, 5, 3, null, CURRENT + -7560 UNITS MINUTE, CURRENT + -6120 UNITS MINUTE, CURRENT + -7560 UNITS MINUTE, CURRENT + -6120 UNITS MINUTE, 86400000, 132456, CURRENT, 132456, CURRENT);
INSERT INTO project_phase (project_phase_id, project_id, phase_type_id, phase_status_id, fixed_start_time, scheduled_start_time, scheduled_end_time, actual_start_time, actual_end_time, duration, create_user, create_date, modify_user, modify_date) VALUES (80018107, 80018010, 6, 3, null, CURRENT + -6120 UNITS MINUTE, CURRENT + -5400 UNITS MINUTE, CURRENT + -6120 UNITS MINUTE, CURRENT + -5400 UNITS MINUTE, 43200000, 132456, CURRENT, 132456, CURRENT);
INSERT INTO project_phase (project_phase_id, project_id, phase_type_id, phase_status_id, fixed_start_time, scheduled_start_time, scheduled_end_time, actual_start_time, actual_end_time, duration, create_user, create_date, modify_user, modify_date) VALUES (80018108, 80018010, 7, 3, null, CURRENT + -5400 UNITS MINUTE, CURRENT + -4680 UNITS MINUTE, CURRENT + -5400 UNITS MINUTE, CURRENT + -4680 UNITS MINUTE, 43200000, 132456, CURRENT, 132456, CURRENT);
INSERT INTO project_phase (project_phase_id, project_id, phase_type_id, phase_status_id, fixed_start_time, scheduled_start_time, scheduled_end_time, actual_start_time, actual_end_time, duration, create_user, create_date, modify_user, modify_date) VALUES (80018109, 80018010, 9, 3, null, CURRENT + -4680 UNITS MINUTE, CURRENT + -3240 UNITS MINUTE, CURRENT + -4680 UNITS MINUTE, CURRENT + -3240 UNITS MINUTE, 86400000, 132456, CURRENT, 132456, CURRENT);
INSERT INTO project_phase (project_phase_id, project_id, phase_type_id, phase_status_id, fixed_start_time, scheduled_start_time, scheduled_end_time, actual_start_time, actual_end_time, duration, create_user, create_date, modify_user, modify_date) VALUES (80018110, 80018010, 10, 2, null, CURRENT + -3240 UNITS MINUTE, CURRENT + -2520 UNITS MINUTE, CURRENT + -3240 UNITS MINUTE, null, 43200000, 132456, CURRENT, 132456, CURRENT);
INSERT INTO project_phase (project_phase_id, project_id, phase_type_id, phase_status_id, fixed_start_time, scheduled_start_time, scheduled_end_time, actual_start_time, actual_end_time, duration, create_user, create_date, modify_user, modify_date) VALUES (80018111, 80018010, 11, 1, null, CURRENT + -2520 UNITS MINUTE, CURRENT + 4680 UNITS MINUTE, null, null, 432000000, 132456, CURRENT, 132456, CURRENT);
INSERT INTO phase_dependency (dependency_phase_id, dependent_phase_id, dependency_start, dependent_start, lag_time, create_user, create_date, modify_user, modify_date) VALUES (80018100, 80018101, 0, 1, 0, 132456, CURRENT, 132456, CURRENT);
INSERT INTO phase_dependency (dependency_phase_id, dependent_phase_id, dependency_start, dependent_start, lag_time, create_user, create_date, modify_user, modify_date) VALUES (80018101, 80018102, 0, 1, 0, 132456, CURRENT, 132456, CURRENT);
INSERT INTO phase_dependency (dependency_phase_id, dependent_phase_id, dependency_start, dependent_start, lag_time, create_user, create_date, modify_user, modify_date) VALUES (80018102, 80018103, 1, 1, 0, 132456, CURRENT, 132456, CURRENT);
INSERT INTO phase_dependency (dependency_phase_id, dependent_phase_id, dependency_start, dependent_start, lag_time, create_user, create_date, modify_user, modify_date) VALUES (80018103, 80018104, 0, 1, 0, 132456, CURRENT, 132456, CURRENT);
INSERT INTO phase_dependency (dependency_phase_id, dependent_phase_id, dependency_start, dependent_start, lag_time, create_user, create_date, modify_user, modify_date) VALUES (80018104, 80018105, 0, 1, 0, 132456, CURRENT, 132456, CURRENT);
INSERT INTO phase_dependency (dependency_phase_id, dependent_phase_id, dependency_start, dependent_start, lag_time, create_user, create_date, modify_user, modify_date) VALUES (80018105, 80018106, 0, 1, 0, 132456, CURRENT, 132456, CURRENT);
INSERT INTO phase_dependency (dependency_phase_id, dependent_phase_id, dependency_start, dependent_start, lag_time, create_user, create_date, modify_user, modify_date) VALUES (80018106, 80018107, 0, 1, 0, 132456, CURRENT, 132456, CURRENT);
INSERT INTO phase_dependency (dependency_phase_id, dependent_phase_id, dependency_start, dependent_start, lag_time, create_user, create_date, modify_user, modify_date) VALUES (80018107, 80018108, 0, 1, 0, 132456, CURRENT, 132456, CURRENT);
INSERT INTO phase_dependency (dependency_phase_id, dependent_phase_id, dependency_start, dependent_start, lag_time, create_user, create_date, modify_user, modify_date) VALUES (80018108, 80018109, 0, 1, 0, 132456, CURRENT, 132456, CURRENT);
INSERT INTO phase_dependency (dependency_phase_id, dependent_phase_id, dependency_start, dependent_start, lag_time, create_user, create_date, modify_user, modify_date) VALUES (80018109, 80018110, 0, 1, 0, 132456, CURRENT, 132456, CURRENT);
INSERT INTO phase_dependency (dependency_phase_id, dependent_phase_id, dependency_start, dependent_start, lag_time, create_user, create_date, modify_user, modify_date) VALUES (80018110, 80018111, 0, 1, 0, 132456, CURRENT, 132456, CURRENT);
INSERT INTO phase_criteria (project_phase_id, phase_criteria_type_id, parameter, create_user, create_date, modify_user, modify_date) VALUES (80018101, 1, '30000722', 132456, CURRENT, 132456, CURRENT);
INSERT INTO phase_criteria (project_phase_id, phase_criteria_type_id, parameter, create_user, create_date, modify_user, modify_date) VALUES (80018101, 6, '1', 132456, CURRENT, 132456, CURRENT);
INSERT INTO phase_criteria (project_phase_id, phase_criteria_type_id, parameter, create_user, create_date, modify_user, modify_date) VALUES (80018102, 2, '0', 132456, CURRENT, 132456, CURRENT);
INSERT INTO phase_criteria (project_phase_id, phase_criteria_type_id, parameter, create_user, create_date, modify_user, modify_date) VALUES (80018102, 5, 'No', 132456, CURRENT, 132456, CURRENT);
INSERT INTO phase_criteria (project_phase_id, phase_criteria_type_id, parameter, create_user, create_date, modify_user, modify_date) VALUES (80018103, 3, '0', 132456, CURRENT, 132456, CURRENT);
INSERT INTO phase_criteria (project_phase_id, phase_criteria_type_id, parameter, create_user, create_date, modify_user, modify_date) VALUES (80018103, 5, 'Yes', 132456, CURRENT, 132456, CURRENT);
INSERT INTO phase_criteria (project_phase_id, phase_criteria_type_id, parameter, create_user, create_date, modify_user, modify_date) VALUES (80018104, 1, '30000410', 132456, CURRENT, 132456, CURRENT);
INSERT INTO phase_criteria (project_phase_id, phase_criteria_type_id, parameter, create_user, create_date, modify_user, modify_date) VALUES (80018104, 5, 'No', 132456, CURRENT, 132456, CURRENT);
INSERT INTO phase_criteria (project_phase_id, phase_criteria_type_id, parameter, create_user, create_date, modify_user, modify_date) VALUES (80018105, 1, '30000411', 132456, CURRENT, 132456, CURRENT);
INSERT INTO phase_criteria (project_phase_id, phase_criteria_type_id, parameter, create_user, create_date, modify_user, modify_date) VALUES (80018105, 5, 'No', 132456, CURRENT, 132456, CURRENT);
INSERT INTO phase_criteria (project_phase_id, phase_criteria_type_id, parameter, create_user, create_date, modify_user, modify_date) VALUES (80018105, 6, '3', 132456, CURRENT, 132456, CURRENT);
INSERT INTO phase_criteria (project_phase_id, phase_criteria_type_id, parameter, create_user, create_date, modify_user, modify_date) VALUES (80018106, 4, 'No', 132456, CURRENT, 132456, CURRENT);
INSERT INTO phase_criteria (project_phase_id, phase_criteria_type_id, parameter, create_user, create_date, modify_user, modify_date) VALUES (80018106, 5, 'No', 132456, CURRENT, 132456, CURRENT);
INSERT INTO phase_criteria (project_phase_id, phase_criteria_type_id, parameter, create_user, create_date, modify_user, modify_date) VALUES (80018107, 5, 'No', 132456, CURRENT, 132456, CURRENT);
INSERT INTO phase_criteria (project_phase_id, phase_criteria_type_id, parameter, create_user, create_date, modify_user, modify_date) VALUES (80018108, 5, 'No', 132456, CURRENT, 132456, CURRENT);
INSERT INTO phase_criteria (project_phase_id, phase_criteria_type_id, parameter, create_user, create_date, modify_user, modify_date) VALUES (80018109, 5, 'No', 132456, CURRENT, 132456, CURRENT);
INSERT INTO phase_criteria (project_phase_id, phase_criteria_type_id, parameter, create_user, create_date, modify_user, modify_date) VALUES (80018110, 5, 'No', 132456, CURRENT, 132456, CURRENT);
INSERT INTO phase_criteria (project_phase_id, phase_criteria_type_id, parameter, create_user, create_date, modify_user, modify_date) VALUES (80018111, 1, '30000720', 132456, CURRENT, 132456, CURRENT);
INSERT INTO phase_criteria (project_phase_id, phase_criteria_type_id, parameter, create_user, create_date, modify_user, modify_date) VALUES (80018111, 6, '1', 132456, CURRENT, 132456, CURRENT);
INSERT INTO resource (resource_id, resource_role_id, project_id, project_phase_id, create_user, create_date, modify_user, modify_date, user_id) VALUES (80018103, 13, 80018010, NULL, 132456, CURRENT, 132456, CURRENT, 132456);
INSERT INTO resource (resource_id, resource_role_id, project_id, project_phase_id, create_user, create_date, modify_user, modify_date, user_id) VALUES (80018104, 13, 80018010, NULL, 132456, CURRENT, 132456, CURRENT, 22770213);
INSERT INTO resource (resource_id, resource_role_id, project_id, project_phase_id, create_user, create_date, modify_user, modify_date, user_id) VALUES (80018105, 17, 80018010, NULL, 132456, CURRENT, 132456, CURRENT, 132458);
INSERT INTO resource (resource_id, resource_role_id, project_id, project_phase_id, create_user, create_date, modify_user, modify_date, user_id) VALUES (80018106, 18, 80018010, 80018101, 132456, CURRENT, 132456, CURRENT, 124916);
INSERT INTO resource (resource_id, resource_role_id, project_id, project_phase_id, create_user, create_date, modify_user, modify_date, user_id) VALUES (80018107, 1, 80018010, NULL, 132456, CURRENT, 132456, CURRENT, 80018019);
INSERT INTO component_inquiry (component_inquiry_id, component_id, user_id, comment, agreed_to_terms, rating, phase, tc_user_id, version, create_time, project_id) VALUES (80018025, 80018010, 80018019, null, 1, 949, 125, 80018019, 0, CURRENT, 80018010);
INSERT INTO project_result (user_id, project_id, old_rating, new_rating, raw_score, final_score, payment, placed, rating_ind, valid_submission_ind, create_date, modify_date, passed_review_ind, point_adjustment, rating_order) VALUES (80018019, 80018010, 949, null, null, null, null, null, 0, 0, CURRENT, CURRENT, null, null, null);
UPDATE user_rating SET rating = 949 WHERE user_id = 80018019 AND phase_id = 125;
INSERT INTO resource (resource_id, resource_role_id, project_id, project_phase_id, create_user, create_date, modify_user, modify_date, user_id) VALUES (80018108, 1, 80018010, NULL, 132456, CURRENT, 132456, CURRENT, 80018018);
INSERT INTO component_inquiry (component_inquiry_id, component_id, user_id, comment, agreed_to_terms, rating, phase, tc_user_id, version, create_time, project_id) VALUES (80018026, 80018010, 80018018, null, 1, 0, 125, 80018018, 0, CURRENT, 80018010);
INSERT INTO project_result (user_id, project_id, old_rating, new_rating, raw_score, final_score, payment, placed, rating_ind, valid_submission_ind, create_date, modify_date, passed_review_ind, point_adjustment, rating_order) VALUES (80018018, 80018010, null, null, null, null, null, null, 0, 0, CURRENT, CURRENT, null, null, null);
UPDATE user_rating SET rating = 0 WHERE user_id = 80018018 AND phase_id = 125;
INSERT INTO resource (resource_id, resource_role_id, project_id, project_phase_id, create_user, create_date, modify_user, modify_date, user_id) VALUES (80018109, 1, 80018010, NULL, 132456, CURRENT, 132456, CURRENT, 80018005);
INSERT INTO component_inquiry (component_inquiry_id, component_id, user_id, comment, agreed_to_terms, rating, phase, tc_user_id, version, create_time, project_id) VALUES (80018027, 80018010, 80018005, null, 1, 0, 125, 80018005, 0, CURRENT, 80018010);
INSERT INTO project_result (user_id, project_id, old_rating, new_rating, raw_score, final_score, payment, placed, rating_ind, valid_submission_ind, create_date, modify_date, passed_review_ind, point_adjustment, rating_order) VALUES (80018005, 80018010, null, null, null, null, null, null, 0, 0, CURRENT, CURRENT, null, null, null);
UPDATE user_rating SET rating = 0 WHERE user_id = 80018005 AND phase_id = 125;
INSERT INTO resource (resource_id, resource_role_id, project_id, project_phase_id, create_user, create_date, modify_user, modify_date, user_id) VALUES (80018110, 2, 80018010, 80018104, 132456, CURRENT, 132456, CURRENT, 124852);
INSERT INTO resource (resource_id, resource_role_id, project_id, project_phase_id, create_user, create_date, modify_user, modify_date, user_id) VALUES (80018111, 4, 80018010, 80018105, 132456, CURRENT, 132456, CURRENT, 124852);
INSERT INTO resource (resource_id, resource_role_id, project_id, project_phase_id, create_user, create_date, modify_user, modify_date, user_id) VALUES (80018112, 8, 80018010, 80018108, 132456, CURRENT, 132456, CURRENT, 124852);
INSERT INTO resource (resource_id, resource_role_id, project_id, project_phase_id, create_user, create_date, modify_user, modify_date, user_id) VALUES (80018113, 9, 80018010, 80018110, 132456, CURRENT, 132456, CURRENT, 124852);
INSERT INTO resource (resource_id, resource_role_id, project_id, project_phase_id, create_user, create_date, modify_user, modify_date, user_id) VALUES (80018114, 14, 80018010, NULL, 132456, CURRENT, 132456, CURRENT, 132456);
INSERT INTO resource (resource_id, resource_role_id, project_id, project_phase_id, create_user, create_date, modify_user, modify_date, user_id) VALUES (80018115, 10, 80018010, NULL, 132456, CURRENT, 132456, CURRENT, 132458);
INSERT INTO resource_info (resource_id, resource_info_type_id, value, create_user, create_date, modify_user, modify_date) VALUES (80018103, 1, '132456', 132456, CURRENT, 132456, CURRENT);
INSERT INTO resource_info (resource_id, resource_info_type_id, value, create_user, create_date, modify_user, modify_date) VALUES (80018103, 2, 'heffan', 132456, CURRENT, 132456, CURRENT);
INSERT INTO resource_info (resource_id, resource_info_type_id, value, create_user, create_date, modify_user, modify_date) VALUES (80018103, 8, 'N/A', 132456, CURRENT, 132456, CURRENT);
INSERT INTO resource_info (resource_id, resource_info_type_id, value, create_user, create_date, modify_user, modify_date) VALUES (80018103, 6, '05.12.2016 03:16 AM', 132456, CURRENT, 132456, CURRENT);
INSERT INTO resource_info (resource_id, resource_info_type_id, value, create_user, create_date, modify_user, modify_date) VALUES (80018104, 1, '22770213', 132456, CURRENT, 132456, CURRENT);
INSERT INTO resource_info (resource_id, resource_info_type_id, value, create_user, create_date, modify_user, modify_date) VALUES (80018104, 2, 'Applications', 132456, CURRENT, 132456, CURRENT);
INSERT INTO resource_info (resource_id, resource_info_type_id, value, create_user, create_date, modify_user, modify_date) VALUES (80018104, 8, 'N/A', 132456, CURRENT, 132456, CURRENT);
INSERT INTO resource_info (resource_id, resource_info_type_id, value, create_user, create_date, modify_user, modify_date) VALUES (80018104, 6, '05.12.2016 03:17 AM', 132456, CURRENT, 132456, CURRENT);
INSERT INTO resource_info (resource_id, resource_info_type_id, value, create_user, create_date, modify_user, modify_date) VALUES (80018105, 1, '132458', 132456, CURRENT, 132456, CURRENT);
INSERT INTO resource_info (resource_id, resource_info_type_id, value, create_user, create_date, modify_user, modify_date) VALUES (80018105, 2, 'user', 132456, CURRENT, 132456, CURRENT);
INSERT INTO resource_info (resource_id, resource_info_type_id, value, create_user, create_date, modify_user, modify_date) VALUES (80018105, 8, 'N/A', 132456, CURRENT, 132456, CURRENT);
INSERT INTO resource_info (resource_id, resource_info_type_id, value, create_user, create_date, modify_user, modify_date) VALUES (80018105, 6, '05.12.2016 03:18 AM', 132456, CURRENT, 132456, CURRENT);
INSERT INTO resource_info (resource_id, resource_info_type_id, value, create_user, create_date, modify_user, modify_date) VALUES (80018106, 1, '124916', 132456, CURRENT, 132456, CURRENT);
INSERT INTO resource_info (resource_id, resource_info_type_id, value, create_user, create_date, modify_user, modify_date) VALUES (80018106, 2, 'Yoshi', 132456, CURRENT, 132456, CURRENT);
INSERT INTO resource_info (resource_id, resource_info_type_id, value, create_user, create_date, modify_user, modify_date) VALUES (80018106, 8, 'N/A', 132456, CURRENT, 132456, CURRENT);
INSERT INTO resource_info (resource_id, resource_info_type_id, value, create_user, create_date, modify_user, modify_date) VALUES (80018106, 6, '04.29.2016 07:19 AM', 132456, CURRENT, 132456, CURRENT);
INSERT INTO resource_info (resource_id, resource_info_type_id, value, create_user, create_date, modify_user, modify_date) VALUES (80018107, 1, '80018019', 132456, CURRENT, 132456, CURRENT);
INSERT INTO resource_info (resource_id, resource_info_type_id, value, create_user, create_date, modify_user, modify_date) VALUES (80018107, 2, 'marcg80018019', 132456, CURRENT, 132456, CURRENT);
INSERT INTO resource_info (resource_id, resource_info_type_id, value, create_user, create_date, modify_user, modify_date) VALUES (80018107, 3, 'test@test.com', 132456, CURRENT, 132456, CURRENT);
INSERT INTO resource_info (resource_id, resource_info_type_id, value, create_user, create_date, modify_user, modify_date) VALUES (80018107, 4, '949', 132456, CURRENT, 132456, CURRENT);
INSERT INTO resource_info (resource_id, resource_info_type_id, value, create_user, create_date, modify_user, modify_date) VALUES (80018107, 5, '32', 132456, CURRENT, 132456, CURRENT);
INSERT INTO resource_info (resource_id, resource_info_type_id, value, create_user, create_date, modify_user, modify_date) VALUES (80018107, 7, '1200.0', 132456, CURRENT, 132456, CURRENT);
INSERT INTO resource_info (resource_id, resource_info_type_id, value, create_user, create_date, modify_user, modify_date) VALUES (80018107, 8, 'No', 132456, CURRENT, 132456, CURRENT);
INSERT INTO resource_info (resource_id, resource_info_type_id, value, create_user, create_date, modify_user, modify_date) VALUES (80018107, 6, '05.12.2016 03:20 AM', 132456, CURRENT, 132456, CURRENT);
INSERT INTO resource_info (resource_id, resource_info_type_id, value, create_user, create_date, modify_user, modify_date) VALUES (80018107, 13, 'No', 132456, CURRENT, 132456, CURRENT);
INSERT INTO resource_info (resource_id, resource_info_type_id, value, create_user, create_date, modify_user, modify_date) VALUES (80018108, 1, '80018018', 132456, CURRENT, 132456, CURRENT);
INSERT INTO resource_info (resource_id, resource_info_type_id, value, create_user, create_date, modify_user, modify_date) VALUES (80018108, 2, 'jwlms80018018', 132456, CURRENT, 132456, CURRENT);
INSERT INTO resource_info (resource_id, resource_info_type_id, value, create_user, create_date, modify_user, modify_date) VALUES (80018108, 3, 'test@test.com', 132456, CURRENT, 132456, CURRENT);
INSERT INTO resource_info (resource_id, resource_info_type_id, value, create_user, create_date, modify_user, modify_date) VALUES (80018108, 8, 'N/A', 132456, CURRENT, 132456, CURRENT);
INSERT INTO resource_info (resource_id, resource_info_type_id, value, create_user, create_date, modify_user, modify_date) VALUES (80018108, 6, '05.12.2016 03:21 AM', 132456, CURRENT, 132456, CURRENT);
INSERT INTO resource_info (resource_id, resource_info_type_id, value, create_user, create_date, modify_user, modify_date) VALUES (80018108, 13, 'No', 132456, CURRENT, 132456, CURRENT);
INSERT INTO resource_info (resource_id, resource_info_type_id, value, create_user, create_date, modify_user, modify_date) VALUES (80018109, 1, '80018005', 132456, CURRENT, 132456, CURRENT);
INSERT INTO resource_info (resource_id, resource_info_type_id, value, create_user, create_date, modify_user, modify_date) VALUES (80018109, 2, 'srowen80018005', 132456, CURRENT, 132456, CURRENT);
INSERT INTO resource_info (resource_id, resource_info_type_id, value, create_user, create_date, modify_user, modify_date) VALUES (80018109, 3, 'test@test.com', 132456, CURRENT, 132456, CURRENT);
INSERT INTO resource_info (resource_id, resource_info_type_id, value, create_user, create_date, modify_user, modify_date) VALUES (80018109, 8, 'N/A', 132456, CURRENT, 132456, CURRENT);
INSERT INTO resource_info (resource_id, resource_info_type_id, value, create_user, create_date, modify_user, modify_date) VALUES (80018109, 6, '05.12.2016 03:22 AM', 132456, CURRENT, 132456, CURRENT);
INSERT INTO resource_info (resource_id, resource_info_type_id, value, create_user, create_date, modify_user, modify_date) VALUES (80018109, 13, 'No', 132456, CURRENT, 132456, CURRENT);
INSERT INTO resource_info (resource_id, resource_info_type_id, value, create_user, create_date, modify_user, modify_date) VALUES (80018110, 1, '124852', 132456, CURRENT, 132456, CURRENT);
INSERT INTO resource_info (resource_id, resource_info_type_id, value, create_user, create_date, modify_user, modify_date) VALUES (80018110, 2, 'plinehan', 132456, CURRENT, 132456, CURRENT);
INSERT INTO resource_info (resource_id, resource_info_type_id, value, create_user, create_date, modify_user, modify_date) VALUES (80018110, 8, 'N/A', 132456, CURRENT, 132456, CURRENT);
INSERT INTO resource_info (resource_id, resource_info_type_id, value, create_user, create_date, modify_user, modify_date) VALUES (80018110, 6, '05.04.2016 09:23 AM', 132456, CURRENT, 132456, CURRENT);
INSERT INTO resource_info (resource_id, resource_info_type_id, value, create_user, create_date, modify_user, modify_date) VALUES (80018111, 1, '124852', 132456, CURRENT, 132456, CURRENT);
INSERT INTO resource_info (resource_id, resource_info_type_id, value, create_user, create_date, modify_user, modify_date) VALUES (80018111, 2, 'plinehan', 132456, CURRENT, 132456, CURRENT);
INSERT INTO resource_info (resource_id, resource_info_type_id, value, create_user, create_date, modify_user, modify_date) VALUES (80018111, 8, 'N/A', 132456, CURRENT, 132456, CURRENT);
INSERT INTO resource_info (resource_id, resource_info_type_id, value, create_user, create_date, modify_user, modify_date) VALUES (80018111, 6, '05.04.2016 09:24 PM', 132456, CURRENT, 132456, CURRENT);
INSERT INTO resource_info (resource_id, resource_info_type_id, value, create_user, create_date, modify_user, modify_date) VALUES (80018112, 1, '124852', 132456, CURRENT, 132456, CURRENT);
INSERT INTO resource_info (resource_id, resource_info_type_id, value, create_user, create_date, modify_user, modify_date) VALUES (80018112, 2, 'plinehan', 132456, CURRENT, 132456, CURRENT);
INSERT INTO resource_info (resource_id, resource_info_type_id, value, create_user, create_date, modify_user, modify_date) VALUES (80018112, 8, 'N/A', 132456, CURRENT, 132456, CURRENT);
INSERT INTO resource_info (resource_id, resource_info_type_id, value, create_user, create_date, modify_user, modify_date) VALUES (80018112, 6, '05.08.2016 09:25 AM', 132456, CURRENT, 132456, CURRENT);
INSERT INTO resource_info (resource_id, resource_info_type_id, value, create_user, create_date, modify_user, modify_date) VALUES (80018113, 1, '124852', 132456, CURRENT, 132456, CURRENT);
INSERT INTO resource_info (resource_id, resource_info_type_id, value, create_user, create_date, modify_user, modify_date) VALUES (80018113, 2, 'plinehan', 132456, CURRENT, 132456, CURRENT);
INSERT INTO resource_info (resource_id, resource_info_type_id, value, create_user, create_date, modify_user, modify_date) VALUES (80018113, 8, 'N/A', 132456, CURRENT, 132456, CURRENT);
INSERT INTO resource_info (resource_id, resource_info_type_id, value, create_user, create_date, modify_user, modify_date) VALUES (80018113, 6, '05.09.2016 09:26 PM', 132456, CURRENT, 132456, CURRENT);
INSERT INTO resource_info (resource_id, resource_info_type_id, value, create_user, create_date, modify_user, modify_date) VALUES (80018114, 1, '132456', 132456, CURRENT, 132456, CURRENT);
INSERT INTO resource_info (resource_id, resource_info_type_id, value, create_user, create_date, modify_user, modify_date) VALUES (80018114, 2, 'heffan', 132456, CURRENT, 132456, CURRENT);
INSERT INTO resource_info (resource_id, resource_info_type_id, value, create_user, create_date, modify_user, modify_date) VALUES (80018114, 8, 'N/A', 132456, CURRENT, 132456, CURRENT);
INSERT INTO resource_info (resource_id, resource_info_type_id, value, create_user, create_date, modify_user, modify_date) VALUES (80018114, 6, '05.12.2016 03:27 AM', 132456, CURRENT, 132456, CURRENT);
INSERT INTO resource_info (resource_id, resource_info_type_id, value, create_user, create_date, modify_user, modify_date) VALUES (80018115, 1, '132458', 132456, CURRENT, 132456, CURRENT);
INSERT INTO resource_info (resource_id, resource_info_type_id, value, create_user, create_date, modify_user, modify_date) VALUES (80018115, 2, 'user', 132456, CURRENT, 132456, CURRENT);
INSERT INTO resource_info (resource_id, resource_info_type_id, value, create_user, create_date, modify_user, modify_date) VALUES (80018115, 8, 'N/A', 132456, CURRENT, 132456, CURRENT);
INSERT INTO resource_info (resource_id, resource_info_type_id, value, create_user, create_date, modify_user, modify_date) VALUES (80018115, 6, '05.12.2016 03:28 AM', 132456, CURRENT, 132456, CURRENT);
INSERT INTO upload (upload_id, project_id, resource_id, upload_type_id, upload_status_id, parameter, create_user, create_date, modify_user, modify_date, project_phase_id) VALUES (80018022, 80018010, 80018105, 1, 1, '80018010_80018105_80018022.zip', 132458, '2016-05-12 03:18:09', 132458, CURRENT, 80018100);
INSERT INTO upload (upload_id, project_id, resource_id, upload_type_id, upload_status_id, parameter, create_user, create_date, modify_user, modify_date, project_phase_id) VALUES (80018025, 80018010, 80018107, 3, 1, '80018010_80018107_80018025_final_fix.zip', 80018019, '2016-05-12 03:15:09', 80018019, CURRENT, 80018109);
INSERT INTO upload (upload_id, project_id, resource_id, upload_type_id, upload_status_id, parameter, create_user, create_date, modify_user, modify_date, project_phase_id) VALUES (80018023, 80018010, 80018107, 1, 1, '80018010_80018107_80018023.zip', 80018019, '2016-05-12 03:20:09', 80018019, CURRENT, 80018103);
INSERT INTO upload (upload_id, project_id, resource_id, upload_type_id, upload_status_id, parameter, create_user, create_date, modify_user, modify_date, project_phase_id) VALUES (80018024, 80018010, 80018111, 4, 1, '80018010_80018111_80018024_screenshots.zip', 124852, '2016-05-12 03:15:09', 124852, CURRENT, 80018105);
INSERT INTO submission (submission_id, upload_id, submission_status_id, screening_score, initial_score, final_score, placement, submission_type_id, create_user, create_date, modify_user, modify_date, prize_id) VALUES (80018019, 80018022, 1, null, null, null, null, 2, 132458, '2016-05-12 11:13:39', 132458, '2016-05-12 11:13:39', null);
INSERT INTO resource_submission (resource_id, submission_id, create_user, create_date, modify_user, modify_date) VALUES (80018105, 80018019, 132458, CURRENT, 132458, CURRENT);
INSERT INTO submission (submission_id, upload_id, submission_status_id, screening_score, initial_score, final_score, placement, submission_type_id, create_user, create_date, modify_user, modify_date, prize_id) VALUES (80018020, 80018023, 1, 75.0, 100.0, 100.0, 1, 1, 80018019, '2016-05-12 11:45:06', 80018019, '2016-05-12 11:45:06', 80018021);
INSERT INTO resource_submission (resource_id, submission_id, create_user, create_date, modify_user, modify_date) VALUES (80018107, 80018020, 80018019, CURRENT, 80018019, CURRENT);
INSERT INTO review (review_id, resource_id, submission_id, scorecard_id, committed, initial_score, score, create_user, create_date, modify_user, modify_date, project_phase_id) VALUES (80018029, 80018106, 80018019, 30000722, 1, 100.0, 100.0, 124916, CURRENT, 124916, CURRENT, 80018101);
INSERT INTO review_comment (review_comment_id, resource_id, review_id, comment_type_id, content, extra_info, sort, create_user, create_date, modify_user, modify_date) VALUES (80018009, 80018106, 80018029, 14, '', 'Approved', 0, 124916, CURRENT, 124916, CURRENT);
INSERT INTO review_item (review_item_id, review_id, scorecard_question_id, upload_id, answer, sort, create_user, create_date, modify_user, modify_date) VALUES (80018029, 80018029, 30001008, null, '4/4', 0, 124916, CURRENT, 124916, CURRENT);
INSERT INTO review_item_comment (review_item_comment_id, resource_id, review_item_id, comment_type_id, content, extra_info, sort, create_user, create_date, modify_user, modify_date) VALUES (80018040, 80018106, 80018029, 1, 'OK', NULL, 0, 124916, CURRENT, 124916, CURRENT);
INSERT INTO review (review_id, resource_id, submission_id, scorecard_id, committed, initial_score, score, create_user, create_date, modify_user, modify_date, project_phase_id) VALUES (80018030, 80018110, 80018020, 30000410, 1, 75.0, 75.0, 124852, CURRENT, 124852, CURRENT, 80018104);
INSERT INTO review_item (review_item_id, review_id, scorecard_question_id, upload_id, answer, sort, create_user, create_date, modify_user, modify_date) VALUES (80018030, 80018030, 30001000, null, '3/4', 0, 124852, CURRENT, 124852, CURRENT);
INSERT INTO review_item_comment (review_item_comment_id, resource_id, review_item_id, comment_type_id, content, extra_info, sort, create_user, create_date, modify_user, modify_date) VALUES (80018041, 80018110, 80018030, 1, 'visit http://tc.cloud.topcoder.com/tc?module=ProjectDetail&pj=7700001 anonymously, click the Registration button, then enter with user without checking the compete options, it return back to contest detail page, but no popup shows information to check options in profile. ', NULL, 0, 124852, CURRENT, 124852, CURRENT);
INSERT INTO review (review_id, resource_id, submission_id, scorecard_id, committed, initial_score, score, create_user, create_date, modify_user, modify_date, project_phase_id) VALUES (80018031, 80018111, 80018020, 30000411, 1, 100.0, 100.0, 124852, CURRENT, 124852, CURRENT, 80018105);
INSERT INTO review_item (review_item_id, review_id, scorecard_question_id, upload_id, answer, sort, create_user, create_date, modify_user, modify_date) VALUES (80018031, 80018031, 30001001, 80018024, '4/4', 0, 124852, CURRENT, 124852, CURRENT);
INSERT INTO review_item_comment (review_item_comment_id, resource_id, review_item_id, comment_type_id, content, extra_info, sort, create_user, create_date, modify_user, modify_date) VALUES (80018042, 80018111, 80018031, 1, 'the string should be more like *check "I want to Compete on TopCoder" option* ', NULL, 0, 124852, CURRENT, 124852, CURRENT);
INSERT INTO review_item_comment (review_item_comment_id, resource_id, review_item_id, comment_type_id, content, extra_info, sort, create_user, create_date, modify_user, modify_date) VALUES (80018043, 80018111, 80018031, 1, 'analytics web module is not workable. When trying to access it the server responds with HTTP 404 error.', NULL, 0, 124852, CURRENT, 124852, CURRENT);
INSERT INTO review_item_comment (review_item_comment_id, resource_id, review_item_id, comment_type_id, content, extra_info, sort, create_user, create_date, modify_user, modify_date) VALUES (80018044, 80018111, 80018031, 1, 'Direct web module: server responds with error when trying to visit https://localhost/direct/allProjects.action', NULL, 0, 124852, CURRENT, 124852, CURRENT);
INSERT INTO review (review_id, resource_id, submission_id, scorecard_id, committed, initial_score, score, create_user, create_date, modify_user, modify_date, project_phase_id) VALUES (80018032, 80018112, 80018020, 30000411, 1, null, null, 124852, CURRENT, 124852, CURRENT, 80018108);
INSERT INTO review_comment (review_comment_id, resource_id, review_id, comment_type_id, content, extra_info, sort, create_user, create_date, modify_user, modify_date) VALUES (80018010, 80018107, 80018032, 8, '', NULL, 0, 124852, CURRENT, 124852, CURRENT);
INSERT INTO review_item (review_item_id, review_id, scorecard_question_id, upload_id, answer, sort, create_user, create_date, modify_user, modify_date) VALUES (80018032, 80018032, 30001001, null, '4/4', 0, 124852, CURRENT, 124852, CURRENT);
INSERT INTO review_item_comment (review_item_comment_id, resource_id, review_item_id, comment_type_id, content, extra_info, sort, create_user, create_date, modify_user, modify_date) VALUES (80018045, 80018111, 80018032, 1, 'the string should be more like *check "I want to Compete on TopCoder" option* ', 'Accept', 0, 124852, CURRENT, 124852, CURRENT);
INSERT INTO review_item_comment (review_item_comment_id, resource_id, review_item_id, comment_type_id, content, extra_info, sort, create_user, create_date, modify_user, modify_date) VALUES (80018046, 80018111, 80018032, 1, 'analytics web module is not workable. When trying to access it the server responds with HTTP 404 error.', 'Accept', 0, 124852, CURRENT, 124852, CURRENT);
INSERT INTO review_item_comment (review_item_comment_id, resource_id, review_item_id, comment_type_id, content, extra_info, sort, create_user, create_date, modify_user, modify_date) VALUES (80018047, 80018111, 80018032, 1, 'Direct web module: server responds with error when trying to visit https://localhost/direct/allProjects.action', 'Accept', 0, 124852, CURRENT, 124852, CURRENT);
INSERT INTO review_item_comment (review_item_comment_id, resource_id, review_item_id, comment_type_id, content, extra_info, sort, create_user, create_date, modify_user, modify_date) VALUES (80018048, 80018112, 80018032, 6, 'The last issue does not have to be fixed as clarified by PM', NULL, 1, 124852, CURRENT, 124852, CURRENT);
INSERT INTO review (review_id, resource_id, submission_id, scorecard_id, committed, initial_score, score, create_user, create_date, modify_user, modify_date, project_phase_id) VALUES (80018033, 80018113, 80018020, 30000411, 0, null, null, 124852, CURRENT, 124852, CURRENT, 80018110);
INSERT INTO review_comment (review_comment_id, resource_id, review_id, comment_type_id, content, extra_info, sort, create_user, create_date, modify_user, modify_date) VALUES (80018011, 80018107, 80018033, 8, '', NULL, 0, 124852, CURRENT, 124852, CURRENT);
INSERT INTO review_item (review_item_id, review_id, scorecard_question_id, upload_id, answer, sort, create_user, create_date, modify_user, modify_date) VALUES (80018033, 80018033, 30001001, null, '4/4', 0, 124852, CURRENT, 124852, CURRENT);
INSERT INTO review_item_comment (review_item_comment_id, resource_id, review_item_id, comment_type_id, content, extra_info, sort, create_user, create_date, modify_user, modify_date) VALUES (80018049, 80018111, 80018033, 1, 'the string should be more like *check "I want to Compete on TopCoder" option* ', NULL, 0, 124852, CURRENT, 124852, CURRENT);
INSERT INTO review_item_comment (review_item_comment_id, resource_id, review_item_id, comment_type_id, content, extra_info, sort, create_user, create_date, modify_user, modify_date) VALUES (80018050, 80018111, 80018033, 1, 'analytics web module is not workable. When trying to access it the server responds with HTTP 404 error.', NULL, 1, 124852, CURRENT, 124852, CURRENT);
INSERT INTO review_item_comment (review_item_comment_id, resource_id, review_item_id, comment_type_id, content, extra_info, sort, create_user, create_date, modify_user, modify_date) VALUES (80018051, 80018111, 80018033, 1, 'Direct web module: server responds with error when trying to visit https://localhost/direct/allProjects.action', NULL, 2, 124852, CURRENT, 124852, CURRENT);
INSERT INTO review_item_comment (review_item_comment_id, resource_id, review_item_id, comment_type_id, content, extra_info, sort, create_user, create_date, modify_user, modify_date) VALUES (80018052, 80018112, 80018033, 6, 'The last issue does not have to be fixed as clarified by PM', NULL, 3, 124852, CURRENT, 124852, CURRENT);
INSERT INTO notification (project_id, external_ref_id, notification_type_id, create_user, create_date, modify_user, modify_date) VALUES (80018010, 80018005, 1, 132456, CURRENT, 132456, CURRENT);
INSERT INTO notification (project_id, external_ref_id, notification_type_id, create_user, create_date, modify_user, modify_date) VALUES (80018010, 124916, 1, 132456, CURRENT, 132456, CURRENT);
INSERT INTO notification (project_id, external_ref_id, notification_type_id, create_user, create_date, modify_user, modify_date) VALUES (80018010, 124852, 1, 132456, CURRENT, 132456, CURRENT);
INSERT INTO notification (project_id, external_ref_id, notification_type_id, create_user, create_date, modify_user, modify_date) VALUES (80018010, 80018018, 1, 132456, CURRENT, 132456, CURRENT);
INSERT INTO notification (project_id, external_ref_id, notification_type_id, create_user, create_date, modify_user, modify_date) VALUES (80018010, 80018019, 1, 132456, CURRENT, 132456, CURRENT);
INSERT INTO notification (project_id, external_ref_id, notification_type_id, create_user, create_date, modify_user, modify_date) VALUES (80018010, 132458, 1, 132456, CURRENT, 132456, CURRENT);
INSERT INTO notification (project_id, external_ref_id, notification_type_id, create_user, create_date, modify_user, modify_date) VALUES (80018010, 132456, 1, 132456, CURRENT, 132456, CURRENT);
INSERT INTO notification (project_id, external_ref_id, notification_type_id, create_user, create_date, modify_user, modify_date) VALUES (80018010, 22770213, 1, 132456, CURRENT, 132456, CURRENT);
INSERT INTO contest_sale (contest_sale_id, contest_id, sale_status_id, price, paypal_order_id, create_date, sale_reference_id, sale_type_id) VALUES (80018010, 80018010, 1, 9512.0, 'PO BOX 80018001', CURRENT, 'PO BOX 80018001', 2);
INSERT INTO project_payment (project_payment_id, project_payment_type_id, resource_id, submission_id, amount, pacts_payment_id, create_user,create_date, modify_user, modify_date) VALUES (80018030, 3, 80018106, null, 50.0, null, 132456, CURRENT, 132456, CURRENT);
INSERT INTO project_payment (project_payment_id, project_payment_type_id, resource_id, submission_id, amount, pacts_payment_id, create_user,create_date, modify_user, modify_date) VALUES (80018033, 1, 80018107, 80018020, 1200.0, null, 132456, CURRENT, 132456, CURRENT);
INSERT INTO project_payment (project_payment_id, project_payment_type_id, resource_id, submission_id, amount, pacts_payment_id, create_user,create_date, modify_user, modify_date) VALUES (80018031, 3, 80018110, null, 50.0, null, 132456, CURRENT, 132456, CURRENT);
INSERT INTO project_payment (project_payment_id, project_payment_type_id, resource_id, submission_id, amount, pacts_payment_id, create_user,create_date, modify_user, modify_date) VALUES (80018032, 3, 80018111, null, 250.0, null, 132456, CURRENT, 132456, CURRENT);
INSERT INTO project_payment (project_payment_id, project_payment_type_id, resource_id, submission_id, amount, pacts_payment_id, create_user,create_date, modify_user, modify_date) VALUES (80018034, 3, 80018112, null, 10.0, null, 132456, CURRENT, 132456, CURRENT);
INSERT INTO project_payment (project_payment_id, project_payment_type_id, resource_id, submission_id, amount, pacts_payment_id, create_user,create_date, modify_user, modify_date) VALUES (80018035, 4, 80018114, null, 350.0, null, 132456, CURRENT, 132456, CURRENT);
INSERT INTO contest_milestone_xref (contest_id, project_milestone_id, create_user, create_date, modify_user, modify_date) VALUES (80018010, 800180010, 132456, CURRENT, 132456, CURRENT);
INSERT INTO review_auction (review_auction_id, project_id, review_auction_type_id) VALUES (80028010, 80018010, 3);
INSERT INTO review_auction (review_auction_id, project_id, review_auction_type_id) VALUES (80018010, 80018010, 1);
INSERT INTO comp_catalog (component_id, current_version, short_desc, component_name, description, function_desc, create_time, status_id, root_category_id, modify_date, public_ind)  VALUES (80018011, 1, 'Short description for UI Prototypes Contest 11', 'UI Prototypes Contest 11', 'Description for UI Prototypes Contest 11', 'Functional description for UI Prototypes Contest 11', CURRENT, 1, 27202907, CURRENT, 1);
INSERT INTO comp_categories (comp_categories_id, component_id, category_id)  VALUES (80018011, 80018011, 27202907);
INSERT INTO comp_versions (comp_vers_id, component_id, version, version_text, create_time, phase_id, phase_time, price, comments, modify_date, suspended_ind) VALUES (80018011, 80018011, 1, '1.0', CURRENT, 112, CURRENT, 800.0, 'Comments for version #1', CURRENT, 0);
INSERT INTO comp_version_dates (comp_version_dates_id, comp_vers_id, phase_id, posting_date, initial_submission_date, winner_announced_date, final_submission_date, estimated_dev_date, price, total_submissions, status_id, create_time, level_id, screening_complete_date, review_complete_date, aggregation_complete_date, phase_complete_date, production_date, aggregation_complete_date_comment, phase_complete_date_comment, review_complete_date_comment, winner_announced_date_comment, initial_submission_date_comment, screening_complete_date_comment, final_submission_date_comment, production_date_comment, modify_date) VALUES (80018011, 80018011, 112, '1976-06-05', '2000-02-01', '2000-02-01', '2000-02-01', '2000-02-01', 0.00, 0, 301, CURRENT, 100, '2000-02-01', '2000-02-01', '2000-02-01', '2000-02-01', null, null, null, null, null, null, null, null, null, CURRENT);
INSERT INTO comp_technology (comp_tech_id, comp_vers_id, technology_type_id) VALUES (800180110, 80018011, 6);
INSERT INTO comp_technology (comp_tech_id, comp_vers_id, technology_type_id) VALUES (800180111, 80018011, 26783183);
INSERT INTO project (project_id, project_status_id, project_category_id, create_user, create_date, modify_user, modify_date, tc_direct_project_id, project_studio_spec_id) VALUES (80018011, 1, 19, 132456, CURRENT, 132456, CURRENT, 80018001, NULL);
INSERT INTO project_info (project_id, project_info_type_id, value, create_user, create_date, modify_user, modify_date) VALUES (80018011, 1, '80018011', 132456, CURRENT, 132456, CURRENT);
INSERT INTO project_info (project_id, project_info_type_id, value, create_user, create_date, modify_user, modify_date) VALUES (80018011, 2, '80018011', 132456, CURRENT, 132456, CURRENT);
INSERT INTO project_info (project_id, project_info_type_id, value, create_user, create_date, modify_user, modify_date) VALUES (80018011, 3, '80018011', 132456, CURRENT, 132456, CURRENT);
INSERT INTO project_info (project_id, project_info_type_id, value, create_user, create_date, modify_user, modify_date) VALUES (80018011, 4, '80018012', 132456, CURRENT, 132456, CURRENT);
INSERT INTO comp_jive_category_xref (comp_vers_id, jive_category_id) VALUES (80018011, 0);
INSERT INTO project_info (project_id, project_info_type_id, value, create_user, create_date, modify_user, modify_date) VALUES (80018011, 5, '27202907', 132456, CURRENT, 132456, CURRENT);
INSERT INTO project_info (project_id, project_info_type_id, value, create_user, create_date, modify_user, modify_date) VALUES (80018011, 6, 'UI Prototypes Contest 11', 132456, CURRENT, 132456, CURRENT);
INSERT INTO project_info (project_id, project_info_type_id, value, create_user, create_date, modify_user, modify_date) VALUES (80018011, 7, '1.0', 132456, CURRENT, 132456, CURRENT);
INSERT INTO project_info (project_id, project_info_type_id, value, create_user, create_date, modify_user, modify_date) VALUES (80018011, 8, '', 132456, CURRENT, 132456, CURRENT);
INSERT INTO project_info (project_id, project_info_type_id, value, create_user, create_date, modify_user, modify_date) VALUES (80018011, 11, 'On', 132456, CURRENT, 132456, CURRENT);
INSERT INTO project_info (project_id, project_info_type_id, value, create_user, create_date, modify_user, modify_date) VALUES (80018011, 9, 'On', 132456, CURRENT, 132456, CURRENT);
INSERT INTO project_info (project_id, project_info_type_id, value, create_user, create_date, modify_user, modify_date) VALUES (80018011, 10, 'On', 132456, CURRENT, 132456, CURRENT);
INSERT INTO project_info (project_id, project_info_type_id, value, create_user, create_date, modify_user, modify_date) VALUES (80018011, 12, 'Yes', 132456, CURRENT, 132456, CURRENT);
INSERT INTO project_info (project_id, project_info_type_id, value, create_user, create_date, modify_user, modify_date) VALUES (80018011, 13, 'Yes', 132456, CURRENT, 132456, CURRENT);
INSERT INTO project_info (project_id, project_info_type_id, value, create_user, create_date, modify_user, modify_date) VALUES (80018011, 14, 'Open', 132456, CURRENT, 132456, CURRENT);
INSERT INTO project_info (project_id, project_info_type_id, value, create_user, create_date, modify_user, modify_date) VALUES (80018011, 16, '800.0', 132456, CURRENT, 132456, CURRENT);
INSERT INTO project_info (project_id, project_info_type_id, value, create_user, create_date, modify_user, modify_date) VALUES (80018011, 17, '', 132456, CURRENT, 132456, CURRENT);
INSERT INTO project_info (project_id, project_info_type_id, value, create_user, create_date, modify_user, modify_date) VALUES (80018011, 26, 'On', 132456, CURRENT, 132456, CURRENT);
INSERT INTO project_info (project_id, project_info_type_id, value, create_user, create_date, modify_user, modify_date) VALUES (80018011, 30, '360.0', 132456, CURRENT, 132456, CURRENT);
INSERT INTO project_info (project_id, project_info_type_id, value, create_user, create_date, modify_user, modify_date) VALUES (80018011, 31, '6001.0', 132456, CURRENT, 132456, CURRENT);
INSERT INTO project_info (project_id, project_info_type_id, value, create_user, create_date, modify_user, modify_date) VALUES (80018011, 33, '605.0', 132456, CURRENT, 132456, CURRENT);
INSERT INTO project_info (project_id, project_info_type_id, value, create_user, create_date, modify_user, modify_date) VALUES (80018011, 35, '30.0', 132456, CURRENT, 132456, CURRENT);
INSERT INTO project_info (project_id, project_info_type_id, value, create_user, create_date, modify_user, modify_date) VALUES (80018011, 36, '800.0', 132456, CURRENT, 132456, CURRENT);
INSERT INTO project_info (project_id, project_info_type_id, value, create_user, create_date, modify_user, modify_date) VALUES (80018011, 37, '400.0', 132456, CURRENT, 132456, CURRENT);
INSERT INTO project_info (project_id, project_info_type_id, value, create_user, create_date, modify_user, modify_date) VALUES (80018011, 45, 'true', 132456, CURRENT, 132456, CURRENT);
INSERT INTO project_info (project_id, project_info_type_id, value, create_user, create_date, modify_user, modify_date) VALUES (80018011, 47, 'true', 132456, CURRENT, 132456, CURRENT);
INSERT INTO project_info (project_id, project_info_type_id, value, create_user, create_date, modify_user, modify_date) VALUES (80018011, 38, '240.0', 132456, CURRENT, 132456, CURRENT);
INSERT INTO project_info (project_id, project_info_type_id, value, create_user, create_date, modify_user, modify_date) VALUES (80018011, 39, '0.0', 132456, CURRENT, 132456, CURRENT);
INSERT INTO project_info (project_id, project_info_type_id, value, create_user, create_date, modify_user, modify_date) VALUES (80018011, 40, 'A', 132456, CURRENT, 132456, CURRENT);
INSERT INTO project_info (project_id, project_info_type_id, value, create_user, create_date, modify_user, modify_date) VALUES (80018011, 32, '80018001', 132456, CURRENT, 132456, CURRENT);
INSERT INTO project_info (project_id, project_info_type_id, value, create_user, create_date, modify_user, modify_date) VALUES (80018011, 41, 'true', 132456, CURRENT, 132456, CURRENT);
INSERT INTO project_info (project_id, project_info_type_id, value, create_user, create_date, modify_user, modify_date) VALUES (80018011, 43, 'true', 132456, CURRENT, 132456, CURRENT);
INSERT INTO project_info (project_id, project_info_type_id, value, create_user, create_date, modify_user, modify_date) VALUES (80018011, 44, 'false', 132456, CURRENT, 132456, CURRENT);
INSERT INTO project_info (project_id, project_info_type_id, value, create_user, create_date, modify_user, modify_date) VALUES (80018011, 46, 'true', 132456, CURRENT, 132456, CURRENT);
INSERT INTO project_info (project_id, project_info_type_id, value, create_user, create_date, modify_user, modify_date) VALUES (80018011, 48, 'true', 132456, CURRENT, 132456, CURRENT);
INSERT INTO project_info (project_id, project_info_type_id, value, create_user, create_date, modify_user, modify_date) VALUES (80018011, 49, '500', 132456, CURRENT, 132456, CURRENT);
INSERT INTO project_info (project_id, project_info_type_id, value, create_user, create_date, modify_user, modify_date) VALUES (80018011, 59, 'true', 132456, CURRENT, 132456, CURRENT);
INSERT INTO prize (prize_id, place, prize_amount, prize_type_id, number_of_submissions,                    create_user, create_date, modify_user, modify_date, project_id) VALUES (80018023, 1, 800.0, 15, 1, 132456, CURRENT, 132456, CURRENT, 80018011);
INSERT INTO prize (prize_id, place, prize_amount, prize_type_id, number_of_submissions,                    create_user, create_date, modify_user, modify_date, project_id) VALUES (80018024, 2, 400.0, 15, 1, 132456, CURRENT, 132456, CURRENT, 80018011);
INSERT INTO prize (prize_id, place, prize_amount, prize_type_id, number_of_submissions,                    create_user, create_date, modify_user, modify_date, project_id) VALUES (80018025, 1, 64.0, 14, 3, 132456, CURRENT, 132456, CURRENT, 80018011);
INSERT INTO project_spec (project_spec_id, project_id, version, detailed_requirements, submission_deliverables, environment_setup_instruction, final_submission_guidelines, private_description, create_user, create_date, modify_user, modify_date) VALUES (80018011, 80018011, 1, 'Detailed requirements for UI Prototypes Contest 11', '', '', 'Final submission guidelines for UI Prototypes Contest 11', '', 132456, CURRENT, 132456, CURRENT);
INSERT INTO project_phase (project_phase_id, project_id, phase_type_id, phase_status_id, fixed_start_time, scheduled_start_time, scheduled_end_time, actual_start_time, actual_end_time, duration, create_user, create_date, modify_user, modify_date) VALUES (80018112, 80018011, 13, 3, CURRENT + -9480 UNITS MINUTE, CURRENT + -9480 UNITS MINUTE, CURRENT + -6600 UNITS MINUTE, CURRENT + -9480 UNITS MINUTE, CURRENT + -6600 UNITS MINUTE, 172800000, 132456, CURRENT, 132456, CURRENT);
INSERT INTO project_phase (project_phase_id, project_id, phase_type_id, phase_status_id, fixed_start_time, scheduled_start_time, scheduled_end_time, actual_start_time, actual_end_time, duration, create_user, create_date, modify_user, modify_date) VALUES (80018113, 80018011, 14, 3, null, CURRENT + -6600 UNITS MINUTE, CURRENT + -6480 UNITS MINUTE, CURRENT + -6600 UNITS MINUTE, CURRENT + -6480 UNITS MINUTE, 7200000, 132456, CURRENT, 132456, CURRENT);
INSERT INTO project_phase (project_phase_id, project_id, phase_type_id, phase_status_id, fixed_start_time, scheduled_start_time, scheduled_end_time, actual_start_time, actual_end_time, duration, create_user, create_date, modify_user, modify_date) VALUES (80018114, 80018011, 1, 3, CURRENT + -6480 UNITS MINUTE, CURRENT + -6480 UNITS MINUTE, CURRENT + -3600 UNITS MINUTE, CURRENT + -6480 UNITS MINUTE, CURRENT + -3600 UNITS MINUTE, 172800000, 132456, CURRENT, 132456, CURRENT);
INSERT INTO project_phase (project_phase_id, project_id, phase_type_id, phase_status_id, fixed_start_time, scheduled_start_time, scheduled_end_time, actual_start_time, actual_end_time, duration, create_user, create_date, modify_user, modify_date) VALUES (80018115, 80018011, 15, 3, null, CURRENT + -6480 UNITS MINUTE, CURRENT + -2160 UNITS MINUTE, CURRENT + -6480 UNITS MINUTE, CURRENT + -2160 UNITS MINUTE, 259200000, 132456, CURRENT, 132456, CURRENT);
INSERT INTO project_phase (project_phase_id, project_id, phase_type_id, phase_status_id, fixed_start_time, scheduled_start_time, scheduled_end_time, actual_start_time, actual_end_time, duration, create_user, create_date, modify_user, modify_date) VALUES (80018116, 80018011, 16, 3, null, CURRENT + -2160 UNITS MINUTE, CURRENT + 2160 UNITS MINUTE, CURRENT + -2160 UNITS MINUTE, CURRENT + 2160 UNITS MINUTE, 259200000, 132456, CURRENT, 132456, CURRENT);
INSERT INTO project_phase (project_phase_id, project_id, phase_type_id, phase_status_id, fixed_start_time, scheduled_start_time, scheduled_end_time, actual_start_time, actual_end_time, duration, create_user, create_date, modify_user, modify_date) VALUES (80018117, 80018011, 17, 3, null, CURRENT + 2160 UNITS MINUTE, CURRENT + 3600 UNITS MINUTE, CURRENT + 2160 UNITS MINUTE, CURRENT + 3600 UNITS MINUTE, 86400000, 132456, CURRENT, 132456, CURRENT);
INSERT INTO project_phase (project_phase_id, project_id, phase_type_id, phase_status_id, fixed_start_time, scheduled_start_time, scheduled_end_time, actual_start_time, actual_end_time, duration, create_user, create_date, modify_user, modify_date) VALUES (80018118, 80018011, 2, 2, null, CURRENT + -6480 UNITS MINUTE, CURRENT + 720 UNITS MINUTE, CURRENT + -6480 UNITS MINUTE, null, 432000000, 132456, CURRENT, 132456, CURRENT);
INSERT INTO project_phase (project_phase_id, project_id, phase_type_id, phase_status_id, fixed_start_time, scheduled_start_time, scheduled_end_time, actual_start_time, actual_end_time, duration, create_user, create_date, modify_user, modify_date) VALUES (80018119, 80018011, 3, 1, null, CURRENT + 720 UNITS MINUTE, CURRENT + 1440 UNITS MINUTE, null, null, 43200000, 132456, CURRENT, 132456, CURRENT);
INSERT INTO project_phase (project_phase_id, project_id, phase_type_id, phase_status_id, fixed_start_time, scheduled_start_time, scheduled_end_time, actual_start_time, actual_end_time, duration, create_user, create_date, modify_user, modify_date) VALUES (80018120, 80018011, 4, 1, null, CURRENT + 1440 UNITS MINUTE, CURRENT + 4320 UNITS MINUTE, null, null, 172800000, 132456, CURRENT, 132456, CURRENT);
INSERT INTO project_phase (project_phase_id, project_id, phase_type_id, phase_status_id, fixed_start_time, scheduled_start_time, scheduled_end_time, actual_start_time, actual_end_time, duration, create_user, create_date, modify_user, modify_date) VALUES (80018121, 80018011, 5, 1, null, CURRENT + 4320 UNITS MINUTE, CURRENT + 5760 UNITS MINUTE, null, null, 86400000, 132456, CURRENT, 132456, CURRENT);
INSERT INTO project_phase (project_phase_id, project_id, phase_type_id, phase_status_id, fixed_start_time, scheduled_start_time, scheduled_end_time, actual_start_time, actual_end_time, duration, create_user, create_date, modify_user, modify_date) VALUES (80018122, 80018011, 6, 1, null, CURRENT + 5760 UNITS MINUTE, CURRENT + 6480 UNITS MINUTE, null, null, 43200000, 132456, CURRENT, 132456, CURRENT);
INSERT INTO project_phase (project_phase_id, project_id, phase_type_id, phase_status_id, fixed_start_time, scheduled_start_time, scheduled_end_time, actual_start_time, actual_end_time, duration, create_user, create_date, modify_user, modify_date) VALUES (80018123, 80018011, 7, 1, null, CURRENT + 6480 UNITS MINUTE, CURRENT + 7200 UNITS MINUTE, null, null, 43200000, 132456, CURRENT, 132456, CURRENT);
INSERT INTO project_phase (project_phase_id, project_id, phase_type_id, phase_status_id, fixed_start_time, scheduled_start_time, scheduled_end_time, actual_start_time, actual_end_time, duration, create_user, create_date, modify_user, modify_date) VALUES (80018124, 80018011, 9, 1, null, CURRENT + 7200 UNITS MINUTE, CURRENT + 8640 UNITS MINUTE, null, null, 86400000, 132456, CURRENT, 132456, CURRENT);
INSERT INTO project_phase (project_phase_id, project_id, phase_type_id, phase_status_id, fixed_start_time, scheduled_start_time, scheduled_end_time, actual_start_time, actual_end_time, duration, create_user, create_date, modify_user, modify_date) VALUES (80018125, 80018011, 10, 1, null, CURRENT + 8640 UNITS MINUTE, CURRENT + 9360 UNITS MINUTE, null, null, 43200000, 132456, CURRENT, 132456, CURRENT);
INSERT INTO project_phase (project_phase_id, project_id, phase_type_id, phase_status_id, fixed_start_time, scheduled_start_time, scheduled_end_time, actual_start_time, actual_end_time, duration, create_user, create_date, modify_user, modify_date) VALUES (80018126, 80018011, 11, 1, null, CURRENT + 9360 UNITS MINUTE, CURRENT + 16560 UNITS MINUTE, null, null, 432000000, 132456, CURRENT, 132456, CURRENT);
INSERT INTO phase_dependency (dependency_phase_id, dependent_phase_id, dependency_start, dependent_start, lag_time, create_user, create_date, modify_user, modify_date) VALUES (80018112, 80018113, 0, 1, 0, 132456, CURRENT, 132456, CURRENT);
INSERT INTO phase_dependency (dependency_phase_id, dependent_phase_id, dependency_start, dependent_start, lag_time, create_user, create_date, modify_user, modify_date) VALUES (80018113, 80018114, 0, 1, 0, 132456, CURRENT, 132456, CURRENT);
INSERT INTO phase_dependency (dependency_phase_id, dependent_phase_id, dependency_start, dependent_start, lag_time, create_user, create_date, modify_user, modify_date) VALUES (80018114, 80018115, 1, 1, 0, 132456, CURRENT, 132456, CURRENT);
INSERT INTO phase_dependency (dependency_phase_id, dependent_phase_id, dependency_start, dependent_start, lag_time, create_user, create_date, modify_user, modify_date) VALUES (80018115, 80018116, 0, 1, 0, 132456, CURRENT, 132456, CURRENT);
INSERT INTO phase_dependency (dependency_phase_id, dependent_phase_id, dependency_start, dependent_start, lag_time, create_user, create_date, modify_user, modify_date) VALUES (80018116, 80018117, 0, 1, 0, 132456, CURRENT, 132456, CURRENT);
INSERT INTO phase_dependency (dependency_phase_id, dependent_phase_id, dependency_start, dependent_start, lag_time, create_user, create_date, modify_user, modify_date) VALUES (80018114, 80018118, 1, 1, 0, 132456, CURRENT, 132456, CURRENT);
INSERT INTO phase_dependency (dependency_phase_id, dependent_phase_id, dependency_start, dependent_start, lag_time, create_user, create_date, modify_user, modify_date) VALUES (80018118, 80018119, 0, 1, 0, 132456, CURRENT, 132456, CURRENT);
INSERT INTO phase_dependency (dependency_phase_id, dependent_phase_id, dependency_start, dependent_start, lag_time, create_user, create_date, modify_user, modify_date) VALUES (80018119, 80018120, 0, 1, 0, 132456, CURRENT, 132456, CURRENT);
INSERT INTO phase_dependency (dependency_phase_id, dependent_phase_id, dependency_start, dependent_start, lag_time, create_user, create_date, modify_user, modify_date) VALUES (80018120, 80018121, 0, 1, 0, 132456, CURRENT, 132456, CURRENT);
INSERT INTO phase_dependency (dependency_phase_id, dependent_phase_id, dependency_start, dependent_start, lag_time, create_user, create_date, modify_user, modify_date) VALUES (80018121, 80018122, 0, 1, 0, 132456, CURRENT, 132456, CURRENT);
INSERT INTO phase_dependency (dependency_phase_id, dependent_phase_id, dependency_start, dependent_start, lag_time, create_user, create_date, modify_user, modify_date) VALUES (80018122, 80018123, 0, 1, 0, 132456, CURRENT, 132456, CURRENT);
INSERT INTO phase_dependency (dependency_phase_id, dependent_phase_id, dependency_start, dependent_start, lag_time, create_user, create_date, modify_user, modify_date) VALUES (80018123, 80018124, 0, 1, 0, 132456, CURRENT, 132456, CURRENT);
INSERT INTO phase_dependency (dependency_phase_id, dependent_phase_id, dependency_start, dependent_start, lag_time, create_user, create_date, modify_user, modify_date) VALUES (80018124, 80018125, 0, 1, 0, 132456, CURRENT, 132456, CURRENT);
INSERT INTO phase_dependency (dependency_phase_id, dependent_phase_id, dependency_start, dependent_start, lag_time, create_user, create_date, modify_user, modify_date) VALUES (80018125, 80018126, 0, 1, 0, 132456, CURRENT, 132456, CURRENT);
INSERT INTO phase_criteria (project_phase_id, phase_criteria_type_id, parameter, create_user, create_date, modify_user, modify_date) VALUES (80018113, 1, '30000722', 132456, CURRENT, 132456, CURRENT);
INSERT INTO phase_criteria (project_phase_id, phase_criteria_type_id, parameter, create_user, create_date, modify_user, modify_date) VALUES (80018113, 6, '1', 132456, CURRENT, 132456, CURRENT);
INSERT INTO phase_criteria (project_phase_id, phase_criteria_type_id, parameter, create_user, create_date, modify_user, modify_date) VALUES (80018114, 2, '0', 132456, CURRENT, 132456, CURRENT);
INSERT INTO phase_criteria (project_phase_id, phase_criteria_type_id, parameter, create_user, create_date, modify_user, modify_date) VALUES (80018114, 5, 'No', 132456, CURRENT, 132456, CURRENT);
INSERT INTO phase_criteria (project_phase_id, phase_criteria_type_id, parameter, create_user, create_date, modify_user, modify_date) VALUES (80018115, 3, '0', 132456, CURRENT, 132456, CURRENT);
INSERT INTO phase_criteria (project_phase_id, phase_criteria_type_id, parameter, create_user, create_date, modify_user, modify_date) VALUES (80018115, 5, 'Yes', 132456, CURRENT, 132456, CURRENT);
INSERT INTO phase_criteria (project_phase_id, phase_criteria_type_id, parameter, create_user, create_date, modify_user, modify_date) VALUES (80018116, 1, '30000416', 132456, CURRENT, 132456, CURRENT);
INSERT INTO phase_criteria (project_phase_id, phase_criteria_type_id, parameter, create_user, create_date, modify_user, modify_date) VALUES (80018116, 5, 'No', 132456, CURRENT, 132456, CURRENT);
INSERT INTO phase_criteria (project_phase_id, phase_criteria_type_id, parameter, create_user, create_date, modify_user, modify_date) VALUES (80018117, 1, '30000417', 132456, CURRENT, 132456, CURRENT);
INSERT INTO phase_criteria (project_phase_id, phase_criteria_type_id, parameter, create_user, create_date, modify_user, modify_date) VALUES (80018117, 5, 'No', 132456, CURRENT, 132456, CURRENT);
INSERT INTO phase_criteria (project_phase_id, phase_criteria_type_id, parameter, create_user, create_date, modify_user, modify_date) VALUES (80018117, 6, '3', 132456, CURRENT, 132456, CURRENT);
INSERT INTO phase_criteria (project_phase_id, phase_criteria_type_id, parameter, create_user, create_date, modify_user, modify_date) VALUES (80018118, 3, '0', 132456, CURRENT, 132456, CURRENT);
INSERT INTO phase_criteria (project_phase_id, phase_criteria_type_id, parameter, create_user, create_date, modify_user, modify_date) VALUES (80018118, 5, 'Yes', 132456, CURRENT, 132456, CURRENT);
INSERT INTO phase_criteria (project_phase_id, phase_criteria_type_id, parameter, create_user, create_date, modify_user, modify_date) VALUES (80018119, 1, '30000410', 132456, CURRENT, 132456, CURRENT);
INSERT INTO phase_criteria (project_phase_id, phase_criteria_type_id, parameter, create_user, create_date, modify_user, modify_date) VALUES (80018119, 5, 'No', 132456, CURRENT, 132456, CURRENT);
INSERT INTO phase_criteria (project_phase_id, phase_criteria_type_id, parameter, create_user, create_date, modify_user, modify_date) VALUES (80018120, 1, '30000411', 132456, CURRENT, 132456, CURRENT);
INSERT INTO phase_criteria (project_phase_id, phase_criteria_type_id, parameter, create_user, create_date, modify_user, modify_date) VALUES (80018120, 5, 'No', 132456, CURRENT, 132456, CURRENT);
INSERT INTO phase_criteria (project_phase_id, phase_criteria_type_id, parameter, create_user, create_date, modify_user, modify_date) VALUES (80018120, 6, '3', 132456, CURRENT, 132456, CURRENT);
INSERT INTO phase_criteria (project_phase_id, phase_criteria_type_id, parameter, create_user, create_date, modify_user, modify_date) VALUES (80018121, 4, 'No', 132456, CURRENT, 132456, CURRENT);
INSERT INTO phase_criteria (project_phase_id, phase_criteria_type_id, parameter, create_user, create_date, modify_user, modify_date) VALUES (80018121, 5, 'No', 132456, CURRENT, 132456, CURRENT);
INSERT INTO phase_criteria (project_phase_id, phase_criteria_type_id, parameter, create_user, create_date, modify_user, modify_date) VALUES (80018122, 5, 'No', 132456, CURRENT, 132456, CURRENT);
INSERT INTO phase_criteria (project_phase_id, phase_criteria_type_id, parameter, create_user, create_date, modify_user, modify_date) VALUES (80018123, 5, 'No', 132456, CURRENT, 132456, CURRENT);
INSERT INTO phase_criteria (project_phase_id, phase_criteria_type_id, parameter, create_user, create_date, modify_user, modify_date) VALUES (80018124, 5, 'No', 132456, CURRENT, 132456, CURRENT);
INSERT INTO phase_criteria (project_phase_id, phase_criteria_type_id, parameter, create_user, create_date, modify_user, modify_date) VALUES (80018125, 5, 'No', 132456, CURRENT, 132456, CURRENT);
INSERT INTO phase_criteria (project_phase_id, phase_criteria_type_id, parameter, create_user, create_date, modify_user, modify_date) VALUES (80018126, 1, '30000720', 132456, CURRENT, 132456, CURRENT);
INSERT INTO phase_criteria (project_phase_id, phase_criteria_type_id, parameter, create_user, create_date, modify_user, modify_date) VALUES (80018126, 6, '1', 132456, CURRENT, 132456, CURRENT);
INSERT INTO resource (resource_id, resource_role_id, project_id, project_phase_id, create_user, create_date, modify_user, modify_date, user_id) VALUES (80018116, 13, 80018011, NULL, 132456, CURRENT, 132456, CURRENT, 132456);
INSERT INTO resource (resource_id, resource_role_id, project_id, project_phase_id, create_user, create_date, modify_user, modify_date, user_id) VALUES (80018117, 13, 80018011, NULL, 132456, CURRENT, 132456, CURRENT, 22770213);
INSERT INTO resource (resource_id, resource_role_id, project_id, project_phase_id, create_user, create_date, modify_user, modify_date, user_id) VALUES (80018118, 17, 80018011, NULL, 132456, CURRENT, 132456, CURRENT, 132458);
INSERT INTO resource (resource_id, resource_role_id, project_id, project_phase_id, create_user, create_date, modify_user, modify_date, user_id) VALUES (80018119, 18, 80018011, 80018113, 132456, CURRENT, 132456, CURRENT, 132457);
INSERT INTO resource (resource_id, resource_role_id, project_id, project_phase_id, create_user, create_date, modify_user, modify_date, user_id) VALUES (80018120, 1, 80018011, NULL, 132456, CURRENT, 132456, CURRENT, 80018007);
INSERT INTO component_inquiry (component_inquiry_id, component_id, user_id, comment, agreed_to_terms, rating, phase, tc_user_id, version, create_time, project_id) VALUES (80018028, 80018011, 80018007, null, 1, 491, 130, 80018007, 0, CURRENT, 80018011);
INSERT INTO project_result (user_id, project_id, old_rating, new_rating, raw_score, final_score, payment, placed, rating_ind, valid_submission_ind, create_date, modify_date, passed_review_ind, point_adjustment, rating_order) VALUES (80018007, 80018011, 491, null, null, null, null, null, 0, 0, CURRENT, CURRENT, null, null, null);
UPDATE user_rating SET rating = 491 WHERE user_id = 80018007 AND phase_id = 130;
INSERT INTO resource (resource_id, resource_role_id, project_id, project_phase_id, create_user, create_date, modify_user, modify_date, user_id) VALUES (80018121, 1, 80018011, NULL, 132456, CURRENT, 132456, CURRENT, 80018003);
INSERT INTO component_inquiry (component_inquiry_id, component_id, user_id, comment, agreed_to_terms, rating, phase, tc_user_id, version, create_time, project_id) VALUES (80018029, 80018011, 80018003, null, 1, 1136, 130, 80018003, 0, CURRENT, 80018011);
INSERT INTO project_result (user_id, project_id, old_rating, new_rating, raw_score, final_score, payment, placed, rating_ind, valid_submission_ind, create_date, modify_date, passed_review_ind, point_adjustment, rating_order) VALUES (80018003, 80018011, 1136, null, null, null, null, null, 0, 0, CURRENT, CURRENT, null, null, null);
UPDATE user_rating SET rating = 1136 WHERE user_id = 80018003 AND phase_id = 130;
INSERT INTO resource (resource_id, resource_role_id, project_id, project_phase_id, create_user, create_date, modify_user, modify_date, user_id) VALUES (80018122, 1, 80018011, NULL, 132456, CURRENT, 132456, CURRENT, 80018020);
INSERT INTO component_inquiry (component_inquiry_id, component_id, user_id, comment, agreed_to_terms, rating, phase, tc_user_id, version, create_time, project_id) VALUES (80018030, 80018011, 80018020, null, 1, 0, 130, 80018020, 0, CURRENT, 80018011);
INSERT INTO project_result (user_id, project_id, old_rating, new_rating, raw_score, final_score, payment, placed, rating_ind, valid_submission_ind, create_date, modify_date, passed_review_ind, point_adjustment, rating_order) VALUES (80018020, 80018011, null, null, null, null, null, null, 0, 0, CURRENT, CURRENT, null, null, null);
UPDATE user_rating SET rating = 0 WHERE user_id = 80018020 AND phase_id = 130;
INSERT INTO resource (resource_id, resource_role_id, project_id, project_phase_id, create_user, create_date, modify_user, modify_date, user_id) VALUES (80018123, 19, 80018011, 80018116, 132456, CURRENT, 132456, CURRENT, 124852);
INSERT INTO resource (resource_id, resource_role_id, project_id, project_phase_id, create_user, create_date, modify_user, modify_date, user_id) VALUES (80018124, 20, 80018011, 80018117, 132456, CURRENT, 132456, CURRENT, 124852);
INSERT INTO resource (resource_id, resource_role_id, project_id, project_phase_id, create_user, create_date, modify_user, modify_date, user_id) VALUES (80018125, 2, 80018011, 80018119, 132456, CURRENT, 132456, CURRENT, 124836);
INSERT INTO resource (resource_id, resource_role_id, project_id, project_phase_id, create_user, create_date, modify_user, modify_date, user_id) VALUES (80018126, 4, 80018011, 80018120, 132456, CURRENT, 132456, CURRENT, 124836);
INSERT INTO resource (resource_id, resource_role_id, project_id, project_phase_id, create_user, create_date, modify_user, modify_date, user_id) VALUES (80018127, 8, 80018011, 80018123, 132456, CURRENT, 132456, CURRENT, 124836);
INSERT INTO resource (resource_id, resource_role_id, project_id, project_phase_id, create_user, create_date, modify_user, modify_date, user_id) VALUES (80018128, 9, 80018011, 80018125, 132456, CURRENT, 132456, CURRENT, 124836);
INSERT INTO resource (resource_id, resource_role_id, project_id, project_phase_id, create_user, create_date, modify_user, modify_date, user_id) VALUES (80018129, 14, 80018011, NULL, 132456, CURRENT, 132456, CURRENT, 132456);
INSERT INTO resource (resource_id, resource_role_id, project_id, project_phase_id, create_user, create_date, modify_user, modify_date, user_id) VALUES (80018130, 10, 80018011, NULL, 132456, CURRENT, 132456, CURRENT, 132458);
INSERT INTO resource_info (resource_id, resource_info_type_id, value, create_user, create_date, modify_user, modify_date) VALUES (80018116, 1, '132456', 132456, CURRENT, 132456, CURRENT);
INSERT INTO resource_info (resource_id, resource_info_type_id, value, create_user, create_date, modify_user, modify_date) VALUES (80018116, 2, 'heffan', 132456, CURRENT, 132456, CURRENT);
INSERT INTO resource_info (resource_id, resource_info_type_id, value, create_user, create_date, modify_user, modify_date) VALUES (80018116, 8, 'N/A', 132456, CURRENT, 132456, CURRENT);
INSERT INTO resource_info (resource_id, resource_info_type_id, value, create_user, create_date, modify_user, modify_date) VALUES (80018116, 6, '05.12.2016 03:16 AM', 132456, CURRENT, 132456, CURRENT);
INSERT INTO resource_info (resource_id, resource_info_type_id, value, create_user, create_date, modify_user, modify_date) VALUES (80018117, 1, '22770213', 132456, CURRENT, 132456, CURRENT);
INSERT INTO resource_info (resource_id, resource_info_type_id, value, create_user, create_date, modify_user, modify_date) VALUES (80018117, 2, 'Applications', 132456, CURRENT, 132456, CURRENT);
INSERT INTO resource_info (resource_id, resource_info_type_id, value, create_user, create_date, modify_user, modify_date) VALUES (80018117, 8, 'N/A', 132456, CURRENT, 132456, CURRENT);
INSERT INTO resource_info (resource_id, resource_info_type_id, value, create_user, create_date, modify_user, modify_date) VALUES (80018117, 6, '05.12.2016 03:17 AM', 132456, CURRENT, 132456, CURRENT);
INSERT INTO resource_info (resource_id, resource_info_type_id, value, create_user, create_date, modify_user, modify_date) VALUES (80018118, 1, '132458', 132456, CURRENT, 132456, CURRENT);
INSERT INTO resource_info (resource_id, resource_info_type_id, value, create_user, create_date, modify_user, modify_date) VALUES (80018118, 2, 'user', 132456, CURRENT, 132456, CURRENT);
INSERT INTO resource_info (resource_id, resource_info_type_id, value, create_user, create_date, modify_user, modify_date) VALUES (80018118, 8, 'N/A', 132456, CURRENT, 132456, CURRENT);
INSERT INTO resource_info (resource_id, resource_info_type_id, value, create_user, create_date, modify_user, modify_date) VALUES (80018118, 6, '05.12.2016 03:18 AM', 132456, CURRENT, 132456, CURRENT);
INSERT INTO resource_info (resource_id, resource_info_type_id, value, create_user, create_date, modify_user, modify_date) VALUES (80018119, 1, '132457', 132456, CURRENT, 132456, CURRENT);
INSERT INTO resource_info (resource_id, resource_info_type_id, value, create_user, create_date, modify_user, modify_date) VALUES (80018119, 2, 'super', 132456, CURRENT, 132456, CURRENT);
INSERT INTO resource_info (resource_id, resource_info_type_id, value, create_user, create_date, modify_user, modify_date) VALUES (80018119, 8, 'N/A', 132456, CURRENT, 132456, CURRENT);
INSERT INTO resource_info (resource_id, resource_info_type_id, value, create_user, create_date, modify_user, modify_date) VALUES (80018119, 6, '05.07.2016 01:19 PM', 132456, CURRENT, 132456, CURRENT);
INSERT INTO resource_info (resource_id, resource_info_type_id, value, create_user, create_date, modify_user, modify_date) VALUES (80018120, 1, '80018007', 132456, CURRENT, 132456, CURRENT);
INSERT INTO resource_info (resource_id, resource_info_type_id, value, create_user, create_date, modify_user, modify_date) VALUES (80018120, 2, 'dok80018007', 132456, CURRENT, 132456, CURRENT);
INSERT INTO resource_info (resource_id, resource_info_type_id, value, create_user, create_date, modify_user, modify_date) VALUES (80018120, 3, 'test@test.com', 132456, CURRENT, 132456, CURRENT);
INSERT INTO resource_info (resource_id, resource_info_type_id, value, create_user, create_date, modify_user, modify_date) VALUES (80018120, 4, '491', 132456, CURRENT, 132456, CURRENT);
INSERT INTO resource_info (resource_id, resource_info_type_id, value, create_user, create_date, modify_user, modify_date) VALUES (80018120, 5, '10', 132456, CURRENT, 132456, CURRENT);
INSERT INTO resource_info (resource_id, resource_info_type_id, value, create_user, create_date, modify_user, modify_date) VALUES (80018120, 8, 'N/A', 132456, CURRENT, 132456, CURRENT);
INSERT INTO resource_info (resource_id, resource_info_type_id, value, create_user, create_date, modify_user, modify_date) VALUES (80018120, 6, '05.12.2016 03:20 AM', 132456, CURRENT, 132456, CURRENT);
INSERT INTO resource_info (resource_id, resource_info_type_id, value, create_user, create_date, modify_user, modify_date) VALUES (80018120, 13, 'No', 132456, CURRENT, 132456, CURRENT);
INSERT INTO resource_info (resource_id, resource_info_type_id, value, create_user, create_date, modify_user, modify_date) VALUES (80018121, 1, '80018003', 132456, CURRENT, 132456, CURRENT);
INSERT INTO resource_info (resource_id, resource_info_type_id, value, create_user, create_date, modify_user, modify_date) VALUES (80018121, 2, 'marcg80018003', 132456, CURRENT, 132456, CURRENT);
INSERT INTO resource_info (resource_id, resource_info_type_id, value, create_user, create_date, modify_user, modify_date) VALUES (80018121, 3, 'test@test.com', 132456, CURRENT, 132456, CURRENT);
INSERT INTO resource_info (resource_id, resource_info_type_id, value, create_user, create_date, modify_user, modify_date) VALUES (80018121, 4, '1136', 132456, CURRENT, 132456, CURRENT);
INSERT INTO resource_info (resource_id, resource_info_type_id, value, create_user, create_date, modify_user, modify_date) VALUES (80018121, 5, '64', 132456, CURRENT, 132456, CURRENT);
INSERT INTO resource_info (resource_id, resource_info_type_id, value, create_user, create_date, modify_user, modify_date) VALUES (80018121, 8, 'N/A', 132456, CURRENT, 132456, CURRENT);
INSERT INTO resource_info (resource_id, resource_info_type_id, value, create_user, create_date, modify_user, modify_date) VALUES (80018121, 6, '05.12.2016 03:21 AM', 132456, CURRENT, 132456, CURRENT);
INSERT INTO resource_info (resource_id, resource_info_type_id, value, create_user, create_date, modify_user, modify_date) VALUES (80018121, 13, 'No', 132456, CURRENT, 132456, CURRENT);
INSERT INTO resource_info (resource_id, resource_info_type_id, value, create_user, create_date, modify_user, modify_date) VALUES (80018122, 1, '80018020', 132456, CURRENT, 132456, CURRENT);
INSERT INTO resource_info (resource_id, resource_info_type_id, value, create_user, create_date, modify_user, modify_date) VALUES (80018122, 2, 'dok80018020', 132456, CURRENT, 132456, CURRENT);
INSERT INTO resource_info (resource_id, resource_info_type_id, value, create_user, create_date, modify_user, modify_date) VALUES (80018122, 3, 'test@test.com', 132456, CURRENT, 132456, CURRENT);
INSERT INTO resource_info (resource_id, resource_info_type_id, value, create_user, create_date, modify_user, modify_date) VALUES (80018122, 8, 'N/A', 132456, CURRENT, 132456, CURRENT);
INSERT INTO resource_info (resource_id, resource_info_type_id, value, create_user, create_date, modify_user, modify_date) VALUES (80018122, 6, '05.12.2016 03:22 AM', 132456, CURRENT, 132456, CURRENT);
INSERT INTO resource_info (resource_id, resource_info_type_id, value, create_user, create_date, modify_user, modify_date) VALUES (80018122, 13, 'No', 132456, CURRENT, 132456, CURRENT);
INSERT INTO resource_info (resource_id, resource_info_type_id, value, create_user, create_date, modify_user, modify_date) VALUES (80018123, 1, '124852', 132456, CURRENT, 132456, CURRENT);
INSERT INTO resource_info (resource_id, resource_info_type_id, value, create_user, create_date, modify_user, modify_date) VALUES (80018123, 2, 'plinehan', 132456, CURRENT, 132456, CURRENT);
INSERT INTO resource_info (resource_id, resource_info_type_id, value, create_user, create_date, modify_user, modify_date) VALUES (80018123, 8, 'N/A', 132456, CURRENT, 132456, CURRENT);
INSERT INTO resource_info (resource_id, resource_info_type_id, value, create_user, create_date, modify_user, modify_date) VALUES (80018123, 6, '05.10.2016 03:23 PM', 132456, CURRENT, 132456, CURRENT);
INSERT INTO resource_info (resource_id, resource_info_type_id, value, create_user, create_date, modify_user, modify_date) VALUES (80018124, 1, '124852', 132456, CURRENT, 132456, CURRENT);
INSERT INTO resource_info (resource_id, resource_info_type_id, value, create_user, create_date, modify_user, modify_date) VALUES (80018124, 2, 'plinehan', 132456, CURRENT, 132456, CURRENT);
INSERT INTO resource_info (resource_id, resource_info_type_id, value, create_user, create_date, modify_user, modify_date) VALUES (80018124, 8, 'N/A', 132456, CURRENT, 132456, CURRENT);
INSERT INTO resource_info (resource_id, resource_info_type_id, value, create_user, create_date, modify_user, modify_date) VALUES (80018124, 6, '05.13.2016 03:24 PM', 132456, CURRENT, 132456, CURRENT);
INSERT INTO resource_info (resource_id, resource_info_type_id, value, create_user, create_date, modify_user, modify_date) VALUES (80018125, 1, '124836', 132456, CURRENT, 132456, CURRENT);
INSERT INTO resource_info (resource_id, resource_info_type_id, value, create_user, create_date, modify_user, modify_date) VALUES (80018125, 2, 'annej9ny', 132456, CURRENT, 132456, CURRENT);
INSERT INTO resource_info (resource_id, resource_info_type_id, value, create_user, create_date, modify_user, modify_date) VALUES (80018125, 8, 'N/A', 132456, CURRENT, 132456, CURRENT);
INSERT INTO resource_info (resource_id, resource_info_type_id, value, create_user, create_date, modify_user, modify_date) VALUES (80018125, 6, '05.12.2016 03:25 PM', 132456, CURRENT, 132456, CURRENT);
INSERT INTO resource_info (resource_id, resource_info_type_id, value, create_user, create_date, modify_user, modify_date) VALUES (80018126, 1, '124836', 132456, CURRENT, 132456, CURRENT);
INSERT INTO resource_info (resource_id, resource_info_type_id, value, create_user, create_date, modify_user, modify_date) VALUES (80018126, 2, 'annej9ny', 132456, CURRENT, 132456, CURRENT);
INSERT INTO resource_info (resource_id, resource_info_type_id, value, create_user, create_date, modify_user, modify_date) VALUES (80018126, 8, 'N/A', 132456, CURRENT, 132456, CURRENT);
INSERT INTO resource_info (resource_id, resource_info_type_id, value, create_user, create_date, modify_user, modify_date) VALUES (80018126, 6, '05.13.2016 03:26 AM', 132456, CURRENT, 132456, CURRENT);
INSERT INTO resource_info (resource_id, resource_info_type_id, value, create_user, create_date, modify_user, modify_date) VALUES (80018127, 1, '124836', 132456, CURRENT, 132456, CURRENT);
INSERT INTO resource_info (resource_id, resource_info_type_id, value, create_user, create_date, modify_user, modify_date) VALUES (80018127, 2, 'annej9ny', 132456, CURRENT, 132456, CURRENT);
INSERT INTO resource_info (resource_id, resource_info_type_id, value, create_user, create_date, modify_user, modify_date) VALUES (80018127, 8, 'N/A', 132456, CURRENT, 132456, CURRENT);
INSERT INTO resource_info (resource_id, resource_info_type_id, value, create_user, create_date, modify_user, modify_date) VALUES (80018127, 6, '05.16.2016 03:27 PM', 132456, CURRENT, 132456, CURRENT);
INSERT INTO resource_info (resource_id, resource_info_type_id, value, create_user, create_date, modify_user, modify_date) VALUES (80018128, 1, '124836', 132456, CURRENT, 132456, CURRENT);
INSERT INTO resource_info (resource_id, resource_info_type_id, value, create_user, create_date, modify_user, modify_date) VALUES (80018128, 2, 'annej9ny', 132456, CURRENT, 132456, CURRENT);
INSERT INTO resource_info (resource_id, resource_info_type_id, value, create_user, create_date, modify_user, modify_date) VALUES (80018128, 8, 'N/A', 132456, CURRENT, 132456, CURRENT);
INSERT INTO resource_info (resource_id, resource_info_type_id, value, create_user, create_date, modify_user, modify_date) VALUES (80018128, 6, '05.18.2016 03:28 AM', 132456, CURRENT, 132456, CURRENT);
INSERT INTO resource_info (resource_id, resource_info_type_id, value, create_user, create_date, modify_user, modify_date) VALUES (80018129, 1, '132456', 132456, CURRENT, 132456, CURRENT);
INSERT INTO resource_info (resource_id, resource_info_type_id, value, create_user, create_date, modify_user, modify_date) VALUES (80018129, 2, 'heffan', 132456, CURRENT, 132456, CURRENT);
INSERT INTO resource_info (resource_id, resource_info_type_id, value, create_user, create_date, modify_user, modify_date) VALUES (80018129, 8, 'N/A', 132456, CURRENT, 132456, CURRENT);
INSERT INTO resource_info (resource_id, resource_info_type_id, value, create_user, create_date, modify_user, modify_date) VALUES (80018129, 6, '05.12.2016 03:29 AM', 132456, CURRENT, 132456, CURRENT);
INSERT INTO resource_info (resource_id, resource_info_type_id, value, create_user, create_date, modify_user, modify_date) VALUES (80018130, 1, '132458', 132456, CURRENT, 132456, CURRENT);
INSERT INTO resource_info (resource_id, resource_info_type_id, value, create_user, create_date, modify_user, modify_date) VALUES (80018130, 2, 'user', 132456, CURRENT, 132456, CURRENT);
INSERT INTO resource_info (resource_id, resource_info_type_id, value, create_user, create_date, modify_user, modify_date) VALUES (80018130, 8, 'N/A', 132456, CURRENT, 132456, CURRENT);
INSERT INTO resource_info (resource_id, resource_info_type_id, value, create_user, create_date, modify_user, modify_date) VALUES (80018130, 6, '05.12.2016 03:30 AM', 132456, CURRENT, 132456, CURRENT);
INSERT INTO upload (upload_id, project_id, resource_id, upload_type_id, upload_status_id, parameter, create_user, create_date, modify_user, modify_date, project_phase_id) VALUES (80018026, 80018011, 80018118, 1, 1, '80018011_80018118_80018026.zip', 132458, '2016-05-12 03:18:09', 132458, CURRENT, 80018112);
INSERT INTO upload (upload_id, project_id, resource_id, upload_type_id, upload_status_id, parameter, create_user, create_date, modify_user, modify_date, project_phase_id) VALUES (80018027, 80018011, 80018120, 1, 1, '80018011_80018120_80018027.zip', 80018007, '2016-05-12 03:20:09', 80018007, CURRENT, 80018115);
INSERT INTO upload (upload_id, project_id, resource_id, upload_type_id, upload_status_id, parameter, create_user, create_date, modify_user, modify_date, project_phase_id) VALUES (80018028, 80018011, 80018121, 1, 1, '80018011_80018121_80018028.zip', 80018003, '2016-05-12 03:21:09', 80018003, CURRENT, 80018115);
INSERT INTO upload (upload_id, project_id, resource_id, upload_type_id, upload_status_id, parameter, create_user, create_date, modify_user, modify_date, project_phase_id) VALUES (80018029, 80018011, 80018122, 1, 1, '80018011_80018122_80018029.zip', 80018020, '2016-05-12 03:22:09', 80018020, CURRENT, 80018115);
INSERT INTO submission (submission_id, upload_id, submission_status_id, screening_score, initial_score, final_score, placement, submission_type_id, create_user, create_date, modify_user, modify_date, prize_id) VALUES (80018021, 80018026, 1, null, null, null, null, 2, 132458, '2016-05-12 11:16:50', 132458, '2016-05-12 11:16:50', null);
INSERT INTO resource_submission (resource_id, submission_id, create_user, create_date, modify_user, modify_date) VALUES (80018118, 80018021, 132458, CURRENT, 132458, CURRENT);
INSERT INTO submission (submission_id, upload_id, submission_status_id, screening_score, initial_score, final_score, placement, submission_type_id, create_user, create_date, modify_user, modify_date, prize_id) VALUES (80018022, 80018027, 6, 75.0, null, 75.0, 2, 3, 80018007, '2016-05-12 13:09:25', 80018007, '2016-05-12 13:09:25', 80018025);
INSERT INTO resource_submission (resource_id, submission_id, create_user, create_date, modify_user, modify_date) VALUES (80018120, 80018022, 80018007, CURRENT, 80018007, CURRENT);
INSERT INTO submission (submission_id, upload_id, submission_status_id, screening_score, initial_score, final_score, placement, submission_type_id, create_user, create_date, modify_user, modify_date, prize_id) VALUES (80018023, 80018028, 1, 100.0, null, 100.0, 1, 3, 80018003, '2016-05-12 11:47:32', 80018003, '2016-05-12 11:47:32', 80018025);
INSERT INTO resource_submission (resource_id, submission_id, create_user, create_date, modify_user, modify_date) VALUES (80018121, 80018023, 80018003, CURRENT, 80018003, CURRENT);
INSERT INTO submission (submission_id, upload_id, submission_status_id, screening_score, initial_score, final_score, placement, submission_type_id, create_user, create_date, modify_user, modify_date, prize_id) VALUES (80018024, 80018029, 1, 100.0, null, 75.0, 3, 3, 80018020, '2016-05-12 11:03:48', 80018020, '2016-05-12 11:03:48', 80018025);
INSERT INTO resource_submission (resource_id, submission_id, create_user, create_date, modify_user, modify_date) VALUES (80018122, 80018024, 80018020, CURRENT, 80018020, CURRENT);
INSERT INTO review (review_id, resource_id, submission_id, scorecard_id, committed, initial_score, score, create_user, create_date, modify_user, modify_date, project_phase_id) VALUES (80018034, 80018119, 80018021, 30000722, 1, 75.0, 75.0, 132457, CURRENT, 132457, CURRENT, 80018113);
INSERT INTO review_comment (review_comment_id, resource_id, review_id, comment_type_id, content, extra_info, sort, create_user, create_date, modify_user, modify_date) VALUES (80018012, 80018119, 80018034, 14, '', 'Approved', 0, 132457, CURRENT, 132457, CURRENT);
INSERT INTO review_item (review_item_id, review_id, scorecard_question_id, upload_id, answer, sort, create_user, create_date, modify_user, modify_date) VALUES (80018034, 80018034, 30001008, null, '3/4', 0, 132457, CURRENT, 132457, CURRENT);
INSERT INTO review_item_comment (review_item_comment_id, resource_id, review_item_id, comment_type_id, content, extra_info, sort, create_user, create_date, modify_user, modify_date) VALUES (80018053, 80018119, 80018034, 1, 'Ok', NULL, 0, 132457, CURRENT, 132457, CURRENT);
INSERT INTO review (review_id, resource_id, submission_id, scorecard_id, committed, initial_score, score, create_user, create_date, modify_user, modify_date, project_phase_id) VALUES (80018035, 80018123, 80018022, 30000416, 1, 75.0, 75.0, 124852, CURRENT, 124852, CURRENT, 80018116);
INSERT INTO review_item (review_item_id, review_id, scorecard_question_id, upload_id, answer, sort, create_user, create_date, modify_user, modify_date) VALUES (80018035, 80018035, 30003112, null, '3/4', 0, 124852, CURRENT, 124852, CURRENT);
INSERT INTO review_item_comment (review_item_comment_id, resource_id, review_item_id, comment_type_id, content, extra_info, sort, create_user, create_date, modify_user, modify_date) VALUES (80018054, 80018123, 80018035, 1, 'visit http://tc.cloud.topcoder.com/tc?module=ProjectDetail&pj=7700001 anonymously, click the Registration button, then enter with user without checking the compete options, it return back to contest detail page, but no popup shows information to check options in profile. ', NULL, 0, 124852, CURRENT, 124852, CURRENT);
INSERT INTO review (review_id, resource_id, submission_id, scorecard_id, committed, initial_score, score, create_user, create_date, modify_user, modify_date, project_phase_id) VALUES (80018036, 80018123, 80018023, 30000416, 1, 100.0, 100.0, 124852, CURRENT, 124852, CURRENT, 80018116);
INSERT INTO review_item (review_item_id, review_id, scorecard_question_id, upload_id, answer, sort, create_user, create_date, modify_user, modify_date) VALUES (80018036, 80018036, 30003112, null, '4/4', 0, 124852, CURRENT, 124852, CURRENT);
INSERT INTO review_item_comment (review_item_comment_id, resource_id, review_item_id, comment_type_id, content, extra_info, sort, create_user, create_date, modify_user, modify_date) VALUES (80018055, 80018123, 80018036, 1, 'Verification section provides the instructions just for testing the Direct web module while there are other web modules deployed and to be tested as well like /mobile, /present', NULL, 0, 124852, CURRENT, 124852, CURRENT);
INSERT INTO review (review_id, resource_id, submission_id, scorecard_id, committed, initial_score, score, create_user, create_date, modify_user, modify_date, project_phase_id) VALUES (80018037, 80018123, 80018024, 30000416, 1, 100.0, 100.0, 124852, CURRENT, 124852, CURRENT, 80018116);
INSERT INTO review_item (review_item_id, review_id, scorecard_question_id, upload_id, answer, sort, create_user, create_date, modify_user, modify_date) VALUES (80018037, 80018037, 30003112, null, '4/4', 0, 124852, CURRENT, 124852, CURRENT);
INSERT INTO review_item_comment (review_item_comment_id, resource_id, review_item_id, comment_type_id, content, extra_info, sort, create_user, create_date, modify_user, modify_date) VALUES (80018056, 80018123, 80018037, 1, 'analytics web module is not workable. When trying to access it the server responds with HTTP 404 error.', NULL, 0, 124852, CURRENT, 124852, CURRENT);
INSERT INTO review (review_id, resource_id, submission_id, scorecard_id, committed, initial_score, score, create_user, create_date, modify_user, modify_date, project_phase_id) VALUES (80018038, 80018124, 80018022, 30000417, 1, 75.0, 75.0, 124852, CURRENT, 124852, CURRENT, 80018117);
INSERT INTO review_item (review_item_id, review_id, scorecard_question_id, upload_id, answer, sort, create_user, create_date, modify_user, modify_date) VALUES (80018038, 80018038, 30003113, null, '3/4', 0, 124852, CURRENT, 124852, CURRENT);
INSERT INTO review_item_comment (review_item_comment_id, resource_id, review_item_id, comment_type_id, content, extra_info, sort, create_user, create_date, modify_user, modify_date) VALUES (80018057, 80018124, 80018038, 1, 'Verification section provides the instructions just for testing the Direct web module while there are other web modules deployed and to be tested as well like /mobile, /present', NULL, 0, 124852, CURRENT, 124852, CURRENT);
INSERT INTO review (review_id, resource_id, submission_id, scorecard_id, committed, initial_score, score, create_user, create_date, modify_user, modify_date, project_phase_id) VALUES (80018039, 80018124, 80018023, 30000417, 1, 100.0, 100.0, 124852, CURRENT, 124852, CURRENT, 80018117);
INSERT INTO review_item (review_item_id, review_id, scorecard_question_id, upload_id, answer, sort, create_user, create_date, modify_user, modify_date) VALUES (80018039, 80018039, 30003113, null, '4/4', 0, 124852, CURRENT, 124852, CURRENT);
INSERT INTO review_item_comment (review_item_comment_id, resource_id, review_item_id, comment_type_id, content, extra_info, sort, create_user, create_date, modify_user, modify_date) VALUES (80018058, 80018124, 80018039, 1, '/direct/scorecard web module is not workable. When trying to access it the server responds with error like:  There is no Action mapped for namespace [/] and action name [scorecard] associated with context path [/direct]. - [unknown location]', NULL, 0, 124852, CURRENT, 124852, CURRENT);
INSERT INTO review (review_id, resource_id, submission_id, scorecard_id, committed, initial_score, score, create_user, create_date, modify_user, modify_date, project_phase_id) VALUES (80018040, 80018124, 80018024, 30000417, 1, 75.0, 75.0, 124852, CURRENT, 124852, CURRENT, 80018117);
INSERT INTO review_item (review_item_id, review_id, scorecard_question_id, upload_id, answer, sort, create_user, create_date, modify_user, modify_date) VALUES (80018040, 80018040, 30003113, null, '3/4', 0, 124852, CURRENT, 124852, CURRENT);
INSERT INTO review_item_comment (review_item_comment_id, resource_id, review_item_id, comment_type_id, content, extra_info, sort, create_user, create_date, modify_user, modify_date) VALUES (80018059, 80018124, 80018040, 1, 'visit http://tc.cloud.topcoder.com/tc?module=ProjectDetail&pj=7700001 anonymously, click the Registration button, then enter with user without checking the compete options, it return back to contest detail page, but no popup shows information to check options in profile. ', NULL, 0, 124852, CURRENT, 124852, CURRENT);
INSERT INTO notification (project_id, external_ref_id, notification_type_id, create_user, create_date, modify_user, modify_date) VALUES (80018011, 80018020, 1, 132456, CURRENT, 132456, CURRENT);
INSERT INTO notification (project_id, external_ref_id, notification_type_id, create_user, create_date, modify_user, modify_date) VALUES (80018011, 80018007, 1, 132456, CURRENT, 132456, CURRENT);
INSERT INTO notification (project_id, external_ref_id, notification_type_id, create_user, create_date, modify_user, modify_date) VALUES (80018011, 124852, 1, 132456, CURRENT, 132456, CURRENT);
INSERT INTO notification (project_id, external_ref_id, notification_type_id, create_user, create_date, modify_user, modify_date) VALUES (80018011, 124836, 1, 132456, CURRENT, 132456, CURRENT);
INSERT INTO notification (project_id, external_ref_id, notification_type_id, create_user, create_date, modify_user, modify_date) VALUES (80018011, 80018003, 1, 132456, CURRENT, 132456, CURRENT);
INSERT INTO notification (project_id, external_ref_id, notification_type_id, create_user, create_date, modify_user, modify_date) VALUES (80018011, 132458, 1, 132456, CURRENT, 132456, CURRENT);
INSERT INTO notification (project_id, external_ref_id, notification_type_id, create_user, create_date, modify_user, modify_date) VALUES (80018011, 132456, 1, 132456, CURRENT, 132456, CURRENT);
INSERT INTO notification (project_id, external_ref_id, notification_type_id, create_user, create_date, modify_user, modify_date) VALUES (80018011, 132457, 1, 132456, CURRENT, 132456, CURRENT);
INSERT INTO notification (project_id, external_ref_id, notification_type_id, create_user, create_date, modify_user, modify_date) VALUES (80018011, 22770213, 1, 132456, CURRENT, 132456, CURRENT);
INSERT INTO contest_sale (contest_sale_id, contest_id, sale_status_id, price, paypal_order_id, create_date, sale_reference_id, sale_type_id) VALUES (80018011, 80018011, 1, 8436.0, 'PO BOX 80018001', CURRENT, 'PO BOX 80018001', 2);
INSERT INTO project_payment (project_payment_id, project_payment_type_id, resource_id, submission_id, amount, pacts_payment_id, create_user,create_date, modify_user, modify_date) VALUES (80018036, 3, 80018119, null, 50.0, null, 132456, CURRENT, 132456, CURRENT);
INSERT INTO project_payment (project_payment_id, project_payment_type_id, resource_id, submission_id, amount, pacts_payment_id, create_user,create_date, modify_user, modify_date) VALUES (80018040, 2, 80018120, 80018022, 53.0, null, 132456, CURRENT, 132456, CURRENT);
INSERT INTO project_payment (project_payment_id, project_payment_type_id, resource_id, submission_id, amount, pacts_payment_id, create_user,create_date, modify_user, modify_date) VALUES (80018039, 2, 80018121, 80018023, 90.0, null, 132456, CURRENT, 132456, CURRENT);
INSERT INTO project_payment (project_payment_id, project_payment_type_id, resource_id, submission_id, amount, pacts_payment_id, create_user,create_date, modify_user, modify_date) VALUES (80018037, 3, 80018123, null, 20.0, null, 132456, CURRENT, 132456, CURRENT);
INSERT INTO project_payment (project_payment_id, project_payment_type_id, resource_id, submission_id, amount, pacts_payment_id, create_user,create_date, modify_user, modify_date) VALUES (80018038, 3, 80018124, null, 50.0, null, 132456, CURRENT, 132456, CURRENT);
INSERT INTO project_payment (project_payment_id, project_payment_type_id, resource_id, submission_id, amount, pacts_payment_id, create_user,create_date, modify_user, modify_date) VALUES (80018041, 4, 80018129, null, 350.0, null, 132456, CURRENT, 132456, CURRENT);
INSERT INTO contest_milestone_xref (contest_id, project_milestone_id, create_user, create_date, modify_user, modify_date) VALUES (80018011, 800180010, 132456, CURRENT, 132456, CURRENT);
INSERT INTO review_auction (review_auction_id, project_id, review_auction_type_id) VALUES (80028011, 80018011, 3);
INSERT INTO review_auction (review_auction_id, project_id, review_auction_type_id) VALUES (80018011, 80018011, 1);
INSERT INTO comp_catalog (component_id, current_version, short_desc, component_name, description, function_desc, create_time, status_id, root_category_id, modify_date, public_ind)  VALUES (80018012, 1, 'Short description for Assembly Competition Contest 12', 'Assembly Competition Contest 12', 'Description for Assembly Competition Contest 12', 'Functional description for Assembly Competition Contest 12', CURRENT, 1, 9926572, CURRENT, 1);
INSERT INTO comp_categories (comp_categories_id, component_id, category_id)  VALUES (80018012, 80018012, 9926572);
INSERT INTO comp_versions (comp_vers_id, component_id, version, version_text, create_time, phase_id, phase_time, price, comments, modify_date, suspended_ind) VALUES (80018012, 80018012, 1, '1.0', CURRENT, 112, CURRENT, 1000.0, 'Comments for version #1', CURRENT, 0);
INSERT INTO comp_version_dates (comp_version_dates_id, comp_vers_id, phase_id, posting_date, initial_submission_date, winner_announced_date, final_submission_date, estimated_dev_date, price, total_submissions, status_id, create_time, level_id, screening_complete_date, review_complete_date, aggregation_complete_date, phase_complete_date, production_date, aggregation_complete_date_comment, phase_complete_date_comment, review_complete_date_comment, winner_announced_date_comment, initial_submission_date_comment, screening_complete_date_comment, final_submission_date_comment, production_date_comment, modify_date) VALUES (80018012, 80018012, 112, '1976-06-05', '2000-02-01', '2000-02-01', '2000-02-01', '2000-02-01', 0.00, 0, 301, CURRENT, 100, '2000-02-01', '2000-02-01', '2000-02-01', '2000-02-01', null, null, null, null, null, null, null, null, null, CURRENT);
INSERT INTO comp_technology (comp_tech_id, comp_vers_id, technology_type_id) VALUES (800180120, 80018012, 27167850);
INSERT INTO comp_technology (comp_tech_id, comp_vers_id, technology_type_id) VALUES (800180121, 80018012, 27141051);
INSERT INTO project (project_id, project_status_id, project_category_id, create_user, create_date, modify_user, modify_date, tc_direct_project_id, project_studio_spec_id) VALUES (80018012, 1, 14, 132456, CURRENT, 132456, CURRENT, 80018001, NULL);
INSERT INTO project_info (project_id, project_info_type_id, value, create_user, create_date, modify_user, modify_date) VALUES (80018012, 1, '80018012', 132456, CURRENT, 132456, CURRENT);
INSERT INTO project_info (project_id, project_info_type_id, value, create_user, create_date, modify_user, modify_date) VALUES (80018012, 2, '80018012', 132456, CURRENT, 132456, CURRENT);
INSERT INTO project_info (project_id, project_info_type_id, value, create_user, create_date, modify_user, modify_date) VALUES (80018012, 3, '80018012', 132456, CURRENT, 132456, CURRENT);
INSERT INTO project_info (project_id, project_info_type_id, value, create_user, create_date, modify_user, modify_date) VALUES (80018012, 4, '80018013', 132456, CURRENT, 132456, CURRENT);
INSERT INTO comp_jive_category_xref (comp_vers_id, jive_category_id) VALUES (80018012, 0);
INSERT INTO project_info (project_id, project_info_type_id, value, create_user, create_date, modify_user, modify_date) VALUES (80018012, 5, '9926572', 132456, CURRENT, 132456, CURRENT);
INSERT INTO project_info (project_id, project_info_type_id, value, create_user, create_date, modify_user, modify_date) VALUES (80018012, 6, 'Assembly Competition Contest 12', 132456, CURRENT, 132456, CURRENT);
INSERT INTO project_info (project_id, project_info_type_id, value, create_user, create_date, modify_user, modify_date) VALUES (80018012, 7, '1.0', 132456, CURRENT, 132456, CURRENT);
INSERT INTO project_info (project_id, project_info_type_id, value, create_user, create_date, modify_user, modify_date) VALUES (80018012, 8, '', 132456, CURRENT, 132456, CURRENT);
INSERT INTO project_info (project_id, project_info_type_id, value, create_user, create_date, modify_user, modify_date) VALUES (80018012, 11, 'On', 132456, CURRENT, 132456, CURRENT);
INSERT INTO project_info (project_id, project_info_type_id, value, create_user, create_date, modify_user, modify_date) VALUES (80018012, 9, 'On', 132456, CURRENT, 132456, CURRENT);
INSERT INTO project_info (project_id, project_info_type_id, value, create_user, create_date, modify_user, modify_date) VALUES (80018012, 10, 'On', 132456, CURRENT, 132456, CURRENT);
INSERT INTO project_info (project_id, project_info_type_id, value, create_user, create_date, modify_user, modify_date) VALUES (80018012, 12, 'Yes', 132456, CURRENT, 132456, CURRENT);
INSERT INTO project_info (project_id, project_info_type_id, value, create_user, create_date, modify_user, modify_date) VALUES (80018012, 13, 'Yes', 132456, CURRENT, 132456, CURRENT);
INSERT INTO project_info (project_id, project_info_type_id, value, create_user, create_date, modify_user, modify_date) VALUES (80018012, 14, 'Open', 132456, CURRENT, 132456, CURRENT);
INSERT INTO project_info (project_id, project_info_type_id, value, create_user, create_date, modify_user, modify_date) VALUES (80018012, 16, '1000.0', 132456, CURRENT, 132456, CURRENT);
INSERT INTO project_info (project_id, project_info_type_id, value, create_user, create_date, modify_user, modify_date) VALUES (80018012, 17, '', 132456, CURRENT, 132456, CURRENT);
INSERT INTO project_info (project_id, project_info_type_id, value, create_user, create_date, modify_user, modify_date) VALUES (80018012, 26, 'On', 132456, CURRENT, 132456, CURRENT);
INSERT INTO project_info (project_id, project_info_type_id, value, create_user, create_date, modify_user, modify_date) VALUES (80018012, 30, '450.0', 132456, CURRENT, 132456, CURRENT);
INSERT INTO project_info (project_id, project_info_type_id, value, create_user, create_date, modify_user, modify_date) VALUES (80018012, 31, '6001.0', 132456, CURRENT, 132456, CURRENT);
INSERT INTO project_info (project_id, project_info_type_id, value, create_user, create_date, modify_user, modify_date) VALUES (80018012, 33, '683.0', 132456, CURRENT, 132456, CURRENT);
INSERT INTO project_info (project_id, project_info_type_id, value, create_user, create_date, modify_user, modify_date) VALUES (80018012, 35, '30.0', 132456, CURRENT, 132456, CURRENT);
INSERT INTO project_info (project_id, project_info_type_id, value, create_user, create_date, modify_user, modify_date) VALUES (80018012, 36, '1000.0', 132456, CURRENT, 132456, CURRENT);
INSERT INTO project_info (project_id, project_info_type_id, value, create_user, create_date, modify_user, modify_date) VALUES (80018012, 37, '500.0', 132456, CURRENT, 132456, CURRENT);
INSERT INTO project_info (project_id, project_info_type_id, value, create_user, create_date, modify_user, modify_date) VALUES (80018012, 45, 'true', 132456, CURRENT, 132456, CURRENT);
INSERT INTO project_info (project_id, project_info_type_id, value, create_user, create_date, modify_user, modify_date) VALUES (80018012, 47, 'true', 132456, CURRENT, 132456, CURRENT);
INSERT INTO project_info (project_id, project_info_type_id, value, create_user, create_date, modify_user, modify_date) VALUES (80018012, 38, '300.0', 132456, CURRENT, 132456, CURRENT);
INSERT INTO project_info (project_id, project_info_type_id, value, create_user, create_date, modify_user, modify_date) VALUES (80018012, 39, '0.0', 132456, CURRENT, 132456, CURRENT);
INSERT INTO project_info (project_id, project_info_type_id, value, create_user, create_date, modify_user, modify_date) VALUES (80018012, 40, 'B', 132456, CURRENT, 132456, CURRENT);
INSERT INTO project_info (project_id, project_info_type_id, value, create_user, create_date, modify_user, modify_date) VALUES (80018012, 32, '80018001', 132456, CURRENT, 132456, CURRENT);
INSERT INTO project_info (project_id, project_info_type_id, value, create_user, create_date, modify_user, modify_date) VALUES (80018012, 41, 'true', 132456, CURRENT, 132456, CURRENT);
INSERT INTO project_info (project_id, project_info_type_id, value, create_user, create_date, modify_user, modify_date) VALUES (80018012, 43, 'true', 132456, CURRENT, 132456, CURRENT);
INSERT INTO project_info (project_id, project_info_type_id, value, create_user, create_date, modify_user, modify_date) VALUES (80018012, 44, 'false', 132456, CURRENT, 132456, CURRENT);
INSERT INTO project_info (project_id, project_info_type_id, value, create_user, create_date, modify_user, modify_date) VALUES (80018012, 46, 'true', 132456, CURRENT, 132456, CURRENT);
INSERT INTO project_info (project_id, project_info_type_id, value, create_user, create_date, modify_user, modify_date) VALUES (80018012, 48, 'true', 132456, CURRENT, 132456, CURRENT);
INSERT INTO project_info (project_id, project_info_type_id, value, create_user, create_date, modify_user, modify_date) VALUES (80018012, 49, '500', 132456, CURRENT, 132456, CURRENT);
INSERT INTO project_info (project_id, project_info_type_id, value, create_user, create_date, modify_user, modify_date) VALUES (80018012, 59, 'true', 132456, CURRENT, 132456, CURRENT);
INSERT INTO prize (prize_id, place, prize_amount, prize_type_id, number_of_submissions,                    create_user, create_date, modify_user, modify_date, project_id) VALUES (80018026, 1, 1000.0, 15, 1, 132456, CURRENT, 132456, CURRENT, 80018012);
INSERT INTO prize (prize_id, place, prize_amount, prize_type_id, number_of_submissions,                    create_user, create_date, modify_user, modify_date, project_id) VALUES (80018027, 2, 500.0, 15, 1, 132456, CURRENT, 132456, CURRENT, 80018012);
INSERT INTO project_spec (project_spec_id, project_id, version, detailed_requirements, submission_deliverables, environment_setup_instruction, final_submission_guidelines, private_description, create_user, create_date, modify_user, modify_date) VALUES (80018012, 80018012, 1, 'Detailed requirements for Assembly Competition Contest 12', '', '', 'Final submission guidelines for Assembly Competition Contest 12', '', 132456, CURRENT, 132456, CURRENT);
INSERT INTO project_phase (project_phase_id, project_id, phase_type_id, phase_status_id, fixed_start_time, scheduled_start_time, scheduled_end_time, actual_start_time, actual_end_time, duration, create_user, create_date, modify_user, modify_date) VALUES (80018127, 80018012, 13, 3, CURRENT + -9480 UNITS MINUTE, CURRENT + -9480 UNITS MINUTE, CURRENT + -6600 UNITS MINUTE, CURRENT + -9480 UNITS MINUTE, CURRENT + -6600 UNITS MINUTE, 172800000, 132456, CURRENT, 132456, CURRENT);
INSERT INTO project_phase (project_phase_id, project_id, phase_type_id, phase_status_id, fixed_start_time, scheduled_start_time, scheduled_end_time, actual_start_time, actual_end_time, duration, create_user, create_date, modify_user, modify_date) VALUES (80018128, 80018012, 14, 3, null, CURRENT + -6600 UNITS MINUTE, CURRENT + -6480 UNITS MINUTE, CURRENT + -6600 UNITS MINUTE, CURRENT + -6480 UNITS MINUTE, 7200000, 132456, CURRENT, 132456, CURRENT);
INSERT INTO project_phase (project_phase_id, project_id, phase_type_id, phase_status_id, fixed_start_time, scheduled_start_time, scheduled_end_time, actual_start_time, actual_end_time, duration, create_user, create_date, modify_user, modify_date) VALUES (80018129, 80018012, 1, 3, CURRENT + -6480 UNITS MINUTE, CURRENT + -6480 UNITS MINUTE, CURRENT + -3600 UNITS MINUTE, CURRENT + -6480 UNITS MINUTE, CURRENT + -3600 UNITS MINUTE, 172800000, 132456, CURRENT, 132456, CURRENT);
INSERT INTO project_phase (project_phase_id, project_id, phase_type_id, phase_status_id, fixed_start_time, scheduled_start_time, scheduled_end_time, actual_start_time, actual_end_time, duration, create_user, create_date, modify_user, modify_date) VALUES (80018130, 80018012, 2, 2, null, CURRENT + -6480 UNITS MINUTE, CURRENT + 720 UNITS MINUTE, CURRENT + -6480 UNITS MINUTE, null, 432000000, 132456, CURRENT, 132456, CURRENT);
INSERT INTO project_phase (project_phase_id, project_id, phase_type_id, phase_status_id, fixed_start_time, scheduled_start_time, scheduled_end_time, actual_start_time, actual_end_time, duration, create_user, create_date, modify_user, modify_date) VALUES (80018131, 80018012, 3, 1, null, CURRENT + 720 UNITS MINUTE, CURRENT + 1440 UNITS MINUTE, null, null, 43200000, 132456, CURRENT, 132456, CURRENT);
INSERT INTO project_phase (project_phase_id, project_id, phase_type_id, phase_status_id, fixed_start_time, scheduled_start_time, scheduled_end_time, actual_start_time, actual_end_time, duration, create_user, create_date, modify_user, modify_date) VALUES (80018132, 80018012, 4, 1, null, CURRENT + 1440 UNITS MINUTE, CURRENT + 4320 UNITS MINUTE, null, null, 172800000, 132456, CURRENT, 132456, CURRENT);
INSERT INTO project_phase (project_phase_id, project_id, phase_type_id, phase_status_id, fixed_start_time, scheduled_start_time, scheduled_end_time, actual_start_time, actual_end_time, duration, create_user, create_date, modify_user, modify_date) VALUES (80018133, 80018012, 5, 1, null, CURRENT + 4320 UNITS MINUTE, CURRENT + 5760 UNITS MINUTE, null, null, 86400000, 132456, CURRENT, 132456, CURRENT);
INSERT INTO project_phase (project_phase_id, project_id, phase_type_id, phase_status_id, fixed_start_time, scheduled_start_time, scheduled_end_time, actual_start_time, actual_end_time, duration, create_user, create_date, modify_user, modify_date) VALUES (80018134, 80018012, 6, 1, null, CURRENT + 5760 UNITS MINUTE, CURRENT + 6480 UNITS MINUTE, null, null, 43200000, 132456, CURRENT, 132456, CURRENT);
INSERT INTO project_phase (project_phase_id, project_id, phase_type_id, phase_status_id, fixed_start_time, scheduled_start_time, scheduled_end_time, actual_start_time, actual_end_time, duration, create_user, create_date, modify_user, modify_date) VALUES (80018135, 80018012, 7, 1, null, CURRENT + 6480 UNITS MINUTE, CURRENT + 7200 UNITS MINUTE, null, null, 43200000, 132456, CURRENT, 132456, CURRENT);
INSERT INTO project_phase (project_phase_id, project_id, phase_type_id, phase_status_id, fixed_start_time, scheduled_start_time, scheduled_end_time, actual_start_time, actual_end_time, duration, create_user, create_date, modify_user, modify_date) VALUES (80018136, 80018012, 9, 1, null, CURRENT + 7200 UNITS MINUTE, CURRENT + 8640 UNITS MINUTE, null, null, 86400000, 132456, CURRENT, 132456, CURRENT);
INSERT INTO project_phase (project_phase_id, project_id, phase_type_id, phase_status_id, fixed_start_time, scheduled_start_time, scheduled_end_time, actual_start_time, actual_end_time, duration, create_user, create_date, modify_user, modify_date) VALUES (80018137, 80018012, 10, 1, null, CURRENT + 8640 UNITS MINUTE, CURRENT + 9360 UNITS MINUTE, null, null, 43200000, 132456, CURRENT, 132456, CURRENT);
INSERT INTO project_phase (project_phase_id, project_id, phase_type_id, phase_status_id, fixed_start_time, scheduled_start_time, scheduled_end_time, actual_start_time, actual_end_time, duration, create_user, create_date, modify_user, modify_date) VALUES (80018138, 80018012, 11, 1, null, CURRENT + 9360 UNITS MINUTE, CURRENT + 16560 UNITS MINUTE, null, null, 432000000, 132456, CURRENT, 132456, CURRENT);
INSERT INTO phase_dependency (dependency_phase_id, dependent_phase_id, dependency_start, dependent_start, lag_time, create_user, create_date, modify_user, modify_date) VALUES (80018127, 80018128, 0, 1, 0, 132456, CURRENT, 132456, CURRENT);
INSERT INTO phase_dependency (dependency_phase_id, dependent_phase_id, dependency_start, dependent_start, lag_time, create_user, create_date, modify_user, modify_date) VALUES (80018128, 80018129, 0, 1, 0, 132456, CURRENT, 132456, CURRENT);
INSERT INTO phase_dependency (dependency_phase_id, dependent_phase_id, dependency_start, dependent_start, lag_time, create_user, create_date, modify_user, modify_date) VALUES (80018129, 80018130, 1, 1, 0, 132456, CURRENT, 132456, CURRENT);
INSERT INTO phase_dependency (dependency_phase_id, dependent_phase_id, dependency_start, dependent_start, lag_time, create_user, create_date, modify_user, modify_date) VALUES (80018130, 80018131, 0, 1, 0, 132456, CURRENT, 132456, CURRENT);
INSERT INTO phase_dependency (dependency_phase_id, dependent_phase_id, dependency_start, dependent_start, lag_time, create_user, create_date, modify_user, modify_date) VALUES (80018131, 80018132, 0, 1, 0, 132456, CURRENT, 132456, CURRENT);
INSERT INTO phase_dependency (dependency_phase_id, dependent_phase_id, dependency_start, dependent_start, lag_time, create_user, create_date, modify_user, modify_date) VALUES (80018132, 80018133, 0, 1, 0, 132456, CURRENT, 132456, CURRENT);
INSERT INTO phase_dependency (dependency_phase_id, dependent_phase_id, dependency_start, dependent_start, lag_time, create_user, create_date, modify_user, modify_date) VALUES (80018133, 80018134, 0, 1, 0, 132456, CURRENT, 132456, CURRENT);
INSERT INTO phase_dependency (dependency_phase_id, dependent_phase_id, dependency_start, dependent_start, lag_time, create_user, create_date, modify_user, modify_date) VALUES (80018134, 80018135, 0, 1, 0, 132456, CURRENT, 132456, CURRENT);
INSERT INTO phase_dependency (dependency_phase_id, dependent_phase_id, dependency_start, dependent_start, lag_time, create_user, create_date, modify_user, modify_date) VALUES (80018135, 80018136, 0, 1, 0, 132456, CURRENT, 132456, CURRENT);
INSERT INTO phase_dependency (dependency_phase_id, dependent_phase_id, dependency_start, dependent_start, lag_time, create_user, create_date, modify_user, modify_date) VALUES (80018136, 80018137, 0, 1, 0, 132456, CURRENT, 132456, CURRENT);
INSERT INTO phase_dependency (dependency_phase_id, dependent_phase_id, dependency_start, dependent_start, lag_time, create_user, create_date, modify_user, modify_date) VALUES (80018137, 80018138, 0, 1, 0, 132456, CURRENT, 132456, CURRENT);
INSERT INTO phase_criteria (project_phase_id, phase_criteria_type_id, parameter, create_user, create_date, modify_user, modify_date) VALUES (80018128, 1, '30000722', 132456, CURRENT, 132456, CURRENT);
INSERT INTO phase_criteria (project_phase_id, phase_criteria_type_id, parameter, create_user, create_date, modify_user, modify_date) VALUES (80018128, 6, '1', 132456, CURRENT, 132456, CURRENT);
INSERT INTO phase_criteria (project_phase_id, phase_criteria_type_id, parameter, create_user, create_date, modify_user, modify_date) VALUES (80018129, 2, '0', 132456, CURRENT, 132456, CURRENT);
INSERT INTO phase_criteria (project_phase_id, phase_criteria_type_id, parameter, create_user, create_date, modify_user, modify_date) VALUES (80018129, 5, 'No', 132456, CURRENT, 132456, CURRENT);
INSERT INTO phase_criteria (project_phase_id, phase_criteria_type_id, parameter, create_user, create_date, modify_user, modify_date) VALUES (80018130, 3, '0', 132456, CURRENT, 132456, CURRENT);
INSERT INTO phase_criteria (project_phase_id, phase_criteria_type_id, parameter, create_user, create_date, modify_user, modify_date) VALUES (80018130, 5, 'Yes', 132456, CURRENT, 132456, CURRENT);
INSERT INTO phase_criteria (project_phase_id, phase_criteria_type_id, parameter, create_user, create_date, modify_user, modify_date) VALUES (80018131, 1, '30000410', 132456, CURRENT, 132456, CURRENT);
INSERT INTO phase_criteria (project_phase_id, phase_criteria_type_id, parameter, create_user, create_date, modify_user, modify_date) VALUES (80018131, 5, 'No', 132456, CURRENT, 132456, CURRENT);
INSERT INTO phase_criteria (project_phase_id, phase_criteria_type_id, parameter, create_user, create_date, modify_user, modify_date) VALUES (80018132, 1, '30000411', 132456, CURRENT, 132456, CURRENT);
INSERT INTO phase_criteria (project_phase_id, phase_criteria_type_id, parameter, create_user, create_date, modify_user, modify_date) VALUES (80018132, 5, 'No', 132456, CURRENT, 132456, CURRENT);
INSERT INTO phase_criteria (project_phase_id, phase_criteria_type_id, parameter, create_user, create_date, modify_user, modify_date) VALUES (80018132, 6, '3', 132456, CURRENT, 132456, CURRENT);
INSERT INTO phase_criteria (project_phase_id, phase_criteria_type_id, parameter, create_user, create_date, modify_user, modify_date) VALUES (80018133, 4, 'No', 132456, CURRENT, 132456, CURRENT);
INSERT INTO phase_criteria (project_phase_id, phase_criteria_type_id, parameter, create_user, create_date, modify_user, modify_date) VALUES (80018133, 5, 'No', 132456, CURRENT, 132456, CURRENT);
INSERT INTO phase_criteria (project_phase_id, phase_criteria_type_id, parameter, create_user, create_date, modify_user, modify_date) VALUES (80018134, 5, 'No', 132456, CURRENT, 132456, CURRENT);
INSERT INTO phase_criteria (project_phase_id, phase_criteria_type_id, parameter, create_user, create_date, modify_user, modify_date) VALUES (80018135, 5, 'No', 132456, CURRENT, 132456, CURRENT);
INSERT INTO phase_criteria (project_phase_id, phase_criteria_type_id, parameter, create_user, create_date, modify_user, modify_date) VALUES (80018136, 5, 'No', 132456, CURRENT, 132456, CURRENT);
INSERT INTO phase_criteria (project_phase_id, phase_criteria_type_id, parameter, create_user, create_date, modify_user, modify_date) VALUES (80018137, 5, 'No', 132456, CURRENT, 132456, CURRENT);
INSERT INTO phase_criteria (project_phase_id, phase_criteria_type_id, parameter, create_user, create_date, modify_user, modify_date) VALUES (80018138, 1, '30000720', 132456, CURRENT, 132456, CURRENT);
INSERT INTO phase_criteria (project_phase_id, phase_criteria_type_id, parameter, create_user, create_date, modify_user, modify_date) VALUES (80018138, 6, '1', 132456, CURRENT, 132456, CURRENT);
INSERT INTO resource (resource_id, resource_role_id, project_id, project_phase_id, create_user, create_date, modify_user, modify_date, user_id) VALUES (80018131, 13, 80018012, NULL, 132456, CURRENT, 132456, CURRENT, 132456);
INSERT INTO resource (resource_id, resource_role_id, project_id, project_phase_id, create_user, create_date, modify_user, modify_date, user_id) VALUES (80018132, 13, 80018012, NULL, 132456, CURRENT, 132456, CURRENT, 22770213);
INSERT INTO resource (resource_id, resource_role_id, project_id, project_phase_id, create_user, create_date, modify_user, modify_date, user_id) VALUES (80018133, 17, 80018012, NULL, 132456, CURRENT, 132456, CURRENT, 132458);
INSERT INTO resource (resource_id, resource_role_id, project_id, project_phase_id, create_user, create_date, modify_user, modify_date, user_id) VALUES (80018134, 18, 80018012, 80018128, 132456, CURRENT, 132456, CURRENT, 124916);
INSERT INTO resource (resource_id, resource_role_id, project_id, project_phase_id, create_user, create_date, modify_user, modify_date, user_id) VALUES (80018135, 1, 80018012, NULL, 132456, CURRENT, 132456, CURRENT, 80018004);
INSERT INTO component_inquiry (component_inquiry_id, component_id, user_id, comment, agreed_to_terms, rating, phase, tc_user_id, version, create_time, project_id) VALUES (80018031, 80018012, 80018004, null, 1, 2673, 125, 80018004, 0, CURRENT, 80018012);
INSERT INTO project_result (user_id, project_id, old_rating, new_rating, raw_score, final_score, payment, placed, rating_ind, valid_submission_ind, create_date, modify_date, passed_review_ind, point_adjustment, rating_order) VALUES (80018004, 80018012, 2673, null, null, null, null, null, 0, 0, CURRENT, CURRENT, null, null, null);
UPDATE user_rating SET rating = 2673 WHERE user_id = 80018004 AND phase_id = 125;
INSERT INTO resource (resource_id, resource_role_id, project_id, project_phase_id, create_user, create_date, modify_user, modify_date, user_id) VALUES (80018136, 1, 80018012, NULL, 132456, CURRENT, 132456, CURRENT, 80018023);
INSERT INTO component_inquiry (component_inquiry_id, component_id, user_id, comment, agreed_to_terms, rating, phase, tc_user_id, version, create_time, project_id) VALUES (80018032, 80018012, 80018023, null, 1, 0, 125, 80018023, 0, CURRENT, 80018012);
INSERT INTO project_result (user_id, project_id, old_rating, new_rating, raw_score, final_score, payment, placed, rating_ind, valid_submission_ind, create_date, modify_date, passed_review_ind, point_adjustment, rating_order) VALUES (80018023, 80018012, null, null, null, null, null, null, 0, 0, CURRENT, CURRENT, null, null, null);
UPDATE user_rating SET rating = 0 WHERE user_id = 80018023 AND phase_id = 125;
INSERT INTO resource (resource_id, resource_role_id, project_id, project_phase_id, create_user, create_date, modify_user, modify_date, user_id) VALUES (80018137, 1, 80018012, NULL, 132456, CURRENT, 132456, CURRENT, 80018017);
INSERT INTO component_inquiry (component_inquiry_id, component_id, user_id, comment, agreed_to_terms, rating, phase, tc_user_id, version, create_time, project_id) VALUES (80018033, 80018012, 80018017, null, 1, 0, 125, 80018017, 0, CURRENT, 80018012);
INSERT INTO project_result (user_id, project_id, old_rating, new_rating, raw_score, final_score, payment, placed, rating_ind, valid_submission_ind, create_date, modify_date, passed_review_ind, point_adjustment, rating_order) VALUES (80018017, 80018012, null, null, null, null, null, null, 0, 0, CURRENT, CURRENT, null, null, null);
UPDATE user_rating SET rating = 0 WHERE user_id = 80018017 AND phase_id = 125;
INSERT INTO resource (resource_id, resource_role_id, project_id, project_phase_id, create_user, create_date, modify_user, modify_date, user_id) VALUES (80018138, 2, 80018012, 80018131, 132456, CURRENT, 132456, CURRENT, 124836);
INSERT INTO resource (resource_id, resource_role_id, project_id, project_phase_id, create_user, create_date, modify_user, modify_date, user_id) VALUES (80018139, 4, 80018012, 80018132, 132456, CURRENT, 132456, CURRENT, 124836);
INSERT INTO resource (resource_id, resource_role_id, project_id, project_phase_id, create_user, create_date, modify_user, modify_date, user_id) VALUES (80018140, 8, 80018012, 80018135, 132456, CURRENT, 132456, CURRENT, 124836);
INSERT INTO resource (resource_id, resource_role_id, project_id, project_phase_id, create_user, create_date, modify_user, modify_date, user_id) VALUES (80018141, 9, 80018012, 80018137, 132456, CURRENT, 132456, CURRENT, 124836);
INSERT INTO resource (resource_id, resource_role_id, project_id, project_phase_id, create_user, create_date, modify_user, modify_date, user_id) VALUES (80018142, 14, 80018012, NULL, 132456, CURRENT, 132456, CURRENT, 132456);
INSERT INTO resource (resource_id, resource_role_id, project_id, project_phase_id, create_user, create_date, modify_user, modify_date, user_id) VALUES (80018143, 10, 80018012, NULL, 132456, CURRENT, 132456, CURRENT, 132458);
INSERT INTO resource_info (resource_id, resource_info_type_id, value, create_user, create_date, modify_user, modify_date) VALUES (80018131, 1, '132456', 132456, CURRENT, 132456, CURRENT);
INSERT INTO resource_info (resource_id, resource_info_type_id, value, create_user, create_date, modify_user, modify_date) VALUES (80018131, 2, 'heffan', 132456, CURRENT, 132456, CURRENT);
INSERT INTO resource_info (resource_id, resource_info_type_id, value, create_user, create_date, modify_user, modify_date) VALUES (80018131, 8, 'N/A', 132456, CURRENT, 132456, CURRENT);
INSERT INTO resource_info (resource_id, resource_info_type_id, value, create_user, create_date, modify_user, modify_date) VALUES (80018131, 6, '05.12.2016 03:16 AM', 132456, CURRENT, 132456, CURRENT);
INSERT INTO resource_info (resource_id, resource_info_type_id, value, create_user, create_date, modify_user, modify_date) VALUES (80018132, 1, '22770213', 132456, CURRENT, 132456, CURRENT);
INSERT INTO resource_info (resource_id, resource_info_type_id, value, create_user, create_date, modify_user, modify_date) VALUES (80018132, 2, 'Applications', 132456, CURRENT, 132456, CURRENT);
INSERT INTO resource_info (resource_id, resource_info_type_id, value, create_user, create_date, modify_user, modify_date) VALUES (80018132, 8, 'N/A', 132456, CURRENT, 132456, CURRENT);
INSERT INTO resource_info (resource_id, resource_info_type_id, value, create_user, create_date, modify_user, modify_date) VALUES (80018132, 6, '05.12.2016 03:17 AM', 132456, CURRENT, 132456, CURRENT);
INSERT INTO resource_info (resource_id, resource_info_type_id, value, create_user, create_date, modify_user, modify_date) VALUES (80018133, 1, '132458', 132456, CURRENT, 132456, CURRENT);
INSERT INTO resource_info (resource_id, resource_info_type_id, value, create_user, create_date, modify_user, modify_date) VALUES (80018133, 2, 'user', 132456, CURRENT, 132456, CURRENT);
INSERT INTO resource_info (resource_id, resource_info_type_id, value, create_user, create_date, modify_user, modify_date) VALUES (80018133, 8, 'N/A', 132456, CURRENT, 132456, CURRENT);
INSERT INTO resource_info (resource_id, resource_info_type_id, value, create_user, create_date, modify_user, modify_date) VALUES (80018133, 6, '05.12.2016 03:18 AM', 132456, CURRENT, 132456, CURRENT);
INSERT INTO resource_info (resource_id, resource_info_type_id, value, create_user, create_date, modify_user, modify_date) VALUES (80018134, 1, '124916', 132456, CURRENT, 132456, CURRENT);
INSERT INTO resource_info (resource_id, resource_info_type_id, value, create_user, create_date, modify_user, modify_date) VALUES (80018134, 2, 'Yoshi', 132456, CURRENT, 132456, CURRENT);
INSERT INTO resource_info (resource_id, resource_info_type_id, value, create_user, create_date, modify_user, modify_date) VALUES (80018134, 8, 'N/A', 132456, CURRENT, 132456, CURRENT);
INSERT INTO resource_info (resource_id, resource_info_type_id, value, create_user, create_date, modify_user, modify_date) VALUES (80018134, 6, '05.07.2016 01:19 PM', 132456, CURRENT, 132456, CURRENT);
INSERT INTO resource_info (resource_id, resource_info_type_id, value, create_user, create_date, modify_user, modify_date) VALUES (80018135, 1, '80018004', 132456, CURRENT, 132456, CURRENT);
INSERT INTO resource_info (resource_id, resource_info_type_id, value, create_user, create_date, modify_user, modify_date) VALUES (80018135, 2, 'ThinMan80018004', 132456, CURRENT, 132456, CURRENT);
INSERT INTO resource_info (resource_id, resource_info_type_id, value, create_user, create_date, modify_user, modify_date) VALUES (80018135, 3, 'test@test.com', 132456, CURRENT, 132456, CURRENT);
INSERT INTO resource_info (resource_id, resource_info_type_id, value, create_user, create_date, modify_user, modify_date) VALUES (80018135, 4, '2673', 132456, CURRENT, 132456, CURRENT);
INSERT INTO resource_info (resource_id, resource_info_type_id, value, create_user, create_date, modify_user, modify_date) VALUES (80018135, 5, '17', 132456, CURRENT, 132456, CURRENT);
INSERT INTO resource_info (resource_id, resource_info_type_id, value, create_user, create_date, modify_user, modify_date) VALUES (80018135, 8, 'N/A', 132456, CURRENT, 132456, CURRENT);
INSERT INTO resource_info (resource_id, resource_info_type_id, value, create_user, create_date, modify_user, modify_date) VALUES (80018135, 6, '05.12.2016 03:20 AM', 132456, CURRENT, 132456, CURRENT);
INSERT INTO resource_info (resource_id, resource_info_type_id, value, create_user, create_date, modify_user, modify_date) VALUES (80018135, 13, 'No', 132456, CURRENT, 132456, CURRENT);
INSERT INTO resource_info (resource_id, resource_info_type_id, value, create_user, create_date, modify_user, modify_date) VALUES (80018136, 1, '80018023', 132456, CURRENT, 132456, CURRENT);
INSERT INTO resource_info (resource_id, resource_info_type_id, value, create_user, create_date, modify_user, modify_date) VALUES (80018136, 2, 'mess80018023', 132456, CURRENT, 132456, CURRENT);
INSERT INTO resource_info (resource_id, resource_info_type_id, value, create_user, create_date, modify_user, modify_date) VALUES (80018136, 3, 'test@test.com', 132456, CURRENT, 132456, CURRENT);
INSERT INTO resource_info (resource_id, resource_info_type_id, value, create_user, create_date, modify_user, modify_date) VALUES (80018136, 8, 'N/A', 132456, CURRENT, 132456, CURRENT);
INSERT INTO resource_info (resource_id, resource_info_type_id, value, create_user, create_date, modify_user, modify_date) VALUES (80018136, 6, '05.12.2016 03:21 AM', 132456, CURRENT, 132456, CURRENT);
INSERT INTO resource_info (resource_id, resource_info_type_id, value, create_user, create_date, modify_user, modify_date) VALUES (80018136, 13, 'No', 132456, CURRENT, 132456, CURRENT);
INSERT INTO resource_info (resource_id, resource_info_type_id, value, create_user, create_date, modify_user, modify_date) VALUES (80018137, 1, '80018017', 132456, CURRENT, 132456, CURRENT);
INSERT INTO resource_info (resource_id, resource_info_type_id, value, create_user, create_date, modify_user, modify_date) VALUES (80018137, 2, 'WishingBone80018017', 132456, CURRENT, 132456, CURRENT);
INSERT INTO resource_info (resource_id, resource_info_type_id, value, create_user, create_date, modify_user, modify_date) VALUES (80018137, 3, 'test@test.com', 132456, CURRENT, 132456, CURRENT);
INSERT INTO resource_info (resource_id, resource_info_type_id, value, create_user, create_date, modify_user, modify_date) VALUES (80018137, 8, 'N/A', 132456, CURRENT, 132456, CURRENT);
INSERT INTO resource_info (resource_id, resource_info_type_id, value, create_user, create_date, modify_user, modify_date) VALUES (80018137, 6, '05.12.2016 03:22 AM', 132456, CURRENT, 132456, CURRENT);
INSERT INTO resource_info (resource_id, resource_info_type_id, value, create_user, create_date, modify_user, modify_date) VALUES (80018137, 13, 'No', 132456, CURRENT, 132456, CURRENT);
INSERT INTO resource_info (resource_id, resource_info_type_id, value, create_user, create_date, modify_user, modify_date) VALUES (80018138, 1, '124836', 132456, CURRENT, 132456, CURRENT);
INSERT INTO resource_info (resource_id, resource_info_type_id, value, create_user, create_date, modify_user, modify_date) VALUES (80018138, 2, 'annej9ny', 132456, CURRENT, 132456, CURRENT);
INSERT INTO resource_info (resource_id, resource_info_type_id, value, create_user, create_date, modify_user, modify_date) VALUES (80018138, 8, 'N/A', 132456, CURRENT, 132456, CURRENT);
INSERT INTO resource_info (resource_id, resource_info_type_id, value, create_user, create_date, modify_user, modify_date) VALUES (80018138, 6, '05.12.2016 03:23 PM', 132456, CURRENT, 132456, CURRENT);
INSERT INTO resource_info (resource_id, resource_info_type_id, value, create_user, create_date, modify_user, modify_date) VALUES (80018139, 1, '124836', 132456, CURRENT, 132456, CURRENT);
INSERT INTO resource_info (resource_id, resource_info_type_id, value, create_user, create_date, modify_user, modify_date) VALUES (80018139, 2, 'annej9ny', 132456, CURRENT, 132456, CURRENT);
INSERT INTO resource_info (resource_id, resource_info_type_id, value, create_user, create_date, modify_user, modify_date) VALUES (80018139, 8, 'N/A', 132456, CURRENT, 132456, CURRENT);
INSERT INTO resource_info (resource_id, resource_info_type_id, value, create_user, create_date, modify_user, modify_date) VALUES (80018139, 6, '05.13.2016 03:24 AM', 132456, CURRENT, 132456, CURRENT);
INSERT INTO resource_info (resource_id, resource_info_type_id, value, create_user, create_date, modify_user, modify_date) VALUES (80018140, 1, '124836', 132456, CURRENT, 132456, CURRENT);
INSERT INTO resource_info (resource_id, resource_info_type_id, value, create_user, create_date, modify_user, modify_date) VALUES (80018140, 2, 'annej9ny', 132456, CURRENT, 132456, CURRENT);
INSERT INTO resource_info (resource_id, resource_info_type_id, value, create_user, create_date, modify_user, modify_date) VALUES (80018140, 8, 'N/A', 132456, CURRENT, 132456, CURRENT);
INSERT INTO resource_info (resource_id, resource_info_type_id, value, create_user, create_date, modify_user, modify_date) VALUES (80018140, 6, '05.16.2016 03:25 PM', 132456, CURRENT, 132456, CURRENT);
INSERT INTO resource_info (resource_id, resource_info_type_id, value, create_user, create_date, modify_user, modify_date) VALUES (80018141, 1, '124836', 132456, CURRENT, 132456, CURRENT);
INSERT INTO resource_info (resource_id, resource_info_type_id, value, create_user, create_date, modify_user, modify_date) VALUES (80018141, 2, 'annej9ny', 132456, CURRENT, 132456, CURRENT);
INSERT INTO resource_info (resource_id, resource_info_type_id, value, create_user, create_date, modify_user, modify_date) VALUES (80018141, 8, 'N/A', 132456, CURRENT, 132456, CURRENT);
INSERT INTO resource_info (resource_id, resource_info_type_id, value, create_user, create_date, modify_user, modify_date) VALUES (80018141, 6, '05.18.2016 03:26 AM', 132456, CURRENT, 132456, CURRENT);
INSERT INTO resource_info (resource_id, resource_info_type_id, value, create_user, create_date, modify_user, modify_date) VALUES (80018142, 1, '132456', 132456, CURRENT, 132456, CURRENT);
INSERT INTO resource_info (resource_id, resource_info_type_id, value, create_user, create_date, modify_user, modify_date) VALUES (80018142, 2, 'heffan', 132456, CURRENT, 132456, CURRENT);
INSERT INTO resource_info (resource_id, resource_info_type_id, value, create_user, create_date, modify_user, modify_date) VALUES (80018142, 8, 'N/A', 132456, CURRENT, 132456, CURRENT);
INSERT INTO resource_info (resource_id, resource_info_type_id, value, create_user, create_date, modify_user, modify_date) VALUES (80018142, 6, '05.12.2016 03:27 AM', 132456, CURRENT, 132456, CURRENT);
INSERT INTO resource_info (resource_id, resource_info_type_id, value, create_user, create_date, modify_user, modify_date) VALUES (80018143, 1, '132458', 132456, CURRENT, 132456, CURRENT);
INSERT INTO resource_info (resource_id, resource_info_type_id, value, create_user, create_date, modify_user, modify_date) VALUES (80018143, 2, 'user', 132456, CURRENT, 132456, CURRENT);
INSERT INTO resource_info (resource_id, resource_info_type_id, value, create_user, create_date, modify_user, modify_date) VALUES (80018143, 8, 'N/A', 132456, CURRENT, 132456, CURRENT);
INSERT INTO resource_info (resource_id, resource_info_type_id, value, create_user, create_date, modify_user, modify_date) VALUES (80018143, 6, '05.12.2016 03:28 AM', 132456, CURRENT, 132456, CURRENT);
INSERT INTO upload (upload_id, project_id, resource_id, upload_type_id, upload_status_id, parameter, create_user, create_date, modify_user, modify_date, project_phase_id) VALUES (80018030, 80018012, 80018133, 1, 1, '80018012_80018133_80018030.zip', 132458, '2016-05-12 03:18:09', 132458, CURRENT, 80018127);
INSERT INTO submission (submission_id, upload_id, submission_status_id, screening_score, initial_score, final_score, placement, submission_type_id, create_user, create_date, modify_user, modify_date, prize_id) VALUES (80018025, 80018030, 1, null, null, null, null, 2, 132458, '2016-05-12 11:21:06', 132458, '2016-05-12 11:21:06', null);
INSERT INTO resource_submission (resource_id, submission_id, create_user, create_date, modify_user, modify_date) VALUES (80018133, 80018025, 132458, CURRENT, 132458, CURRENT);
INSERT INTO review (review_id, resource_id, submission_id, scorecard_id, committed, initial_score, score, create_user, create_date, modify_user, modify_date, project_phase_id) VALUES (80018041, 80018134, 80018025, 30000722, 1, 100.0, 100.0, 124916, CURRENT, 124916, CURRENT, 80018128);
INSERT INTO review_comment (review_comment_id, resource_id, review_id, comment_type_id, content, extra_info, sort, create_user, create_date, modify_user, modify_date) VALUES (80018013, 80018134, 80018041, 14, '', 'Approved', 0, 124916, CURRENT, 124916, CURRENT);
INSERT INTO review_item (review_item_id, review_id, scorecard_question_id, upload_id, answer, sort, create_user, create_date, modify_user, modify_date) VALUES (80018041, 80018041, 30001008, null, '4/4', 0, 124916, CURRENT, 124916, CURRENT);
INSERT INTO review_item_comment (review_item_comment_id, resource_id, review_item_id, comment_type_id, content, extra_info, sort, create_user, create_date, modify_user, modify_date) VALUES (80018060, 80018134, 80018041, 1, 'okey', NULL, 0, 124916, CURRENT, 124916, CURRENT);
INSERT INTO notification (project_id, external_ref_id, notification_type_id, create_user, create_date, modify_user, modify_date) VALUES (80018012, 80018004, 1, 132456, CURRENT, 132456, CURRENT);
INSERT INTO notification (project_id, external_ref_id, notification_type_id, create_user, create_date, modify_user, modify_date) VALUES (80018012, 80018023, 1, 132456, CURRENT, 132456, CURRENT);
INSERT INTO notification (project_id, external_ref_id, notification_type_id, create_user, create_date, modify_user, modify_date) VALUES (80018012, 124916, 1, 132456, CURRENT, 132456, CURRENT);
INSERT INTO notification (project_id, external_ref_id, notification_type_id, create_user, create_date, modify_user, modify_date) VALUES (80018012, 80018017, 1, 132456, CURRENT, 132456, CURRENT);
INSERT INTO notification (project_id, external_ref_id, notification_type_id, create_user, create_date, modify_user, modify_date) VALUES (80018012, 124836, 1, 132456, CURRENT, 132456, CURRENT);
INSERT INTO notification (project_id, external_ref_id, notification_type_id, create_user, create_date, modify_user, modify_date) VALUES (80018012, 132458, 1, 132456, CURRENT, 132456, CURRENT);
INSERT INTO notification (project_id, external_ref_id, notification_type_id, create_user, create_date, modify_user, modify_date) VALUES (80018012, 132456, 1, 132456, CURRENT, 132456, CURRENT);
INSERT INTO notification (project_id, external_ref_id, notification_type_id, create_user, create_date, modify_user, modify_date) VALUES (80018012, 22770213, 1, 132456, CURRENT, 132456, CURRENT);
INSERT INTO contest_sale (contest_sale_id, contest_id, sale_status_id, price, paypal_order_id, create_date, sale_reference_id, sale_type_id) VALUES (80018012, 80018012, 1, 8964.0, 'PO BOX 80018001', CURRENT, 'PO BOX 80018001', 2);
INSERT INTO project_payment (project_payment_id, project_payment_type_id, resource_id, submission_id, amount, pacts_payment_id, create_user,create_date, modify_user, modify_date) VALUES (80018042, 3, 80018134, null, 50.0, null, 132456, CURRENT, 132456, CURRENT);
INSERT INTO project_payment (project_payment_id, project_payment_type_id, resource_id, submission_id, amount, pacts_payment_id, create_user,create_date, modify_user, modify_date) VALUES (80018043, 4, 80018142, null, 350.0, null, 132456, CURRENT, 132456, CURRENT);
INSERT INTO contest_milestone_xref (contest_id, project_milestone_id, create_user, create_date, modify_user, modify_date) VALUES (80018012, 800180011, 132456, CURRENT, 132456, CURRENT);
INSERT INTO review_auction (review_auction_id, project_id, review_auction_type_id) VALUES (80028012, 80018012, 3);
INSERT INTO review_auction (review_auction_id, project_id, review_auction_type_id) VALUES (80018012, 80018012, 1);
INSERT INTO comp_catalog (component_id, current_version, short_desc, component_name, description, function_desc, create_time, status_id, root_category_id, modify_date, public_ind)  VALUES (80018013, 1, 'Short description for UI Prototypes Contest 13', 'UI Prototypes Contest 13', 'Description for UI Prototypes Contest 13', 'Functional description for UI Prototypes Contest 13', CURRENT, 1, 26805357, CURRENT, 1);
INSERT INTO comp_categories (comp_categories_id, component_id, category_id)  VALUES (80018013, 80018013, 26805357);
INSERT INTO comp_versions (comp_vers_id, component_id, version, version_text, create_time, phase_id, phase_time, price, comments, modify_date, suspended_ind) VALUES (80018013, 80018013, 1, '1.0', CURRENT, 112, CURRENT, 800.0, 'Comments for version #1', CURRENT, 0);
INSERT INTO comp_version_dates (comp_version_dates_id, comp_vers_id, phase_id, posting_date, initial_submission_date, winner_announced_date, final_submission_date, estimated_dev_date, price, total_submissions, status_id, create_time, level_id, screening_complete_date, review_complete_date, aggregation_complete_date, phase_complete_date, production_date, aggregation_complete_date_comment, phase_complete_date_comment, review_complete_date_comment, winner_announced_date_comment, initial_submission_date_comment, screening_complete_date_comment, final_submission_date_comment, production_date_comment, modify_date) VALUES (80018013, 80018013, 112, '1976-06-05', '2000-02-01', '2000-02-01', '2000-02-01', '2000-02-01', 0.00, 0, 301, CURRENT, 100, '2000-02-01', '2000-02-01', '2000-02-01', '2000-02-01', null, null, null, null, null, null, null, null, null, CURRENT);
INSERT INTO comp_technology (comp_tech_id, comp_vers_id, technology_type_id) VALUES (800180130, 80018013, 26740931);
INSERT INTO comp_technology (comp_tech_id, comp_vers_id, technology_type_id) VALUES (800180131, 80018013, 26740930);
INSERT INTO comp_technology (comp_tech_id, comp_vers_id, technology_type_id) VALUES (800180132, 80018013, 27052210);
INSERT INTO comp_technology (comp_tech_id, comp_vers_id, technology_type_id) VALUES (800180133, 80018013, 24665371);
INSERT INTO comp_technology (comp_tech_id, comp_vers_id, technology_type_id) VALUES (800180134, 80018013, 27114506);
INSERT INTO project (project_id, project_status_id, project_category_id, create_user, create_date, modify_user, modify_date, tc_direct_project_id, project_studio_spec_id) VALUES (80018013, 1, 19, 132456, CURRENT, 132456, CURRENT, 80018001, NULL);
INSERT INTO project_info (project_id, project_info_type_id, value, create_user, create_date, modify_user, modify_date) VALUES (80018013, 1, '80018013', 132456, CURRENT, 132456, CURRENT);
INSERT INTO project_info (project_id, project_info_type_id, value, create_user, create_date, modify_user, modify_date) VALUES (80018013, 2, '80018013', 132456, CURRENT, 132456, CURRENT);
INSERT INTO project_info (project_id, project_info_type_id, value, create_user, create_date, modify_user, modify_date) VALUES (80018013, 3, '80018013', 132456, CURRENT, 132456, CURRENT);
INSERT INTO project_info (project_id, project_info_type_id, value, create_user, create_date, modify_user, modify_date) VALUES (80018013, 4, '80018014', 132456, CURRENT, 132456, CURRENT);
INSERT INTO comp_jive_category_xref (comp_vers_id, jive_category_id) VALUES (80018013, 0);
INSERT INTO project_info (project_id, project_info_type_id, value, create_user, create_date, modify_user, modify_date) VALUES (80018013, 5, '26805357', 132456, CURRENT, 132456, CURRENT);
INSERT INTO project_info (project_id, project_info_type_id, value, create_user, create_date, modify_user, modify_date) VALUES (80018013, 6, 'UI Prototypes Contest 13', 132456, CURRENT, 132456, CURRENT);
INSERT INTO project_info (project_id, project_info_type_id, value, create_user, create_date, modify_user, modify_date) VALUES (80018013, 7, '1.0', 132456, CURRENT, 132456, CURRENT);
INSERT INTO project_info (project_id, project_info_type_id, value, create_user, create_date, modify_user, modify_date) VALUES (80018013, 8, '', 132456, CURRENT, 132456, CURRENT);
INSERT INTO project_info (project_id, project_info_type_id, value, create_user, create_date, modify_user, modify_date) VALUES (80018013, 11, 'On', 132456, CURRENT, 132456, CURRENT);
INSERT INTO project_info (project_id, project_info_type_id, value, create_user, create_date, modify_user, modify_date) VALUES (80018013, 9, 'On', 132456, CURRENT, 132456, CURRENT);
INSERT INTO project_info (project_id, project_info_type_id, value, create_user, create_date, modify_user, modify_date) VALUES (80018013, 10, 'On', 132456, CURRENT, 132456, CURRENT);
INSERT INTO project_info (project_id, project_info_type_id, value, create_user, create_date, modify_user, modify_date) VALUES (80018013, 12, 'Yes', 132456, CURRENT, 132456, CURRENT);
INSERT INTO project_info (project_id, project_info_type_id, value, create_user, create_date, modify_user, modify_date) VALUES (80018013, 13, 'Yes', 132456, CURRENT, 132456, CURRENT);
INSERT INTO project_info (project_id, project_info_type_id, value, create_user, create_date, modify_user, modify_date) VALUES (80018013, 14, 'Open', 132456, CURRENT, 132456, CURRENT);
INSERT INTO project_info (project_id, project_info_type_id, value, create_user, create_date, modify_user, modify_date) VALUES (80018013, 16, '800.0', 132456, CURRENT, 132456, CURRENT);
INSERT INTO project_info (project_id, project_info_type_id, value, create_user, create_date, modify_user, modify_date) VALUES (80018013, 17, '', 132456, CURRENT, 132456, CURRENT);
INSERT INTO project_info (project_id, project_info_type_id, value, create_user, create_date, modify_user, modify_date) VALUES (80018013, 26, 'On', 132456, CURRENT, 132456, CURRENT);
INSERT INTO project_info (project_id, project_info_type_id, value, create_user, create_date, modify_user, modify_date) VALUES (80018013, 30, '360.0', 132456, CURRENT, 132456, CURRENT);
INSERT INTO project_info (project_id, project_info_type_id, value, create_user, create_date, modify_user, modify_date) VALUES (80018013, 31, '6001.0', 132456, CURRENT, 132456, CURRENT);
INSERT INTO project_info (project_id, project_info_type_id, value, create_user, create_date, modify_user, modify_date) VALUES (80018013, 33, '605.0', 132456, CURRENT, 132456, CURRENT);
INSERT INTO project_info (project_id, project_info_type_id, value, create_user, create_date, modify_user, modify_date) VALUES (80018013, 35, '30.0', 132456, CURRENT, 132456, CURRENT);
INSERT INTO project_info (project_id, project_info_type_id, value, create_user, create_date, modify_user, modify_date) VALUES (80018013, 36, '800.0', 132456, CURRENT, 132456, CURRENT);
INSERT INTO project_info (project_id, project_info_type_id, value, create_user, create_date, modify_user, modify_date) VALUES (80018013, 37, '400.0', 132456, CURRENT, 132456, CURRENT);
INSERT INTO project_info (project_id, project_info_type_id, value, create_user, create_date, modify_user, modify_date) VALUES (80018013, 45, 'true', 132456, CURRENT, 132456, CURRENT);
INSERT INTO project_info (project_id, project_info_type_id, value, create_user, create_date, modify_user, modify_date) VALUES (80018013, 47, 'true', 132456, CURRENT, 132456, CURRENT);
INSERT INTO project_info (project_id, project_info_type_id, value, create_user, create_date, modify_user, modify_date) VALUES (80018013, 38, '240.0', 132456, CURRENT, 132456, CURRENT);
INSERT INTO project_info (project_id, project_info_type_id, value, create_user, create_date, modify_user, modify_date) VALUES (80018013, 39, '0.0', 132456, CURRENT, 132456, CURRENT);
INSERT INTO project_info (project_id, project_info_type_id, value, create_user, create_date, modify_user, modify_date) VALUES (80018013, 40, 'A', 132456, CURRENT, 132456, CURRENT);
INSERT INTO project_info (project_id, project_info_type_id, value, create_user, create_date, modify_user, modify_date) VALUES (80018013, 32, '80018001', 132456, CURRENT, 132456, CURRENT);
INSERT INTO project_info (project_id, project_info_type_id, value, create_user, create_date, modify_user, modify_date) VALUES (80018013, 41, 'true', 132456, CURRENT, 132456, CURRENT);
INSERT INTO project_info (project_id, project_info_type_id, value, create_user, create_date, modify_user, modify_date) VALUES (80018013, 43, 'true', 132456, CURRENT, 132456, CURRENT);
INSERT INTO project_info (project_id, project_info_type_id, value, create_user, create_date, modify_user, modify_date) VALUES (80018013, 44, 'false', 132456, CURRENT, 132456, CURRENT);
INSERT INTO project_info (project_id, project_info_type_id, value, create_user, create_date, modify_user, modify_date) VALUES (80018013, 46, 'true', 132456, CURRENT, 132456, CURRENT);
INSERT INTO project_info (project_id, project_info_type_id, value, create_user, create_date, modify_user, modify_date) VALUES (80018013, 48, 'true', 132456, CURRENT, 132456, CURRENT);
INSERT INTO project_info (project_id, project_info_type_id, value, create_user, create_date, modify_user, modify_date) VALUES (80018013, 49, '500', 132456, CURRENT, 132456, CURRENT);
INSERT INTO project_info (project_id, project_info_type_id, value, create_user, create_date, modify_user, modify_date) VALUES (80018013, 59, 'true', 132456, CURRENT, 132456, CURRENT);
INSERT INTO prize (prize_id, place, prize_amount, prize_type_id, number_of_submissions,                    create_user, create_date, modify_user, modify_date, project_id) VALUES (80018028, 1, 800.0, 15, 1, 132456, CURRENT, 132456, CURRENT, 80018013);
INSERT INTO prize (prize_id, place, prize_amount, prize_type_id, number_of_submissions,                    create_user, create_date, modify_user, modify_date, project_id) VALUES (80018029, 2, 400.0, 15, 1, 132456, CURRENT, 132456, CURRENT, 80018013);
INSERT INTO prize (prize_id, place, prize_amount, prize_type_id, number_of_submissions,                    create_user, create_date, modify_user, modify_date, project_id) VALUES (80018030, 1, 76.0, 14, 3, 132456, CURRENT, 132456, CURRENT, 80018013);
INSERT INTO project_spec (project_spec_id, project_id, version, detailed_requirements, submission_deliverables, environment_setup_instruction, final_submission_guidelines, private_description, create_user, create_date, modify_user, modify_date) VALUES (80018013, 80018013, 1, 'Detailed requirements for UI Prototypes Contest 13', '', '', 'Final submission guidelines for UI Prototypes Contest 13', '', 132456, CURRENT, 132456, CURRENT);
INSERT INTO project_phase (project_phase_id, project_id, phase_type_id, phase_status_id, fixed_start_time, scheduled_start_time, scheduled_end_time, actual_start_time, actual_end_time, duration, create_user, create_date, modify_user, modify_date) VALUES (80018139, 80018013, 13, 3, CURRENT + -15240 UNITS MINUTE, CURRENT + -15240 UNITS MINUTE, CURRENT + -12360 UNITS MINUTE, CURRENT + -15240 UNITS MINUTE, CURRENT + -12360 UNITS MINUTE, 172800000, 132456, CURRENT, 132456, CURRENT);
INSERT INTO project_phase (project_phase_id, project_id, phase_type_id, phase_status_id, fixed_start_time, scheduled_start_time, scheduled_end_time, actual_start_time, actual_end_time, duration, create_user, create_date, modify_user, modify_date) VALUES (80018140, 80018013, 14, 3, null, CURRENT + -12360 UNITS MINUTE, CURRENT + -12240 UNITS MINUTE, CURRENT + -12360 UNITS MINUTE, CURRENT + -12240 UNITS MINUTE, 7200000, 132456, CURRENT, 132456, CURRENT);
INSERT INTO project_phase (project_phase_id, project_id, phase_type_id, phase_status_id, fixed_start_time, scheduled_start_time, scheduled_end_time, actual_start_time, actual_end_time, duration, create_user, create_date, modify_user, modify_date) VALUES (80018141, 80018013, 1, 3, CURRENT + -12240 UNITS MINUTE, CURRENT + -12240 UNITS MINUTE, CURRENT + -9360 UNITS MINUTE, CURRENT + -12240 UNITS MINUTE, CURRENT + -9360 UNITS MINUTE, 172800000, 132456, CURRENT, 132456, CURRENT);
INSERT INTO project_phase (project_phase_id, project_id, phase_type_id, phase_status_id, fixed_start_time, scheduled_start_time, scheduled_end_time, actual_start_time, actual_end_time, duration, create_user, create_date, modify_user, modify_date) VALUES (80018142, 80018013, 15, 3, null, CURRENT + -12240 UNITS MINUTE, CURRENT + -7920 UNITS MINUTE, CURRENT + -12240 UNITS MINUTE, CURRENT + -7920 UNITS MINUTE, 259200000, 132456, CURRENT, 132456, CURRENT);
INSERT INTO project_phase (project_phase_id, project_id, phase_type_id, phase_status_id, fixed_start_time, scheduled_start_time, scheduled_end_time, actual_start_time, actual_end_time, duration, create_user, create_date, modify_user, modify_date) VALUES (80018143, 80018013, 16, 3, null, CURRENT + -7920 UNITS MINUTE, CURRENT + -3600 UNITS MINUTE, CURRENT + -7920 UNITS MINUTE, CURRENT + -3600 UNITS MINUTE, 259200000, 132456, CURRENT, 132456, CURRENT);
INSERT INTO project_phase (project_phase_id, project_id, phase_type_id, phase_status_id, fixed_start_time, scheduled_start_time, scheduled_end_time, actual_start_time, actual_end_time, duration, create_user, create_date, modify_user, modify_date) VALUES (80018144, 80018013, 17, 3, null, CURRENT + -3600 UNITS MINUTE, CURRENT + -2160 UNITS MINUTE, CURRENT + -3600 UNITS MINUTE, CURRENT + -2160 UNITS MINUTE, 86400000, 132456, CURRENT, 132456, CURRENT);
INSERT INTO project_phase (project_phase_id, project_id, phase_type_id, phase_status_id, fixed_start_time, scheduled_start_time, scheduled_end_time, actual_start_time, actual_end_time, duration, create_user, create_date, modify_user, modify_date) VALUES (80018145, 80018013, 2, 3, null, CURRENT + -12240 UNITS MINUTE, CURRENT + -5040 UNITS MINUTE, CURRENT + -12240 UNITS MINUTE, CURRENT + -5040 UNITS MINUTE, 432000000, 132456, CURRENT, 132456, CURRENT);
INSERT INTO project_phase (project_phase_id, project_id, phase_type_id, phase_status_id, fixed_start_time, scheduled_start_time, scheduled_end_time, actual_start_time, actual_end_time, duration, create_user, create_date, modify_user, modify_date) VALUES (80018146, 80018013, 3, 3, null, CURRENT + -5040 UNITS MINUTE, CURRENT + -4320 UNITS MINUTE, CURRENT + -5040 UNITS MINUTE, CURRENT + -4320 UNITS MINUTE, 43200000, 132456, CURRENT, 132456, CURRENT);
INSERT INTO project_phase (project_phase_id, project_id, phase_type_id, phase_status_id, fixed_start_time, scheduled_start_time, scheduled_end_time, actual_start_time, actual_end_time, duration, create_user, create_date, modify_user, modify_date) VALUES (80018147, 80018013, 4, 2, null, CURRENT + -4320 UNITS MINUTE, CURRENT + -1440 UNITS MINUTE, CURRENT + -4320 UNITS MINUTE, null, 172800000, 132456, CURRENT, 132456, CURRENT);
INSERT INTO project_phase (project_phase_id, project_id, phase_type_id, phase_status_id, fixed_start_time, scheduled_start_time, scheduled_end_time, actual_start_time, actual_end_time, duration, create_user, create_date, modify_user, modify_date) VALUES (80018148, 80018013, 5, 1, null, CURRENT + -1440 UNITS MINUTE, CURRENT + 0 UNITS MINUTE, null, null, 86400000, 132456, CURRENT, 132456, CURRENT);
INSERT INTO project_phase (project_phase_id, project_id, phase_type_id, phase_status_id, fixed_start_time, scheduled_start_time, scheduled_end_time, actual_start_time, actual_end_time, duration, create_user, create_date, modify_user, modify_date) VALUES (80018149, 80018013, 6, 1, null, CURRENT + 0 UNITS MINUTE, CURRENT + 720 UNITS MINUTE, null, null, 43200000, 132456, CURRENT, 132456, CURRENT);
INSERT INTO project_phase (project_phase_id, project_id, phase_type_id, phase_status_id, fixed_start_time, scheduled_start_time, scheduled_end_time, actual_start_time, actual_end_time, duration, create_user, create_date, modify_user, modify_date) VALUES (80018150, 80018013, 7, 1, null, CURRENT + 720 UNITS MINUTE, CURRENT + 1440 UNITS MINUTE, null, null, 43200000, 132456, CURRENT, 132456, CURRENT);
INSERT INTO project_phase (project_phase_id, project_id, phase_type_id, phase_status_id, fixed_start_time, scheduled_start_time, scheduled_end_time, actual_start_time, actual_end_time, duration, create_user, create_date, modify_user, modify_date) VALUES (80018151, 80018013, 9, 1, null, CURRENT + 1440 UNITS MINUTE, CURRENT + 2880 UNITS MINUTE, null, null, 86400000, 132456, CURRENT, 132456, CURRENT);
INSERT INTO project_phase (project_phase_id, project_id, phase_type_id, phase_status_id, fixed_start_time, scheduled_start_time, scheduled_end_time, actual_start_time, actual_end_time, duration, create_user, create_date, modify_user, modify_date) VALUES (80018152, 80018013, 10, 1, null, CURRENT + 2880 UNITS MINUTE, CURRENT + 3600 UNITS MINUTE, null, null, 43200000, 132456, CURRENT, 132456, CURRENT);
INSERT INTO project_phase (project_phase_id, project_id, phase_type_id, phase_status_id, fixed_start_time, scheduled_start_time, scheduled_end_time, actual_start_time, actual_end_time, duration, create_user, create_date, modify_user, modify_date) VALUES (80018153, 80018013, 11, 1, null, CURRENT + 3600 UNITS MINUTE, CURRENT + 10800 UNITS MINUTE, null, null, 432000000, 132456, CURRENT, 132456, CURRENT);
INSERT INTO phase_dependency (dependency_phase_id, dependent_phase_id, dependency_start, dependent_start, lag_time, create_user, create_date, modify_user, modify_date) VALUES (80018139, 80018140, 0, 1, 0, 132456, CURRENT, 132456, CURRENT);
INSERT INTO phase_dependency (dependency_phase_id, dependent_phase_id, dependency_start, dependent_start, lag_time, create_user, create_date, modify_user, modify_date) VALUES (80018140, 80018141, 0, 1, 0, 132456, CURRENT, 132456, CURRENT);
INSERT INTO phase_dependency (dependency_phase_id, dependent_phase_id, dependency_start, dependent_start, lag_time, create_user, create_date, modify_user, modify_date) VALUES (80018141, 80018142, 1, 1, 0, 132456, CURRENT, 132456, CURRENT);
INSERT INTO phase_dependency (dependency_phase_id, dependent_phase_id, dependency_start, dependent_start, lag_time, create_user, create_date, modify_user, modify_date) VALUES (80018142, 80018143, 0, 1, 0, 132456, CURRENT, 132456, CURRENT);
INSERT INTO phase_dependency (dependency_phase_id, dependent_phase_id, dependency_start, dependent_start, lag_time, create_user, create_date, modify_user, modify_date) VALUES (80018143, 80018144, 0, 1, 0, 132456, CURRENT, 132456, CURRENT);
INSERT INTO phase_dependency (dependency_phase_id, dependent_phase_id, dependency_start, dependent_start, lag_time, create_user, create_date, modify_user, modify_date) VALUES (80018141, 80018145, 1, 1, 0, 132456, CURRENT, 132456, CURRENT);
INSERT INTO phase_dependency (dependency_phase_id, dependent_phase_id, dependency_start, dependent_start, lag_time, create_user, create_date, modify_user, modify_date) VALUES (80018145, 80018146, 0, 1, 0, 132456, CURRENT, 132456, CURRENT);
INSERT INTO phase_dependency (dependency_phase_id, dependent_phase_id, dependency_start, dependent_start, lag_time, create_user, create_date, modify_user, modify_date) VALUES (80018146, 80018147, 0, 1, 0, 132456, CURRENT, 132456, CURRENT);
INSERT INTO phase_dependency (dependency_phase_id, dependent_phase_id, dependency_start, dependent_start, lag_time, create_user, create_date, modify_user, modify_date) VALUES (80018147, 80018148, 0, 1, 0, 132456, CURRENT, 132456, CURRENT);
INSERT INTO phase_dependency (dependency_phase_id, dependent_phase_id, dependency_start, dependent_start, lag_time, create_user, create_date, modify_user, modify_date) VALUES (80018148, 80018149, 0, 1, 0, 132456, CURRENT, 132456, CURRENT);
INSERT INTO phase_dependency (dependency_phase_id, dependent_phase_id, dependency_start, dependent_start, lag_time, create_user, create_date, modify_user, modify_date) VALUES (80018149, 80018150, 0, 1, 0, 132456, CURRENT, 132456, CURRENT);
INSERT INTO phase_dependency (dependency_phase_id, dependent_phase_id, dependency_start, dependent_start, lag_time, create_user, create_date, modify_user, modify_date) VALUES (80018150, 80018151, 0, 1, 0, 132456, CURRENT, 132456, CURRENT);
INSERT INTO phase_dependency (dependency_phase_id, dependent_phase_id, dependency_start, dependent_start, lag_time, create_user, create_date, modify_user, modify_date) VALUES (80018151, 80018152, 0, 1, 0, 132456, CURRENT, 132456, CURRENT);
INSERT INTO phase_dependency (dependency_phase_id, dependent_phase_id, dependency_start, dependent_start, lag_time, create_user, create_date, modify_user, modify_date) VALUES (80018152, 80018153, 0, 1, 0, 132456, CURRENT, 132456, CURRENT);
INSERT INTO phase_criteria (project_phase_id, phase_criteria_type_id, parameter, create_user, create_date, modify_user, modify_date) VALUES (80018140, 1, '30000722', 132456, CURRENT, 132456, CURRENT);
INSERT INTO phase_criteria (project_phase_id, phase_criteria_type_id, parameter, create_user, create_date, modify_user, modify_date) VALUES (80018140, 6, '1', 132456, CURRENT, 132456, CURRENT);
INSERT INTO phase_criteria (project_phase_id, phase_criteria_type_id, parameter, create_user, create_date, modify_user, modify_date) VALUES (80018141, 2, '0', 132456, CURRENT, 132456, CURRENT);
INSERT INTO phase_criteria (project_phase_id, phase_criteria_type_id, parameter, create_user, create_date, modify_user, modify_date) VALUES (80018141, 5, 'No', 132456, CURRENT, 132456, CURRENT);
INSERT INTO phase_criteria (project_phase_id, phase_criteria_type_id, parameter, create_user, create_date, modify_user, modify_date) VALUES (80018142, 3, '0', 132456, CURRENT, 132456, CURRENT);
INSERT INTO phase_criteria (project_phase_id, phase_criteria_type_id, parameter, create_user, create_date, modify_user, modify_date) VALUES (80018142, 5, 'Yes', 132456, CURRENT, 132456, CURRENT);
INSERT INTO phase_criteria (project_phase_id, phase_criteria_type_id, parameter, create_user, create_date, modify_user, modify_date) VALUES (80018143, 1, '30000416', 132456, CURRENT, 132456, CURRENT);
INSERT INTO phase_criteria (project_phase_id, phase_criteria_type_id, parameter, create_user, create_date, modify_user, modify_date) VALUES (80018143, 5, 'No', 132456, CURRENT, 132456, CURRENT);
INSERT INTO phase_criteria (project_phase_id, phase_criteria_type_id, parameter, create_user, create_date, modify_user, modify_date) VALUES (80018144, 1, '30000417', 132456, CURRENT, 132456, CURRENT);
INSERT INTO phase_criteria (project_phase_id, phase_criteria_type_id, parameter, create_user, create_date, modify_user, modify_date) VALUES (80018144, 5, 'No', 132456, CURRENT, 132456, CURRENT);
INSERT INTO phase_criteria (project_phase_id, phase_criteria_type_id, parameter, create_user, create_date, modify_user, modify_date) VALUES (80018144, 6, '3', 132456, CURRENT, 132456, CURRENT);
INSERT INTO phase_criteria (project_phase_id, phase_criteria_type_id, parameter, create_user, create_date, modify_user, modify_date) VALUES (80018145, 3, '0', 132456, CURRENT, 132456, CURRENT);
INSERT INTO phase_criteria (project_phase_id, phase_criteria_type_id, parameter, create_user, create_date, modify_user, modify_date) VALUES (80018145, 5, 'Yes', 132456, CURRENT, 132456, CURRENT);
INSERT INTO phase_criteria (project_phase_id, phase_criteria_type_id, parameter, create_user, create_date, modify_user, modify_date) VALUES (80018146, 1, '30000410', 132456, CURRENT, 132456, CURRENT);
INSERT INTO phase_criteria (project_phase_id, phase_criteria_type_id, parameter, create_user, create_date, modify_user, modify_date) VALUES (80018146, 5, 'No', 132456, CURRENT, 132456, CURRENT);
INSERT INTO phase_criteria (project_phase_id, phase_criteria_type_id, parameter, create_user, create_date, modify_user, modify_date) VALUES (80018147, 1, '30000411', 132456, CURRENT, 132456, CURRENT);
INSERT INTO phase_criteria (project_phase_id, phase_criteria_type_id, parameter, create_user, create_date, modify_user, modify_date) VALUES (80018147, 5, 'No', 132456, CURRENT, 132456, CURRENT);
INSERT INTO phase_criteria (project_phase_id, phase_criteria_type_id, parameter, create_user, create_date, modify_user, modify_date) VALUES (80018147, 6, '3', 132456, CURRENT, 132456, CURRENT);
INSERT INTO phase_criteria (project_phase_id, phase_criteria_type_id, parameter, create_user, create_date, modify_user, modify_date) VALUES (80018148, 4, 'No', 132456, CURRENT, 132456, CURRENT);
INSERT INTO phase_criteria (project_phase_id, phase_criteria_type_id, parameter, create_user, create_date, modify_user, modify_date) VALUES (80018148, 5, 'No', 132456, CURRENT, 132456, CURRENT);
INSERT INTO phase_criteria (project_phase_id, phase_criteria_type_id, parameter, create_user, create_date, modify_user, modify_date) VALUES (80018149, 5, 'No', 132456, CURRENT, 132456, CURRENT);
INSERT INTO phase_criteria (project_phase_id, phase_criteria_type_id, parameter, create_user, create_date, modify_user, modify_date) VALUES (80018150, 5, 'No', 132456, CURRENT, 132456, CURRENT);
INSERT INTO phase_criteria (project_phase_id, phase_criteria_type_id, parameter, create_user, create_date, modify_user, modify_date) VALUES (80018151, 5, 'No', 132456, CURRENT, 132456, CURRENT);
INSERT INTO phase_criteria (project_phase_id, phase_criteria_type_id, parameter, create_user, create_date, modify_user, modify_date) VALUES (80018152, 5, 'No', 132456, CURRENT, 132456, CURRENT);
INSERT INTO phase_criteria (project_phase_id, phase_criteria_type_id, parameter, create_user, create_date, modify_user, modify_date) VALUES (80018153, 1, '30000720', 132456, CURRENT, 132456, CURRENT);
INSERT INTO phase_criteria (project_phase_id, phase_criteria_type_id, parameter, create_user, create_date, modify_user, modify_date) VALUES (80018153, 6, '1', 132456, CURRENT, 132456, CURRENT);
INSERT INTO resource (resource_id, resource_role_id, project_id, project_phase_id, create_user, create_date, modify_user, modify_date, user_id) VALUES (80018144, 13, 80018013, NULL, 132456, CURRENT, 132456, CURRENT, 132456);
INSERT INTO resource (resource_id, resource_role_id, project_id, project_phase_id, create_user, create_date, modify_user, modify_date, user_id) VALUES (80018145, 13, 80018013, NULL, 132456, CURRENT, 132456, CURRENT, 22770213);
INSERT INTO resource (resource_id, resource_role_id, project_id, project_phase_id, create_user, create_date, modify_user, modify_date, user_id) VALUES (80018146, 17, 80018013, NULL, 132456, CURRENT, 132456, CURRENT, 132458);
INSERT INTO resource (resource_id, resource_role_id, project_id, project_phase_id, create_user, create_date, modify_user, modify_date, user_id) VALUES (80018147, 18, 80018013, 80018140, 132456, CURRENT, 132456, CURRENT, 132457);
INSERT INTO resource (resource_id, resource_role_id, project_id, project_phase_id, create_user, create_date, modify_user, modify_date, user_id) VALUES (80018148, 1, 80018013, NULL, 132456, CURRENT, 132456, CURRENT, 80018016);
INSERT INTO component_inquiry (component_inquiry_id, component_id, user_id, comment, agreed_to_terms, rating, phase, tc_user_id, version, create_time, project_id) VALUES (80018034, 80018013, 80018016, null, 1, 0, 130, 80018016, 0, CURRENT, 80018013);
INSERT INTO project_result (user_id, project_id, old_rating, new_rating, raw_score, final_score, payment, placed, rating_ind, valid_submission_ind, create_date, modify_date, passed_review_ind, point_adjustment, rating_order) VALUES (80018016, 80018013, null, null, null, null, null, null, 0, 0, CURRENT, CURRENT, null, null, null);
UPDATE user_rating SET rating = 0 WHERE user_id = 80018016 AND phase_id = 130;
INSERT INTO resource (resource_id, resource_role_id, project_id, project_phase_id, create_user, create_date, modify_user, modify_date, user_id) VALUES (80018149, 1, 80018013, NULL, 132456, CURRENT, 132456, CURRENT, 80018018);
INSERT INTO component_inquiry (component_inquiry_id, component_id, user_id, comment, agreed_to_terms, rating, phase, tc_user_id, version, create_time, project_id) VALUES (80018035, 80018013, 80018018, null, 1, 0, 130, 80018018, 0, CURRENT, 80018013);
INSERT INTO project_result (user_id, project_id, old_rating, new_rating, raw_score, final_score, payment, placed, rating_ind, valid_submission_ind, create_date, modify_date, passed_review_ind, point_adjustment, rating_order) VALUES (80018018, 80018013, null, null, null, null, null, null, 0, 0, CURRENT, CURRENT, null, null, null);
UPDATE user_rating SET rating = 0 WHERE user_id = 80018018 AND phase_id = 130;
INSERT INTO resource (resource_id, resource_role_id, project_id, project_phase_id, create_user, create_date, modify_user, modify_date, user_id) VALUES (80018150, 1, 80018013, NULL, 132456, CURRENT, 132456, CURRENT, 80018017);
INSERT INTO component_inquiry (component_inquiry_id, component_id, user_id, comment, agreed_to_terms, rating, phase, tc_user_id, version, create_time, project_id) VALUES (80018036, 80018013, 80018017, null, 1, 0, 130, 80018017, 0, CURRENT, 80018013);
INSERT INTO project_result (user_id, project_id, old_rating, new_rating, raw_score, final_score, payment, placed, rating_ind, valid_submission_ind, create_date, modify_date, passed_review_ind, point_adjustment, rating_order) VALUES (80018017, 80018013, null, null, null, null, null, null, 0, 0, CURRENT, CURRENT, null, null, null);
UPDATE user_rating SET rating = 0 WHERE user_id = 80018017 AND phase_id = 130;
INSERT INTO resource (resource_id, resource_role_id, project_id, project_phase_id, create_user, create_date, modify_user, modify_date, user_id) VALUES (80018151, 19, 80018013, 80018143, 132456, CURRENT, 132456, CURRENT, 124836);
INSERT INTO resource (resource_id, resource_role_id, project_id, project_phase_id, create_user, create_date, modify_user, modify_date, user_id) VALUES (80018152, 20, 80018013, 80018144, 132456, CURRENT, 132456, CURRENT, 124836);
INSERT INTO resource (resource_id, resource_role_id, project_id, project_phase_id, create_user, create_date, modify_user, modify_date, user_id) VALUES (80018153, 2, 80018013, 80018146, 132456, CURRENT, 132456, CURRENT, 124836);
INSERT INTO resource (resource_id, resource_role_id, project_id, project_phase_id, create_user, create_date, modify_user, modify_date, user_id) VALUES (80018154, 4, 80018013, 80018147, 132456, CURRENT, 132456, CURRENT, 124836);
INSERT INTO resource (resource_id, resource_role_id, project_id, project_phase_id, create_user, create_date, modify_user, modify_date, user_id) VALUES (80018155, 8, 80018013, 80018150, 132456, CURRENT, 132456, CURRENT, 124836);
INSERT INTO resource (resource_id, resource_role_id, project_id, project_phase_id, create_user, create_date, modify_user, modify_date, user_id) VALUES (80018156, 9, 80018013, 80018152, 132456, CURRENT, 132456, CURRENT, 124836);
INSERT INTO resource (resource_id, resource_role_id, project_id, project_phase_id, create_user, create_date, modify_user, modify_date, user_id) VALUES (80018157, 14, 80018013, NULL, 132456, CURRENT, 132456, CURRENT, 132456);
INSERT INTO resource (resource_id, resource_role_id, project_id, project_phase_id, create_user, create_date, modify_user, modify_date, user_id) VALUES (80018158, 10, 80018013, NULL, 132456, CURRENT, 132456, CURRENT, 132458);
INSERT INTO resource_info (resource_id, resource_info_type_id, value, create_user, create_date, modify_user, modify_date) VALUES (80018144, 1, '132456', 132456, CURRENT, 132456, CURRENT);
INSERT INTO resource_info (resource_id, resource_info_type_id, value, create_user, create_date, modify_user, modify_date) VALUES (80018144, 2, 'heffan', 132456, CURRENT, 132456, CURRENT);
INSERT INTO resource_info (resource_id, resource_info_type_id, value, create_user, create_date, modify_user, modify_date) VALUES (80018144, 8, 'N/A', 132456, CURRENT, 132456, CURRENT);
INSERT INTO resource_info (resource_id, resource_info_type_id, value, create_user, create_date, modify_user, modify_date) VALUES (80018144, 6, '05.12.2016 03:16 AM', 132456, CURRENT, 132456, CURRENT);
INSERT INTO resource_info (resource_id, resource_info_type_id, value, create_user, create_date, modify_user, modify_date) VALUES (80018145, 1, '22770213', 132456, CURRENT, 132456, CURRENT);
INSERT INTO resource_info (resource_id, resource_info_type_id, value, create_user, create_date, modify_user, modify_date) VALUES (80018145, 2, 'Applications', 132456, CURRENT, 132456, CURRENT);
INSERT INTO resource_info (resource_id, resource_info_type_id, value, create_user, create_date, modify_user, modify_date) VALUES (80018145, 8, 'N/A', 132456, CURRENT, 132456, CURRENT);
INSERT INTO resource_info (resource_id, resource_info_type_id, value, create_user, create_date, modify_user, modify_date) VALUES (80018145, 6, '05.12.2016 03:17 AM', 132456, CURRENT, 132456, CURRENT);
INSERT INTO resource_info (resource_id, resource_info_type_id, value, create_user, create_date, modify_user, modify_date) VALUES (80018146, 1, '132458', 132456, CURRENT, 132456, CURRENT);
INSERT INTO resource_info (resource_id, resource_info_type_id, value, create_user, create_date, modify_user, modify_date) VALUES (80018146, 2, 'user', 132456, CURRENT, 132456, CURRENT);
INSERT INTO resource_info (resource_id, resource_info_type_id, value, create_user, create_date, modify_user, modify_date) VALUES (80018146, 8, 'N/A', 132456, CURRENT, 132456, CURRENT);
INSERT INTO resource_info (resource_id, resource_info_type_id, value, create_user, create_date, modify_user, modify_date) VALUES (80018146, 6, '05.12.2016 03:18 AM', 132456, CURRENT, 132456, CURRENT);
INSERT INTO resource_info (resource_id, resource_info_type_id, value, create_user, create_date, modify_user, modify_date) VALUES (80018147, 1, '132457', 132456, CURRENT, 132456, CURRENT);
INSERT INTO resource_info (resource_id, resource_info_type_id, value, create_user, create_date, modify_user, modify_date) VALUES (80018147, 2, 'super', 132456, CURRENT, 132456, CURRENT);
INSERT INTO resource_info (resource_id, resource_info_type_id, value, create_user, create_date, modify_user, modify_date) VALUES (80018147, 8, 'N/A', 132456, CURRENT, 132456, CURRENT);
INSERT INTO resource_info (resource_id, resource_info_type_id, value, create_user, create_date, modify_user, modify_date) VALUES (80018147, 6, '05.03.2016 01:19 PM', 132456, CURRENT, 132456, CURRENT);
INSERT INTO resource_info (resource_id, resource_info_type_id, value, create_user, create_date, modify_user, modify_date) VALUES (80018148, 1, '80018016', 132456, CURRENT, 132456, CURRENT);
INSERT INTO resource_info (resource_id, resource_info_type_id, value, create_user, create_date, modify_user, modify_date) VALUES (80018148, 2, 'marcg80018016', 132456, CURRENT, 132456, CURRENT);
INSERT INTO resource_info (resource_id, resource_info_type_id, value, create_user, create_date, modify_user, modify_date) VALUES (80018148, 3, 'test@test.com', 132456, CURRENT, 132456, CURRENT);
INSERT INTO resource_info (resource_id, resource_info_type_id, value, create_user, create_date, modify_user, modify_date) VALUES (80018148, 8, 'N/A', 132456, CURRENT, 132456, CURRENT);
INSERT INTO resource_info (resource_id, resource_info_type_id, value, create_user, create_date, modify_user, modify_date) VALUES (80018148, 6, '05.12.2016 03:20 AM', 132456, CURRENT, 132456, CURRENT);
INSERT INTO resource_info (resource_id, resource_info_type_id, value, create_user, create_date, modify_user, modify_date) VALUES (80018148, 13, 'No', 132456, CURRENT, 132456, CURRENT);
INSERT INTO resource_info (resource_id, resource_info_type_id, value, create_user, create_date, modify_user, modify_date) VALUES (80018149, 1, '80018018', 132456, CURRENT, 132456, CURRENT);
INSERT INTO resource_info (resource_id, resource_info_type_id, value, create_user, create_date, modify_user, modify_date) VALUES (80018149, 2, 'jwlms80018018', 132456, CURRENT, 132456, CURRENT);
INSERT INTO resource_info (resource_id, resource_info_type_id, value, create_user, create_date, modify_user, modify_date) VALUES (80018149, 3, 'test@test.com', 132456, CURRENT, 132456, CURRENT);
INSERT INTO resource_info (resource_id, resource_info_type_id, value, create_user, create_date, modify_user, modify_date) VALUES (80018149, 8, 'N/A', 132456, CURRENT, 132456, CURRENT);
INSERT INTO resource_info (resource_id, resource_info_type_id, value, create_user, create_date, modify_user, modify_date) VALUES (80018149, 6, '05.12.2016 03:21 AM', 132456, CURRENT, 132456, CURRENT);
INSERT INTO resource_info (resource_id, resource_info_type_id, value, create_user, create_date, modify_user, modify_date) VALUES (80018149, 13, 'No', 132456, CURRENT, 132456, CURRENT);
INSERT INTO resource_info (resource_id, resource_info_type_id, value, create_user, create_date, modify_user, modify_date) VALUES (80018150, 1, '80018017', 132456, CURRENT, 132456, CURRENT);
INSERT INTO resource_info (resource_id, resource_info_type_id, value, create_user, create_date, modify_user, modify_date) VALUES (80018150, 2, 'WishingBone80018017', 132456, CURRENT, 132456, CURRENT);
INSERT INTO resource_info (resource_id, resource_info_type_id, value, create_user, create_date, modify_user, modify_date) VALUES (80018150, 3, 'test@test.com', 132456, CURRENT, 132456, CURRENT);
INSERT INTO resource_info (resource_id, resource_info_type_id, value, create_user, create_date, modify_user, modify_date) VALUES (80018150, 8, 'N/A', 132456, CURRENT, 132456, CURRENT);
INSERT INTO resource_info (resource_id, resource_info_type_id, value, create_user, create_date, modify_user, modify_date) VALUES (80018150, 6, '05.12.2016 03:22 AM', 132456, CURRENT, 132456, CURRENT);
INSERT INTO resource_info (resource_id, resource_info_type_id, value, create_user, create_date, modify_user, modify_date) VALUES (80018150, 13, 'No', 132456, CURRENT, 132456, CURRENT);
INSERT INTO resource_info (resource_id, resource_info_type_id, value, create_user, create_date, modify_user, modify_date) VALUES (80018151, 1, '124836', 132456, CURRENT, 132456, CURRENT);
INSERT INTO resource_info (resource_id, resource_info_type_id, value, create_user, create_date, modify_user, modify_date) VALUES (80018151, 2, 'annej9ny', 132456, CURRENT, 132456, CURRENT);
INSERT INTO resource_info (resource_id, resource_info_type_id, value, create_user, create_date, modify_user, modify_date) VALUES (80018151, 8, 'N/A', 132456, CURRENT, 132456, CURRENT);
INSERT INTO resource_info (resource_id, resource_info_type_id, value, create_user, create_date, modify_user, modify_date) VALUES (80018151, 6, '05.06.2016 03:23 PM', 132456, CURRENT, 132456, CURRENT);
INSERT INTO resource_info (resource_id, resource_info_type_id, value, create_user, create_date, modify_user, modify_date) VALUES (80018152, 1, '124836', 132456, CURRENT, 132456, CURRENT);
INSERT INTO resource_info (resource_id, resource_info_type_id, value, create_user, create_date, modify_user, modify_date) VALUES (80018152, 2, 'annej9ny', 132456, CURRENT, 132456, CURRENT);
INSERT INTO resource_info (resource_id, resource_info_type_id, value, create_user, create_date, modify_user, modify_date) VALUES (80018152, 8, 'N/A', 132456, CURRENT, 132456, CURRENT);
INSERT INTO resource_info (resource_id, resource_info_type_id, value, create_user, create_date, modify_user, modify_date) VALUES (80018152, 6, '05.09.2016 03:24 PM', 132456, CURRENT, 132456, CURRENT);
INSERT INTO resource_info (resource_id, resource_info_type_id, value, create_user, create_date, modify_user, modify_date) VALUES (80018153, 1, '124836', 132456, CURRENT, 132456, CURRENT);
INSERT INTO resource_info (resource_id, resource_info_type_id, value, create_user, create_date, modify_user, modify_date) VALUES (80018153, 2, 'annej9ny', 132456, CURRENT, 132456, CURRENT);
INSERT INTO resource_info (resource_id, resource_info_type_id, value, create_user, create_date, modify_user, modify_date) VALUES (80018153, 8, 'N/A', 132456, CURRENT, 132456, CURRENT);
INSERT INTO resource_info (resource_id, resource_info_type_id, value, create_user, create_date, modify_user, modify_date) VALUES (80018153, 6, '05.08.2016 03:25 PM', 132456, CURRENT, 132456, CURRENT);
INSERT INTO resource_info (resource_id, resource_info_type_id, value, create_user, create_date, modify_user, modify_date) VALUES (80018154, 1, '124836', 132456, CURRENT, 132456, CURRENT);
INSERT INTO resource_info (resource_id, resource_info_type_id, value, create_user, create_date, modify_user, modify_date) VALUES (80018154, 2, 'annej9ny', 132456, CURRENT, 132456, CURRENT);
INSERT INTO resource_info (resource_id, resource_info_type_id, value, create_user, create_date, modify_user, modify_date) VALUES (80018154, 8, 'N/A', 132456, CURRENT, 132456, CURRENT);
INSERT INTO resource_info (resource_id, resource_info_type_id, value, create_user, create_date, modify_user, modify_date) VALUES (80018154, 6, '05.09.2016 03:26 AM', 132456, CURRENT, 132456, CURRENT);
INSERT INTO resource_info (resource_id, resource_info_type_id, value, create_user, create_date, modify_user, modify_date) VALUES (80018155, 1, '124836', 132456, CURRENT, 132456, CURRENT);
INSERT INTO resource_info (resource_id, resource_info_type_id, value, create_user, create_date, modify_user, modify_date) VALUES (80018155, 2, 'annej9ny', 132456, CURRENT, 132456, CURRENT);
INSERT INTO resource_info (resource_id, resource_info_type_id, value, create_user, create_date, modify_user, modify_date) VALUES (80018155, 8, 'N/A', 132456, CURRENT, 132456, CURRENT);
INSERT INTO resource_info (resource_id, resource_info_type_id, value, create_user, create_date, modify_user, modify_date) VALUES (80018155, 6, '05.12.2016 03:27 PM', 132456, CURRENT, 132456, CURRENT);
INSERT INTO resource_info (resource_id, resource_info_type_id, value, create_user, create_date, modify_user, modify_date) VALUES (80018156, 1, '124836', 132456, CURRENT, 132456, CURRENT);
INSERT INTO resource_info (resource_id, resource_info_type_id, value, create_user, create_date, modify_user, modify_date) VALUES (80018156, 2, 'annej9ny', 132456, CURRENT, 132456, CURRENT);
INSERT INTO resource_info (resource_id, resource_info_type_id, value, create_user, create_date, modify_user, modify_date) VALUES (80018156, 8, 'N/A', 132456, CURRENT, 132456, CURRENT);
INSERT INTO resource_info (resource_id, resource_info_type_id, value, create_user, create_date, modify_user, modify_date) VALUES (80018156, 6, '05.14.2016 03:28 AM', 132456, CURRENT, 132456, CURRENT);
INSERT INTO resource_info (resource_id, resource_info_type_id, value, create_user, create_date, modify_user, modify_date) VALUES (80018157, 1, '132456', 132456, CURRENT, 132456, CURRENT);
INSERT INTO resource_info (resource_id, resource_info_type_id, value, create_user, create_date, modify_user, modify_date) VALUES (80018157, 2, 'heffan', 132456, CURRENT, 132456, CURRENT);
INSERT INTO resource_info (resource_id, resource_info_type_id, value, create_user, create_date, modify_user, modify_date) VALUES (80018157, 8, 'N/A', 132456, CURRENT, 132456, CURRENT);
INSERT INTO resource_info (resource_id, resource_info_type_id, value, create_user, create_date, modify_user, modify_date) VALUES (80018157, 6, '05.12.2016 03:29 AM', 132456, CURRENT, 132456, CURRENT);
INSERT INTO resource_info (resource_id, resource_info_type_id, value, create_user, create_date, modify_user, modify_date) VALUES (80018158, 1, '132458', 132456, CURRENT, 132456, CURRENT);
INSERT INTO resource_info (resource_id, resource_info_type_id, value, create_user, create_date, modify_user, modify_date) VALUES (80018158, 2, 'user', 132456, CURRENT, 132456, CURRENT);
INSERT INTO resource_info (resource_id, resource_info_type_id, value, create_user, create_date, modify_user, modify_date) VALUES (80018158, 8, 'N/A', 132456, CURRENT, 132456, CURRENT);
INSERT INTO resource_info (resource_id, resource_info_type_id, value, create_user, create_date, modify_user, modify_date) VALUES (80018158, 6, '05.12.2016 03:30 AM', 132456, CURRENT, 132456, CURRENT);
INSERT INTO upload (upload_id, project_id, resource_id, upload_type_id, upload_status_id, parameter, create_user, create_date, modify_user, modify_date, project_phase_id) VALUES (80018031, 80018013, 80018146, 1, 1, '80018013_80018146_80018031.zip', 132458, '2016-05-12 03:18:09', 132458, CURRENT, 80018139);
INSERT INTO upload (upload_id, project_id, resource_id, upload_type_id, upload_status_id, parameter, create_user, create_date, modify_user, modify_date, project_phase_id) VALUES (80018032, 80018013, 80018148, 1, 1, '80018013_80018148_80018032.zip', 80018016, '2016-05-12 03:20:09', 80018016, CURRENT, 80018145);
INSERT INTO upload (upload_id, project_id, resource_id, upload_type_id, upload_status_id, parameter, create_user, create_date, modify_user, modify_date, project_phase_id) VALUES (80018033, 80018013, 80018148, 1, 1, '80018013_80018148_80018033.zip', 80018016, '2016-05-12 03:20:09', 80018016, CURRENT, 80018142);
INSERT INTO upload (upload_id, project_id, resource_id, upload_type_id, upload_status_id, parameter, create_user, create_date, modify_user, modify_date, project_phase_id) VALUES (80018034, 80018013, 80018149, 1, 1, '80018013_80018149_80018034.zip', 80018018, '2016-05-12 03:21:09', 80018018, CURRENT, 80018145);
INSERT INTO upload (upload_id, project_id, resource_id, upload_type_id, upload_status_id, parameter, create_user, create_date, modify_user, modify_date, project_phase_id) VALUES (80018035, 80018013, 80018149, 1, 1, '80018013_80018149_80018035.zip', 80018018, '2016-05-12 03:21:09', 80018018, CURRENT, 80018142);
INSERT INTO upload (upload_id, project_id, resource_id, upload_type_id, upload_status_id, parameter, create_user, create_date, modify_user, modify_date, project_phase_id) VALUES (80018036, 80018013, 80018150, 1, 1, '80018013_80018150_80018036.zip', 80018017, '2016-05-12 03:22:09', 80018017, CURRENT, 80018142);
INSERT INTO upload (upload_id, project_id, resource_id, upload_type_id, upload_status_id, parameter, create_user, create_date, modify_user, modify_date, project_phase_id) VALUES (80018037, 80018013, 80018154, 4, 1, '80018013_80018154_80018037_screenshots.zip', 124836, '2016-05-12 03:15:09', 124836, CURRENT, 80018147);
INSERT INTO submission (submission_id, upload_id, submission_status_id, screening_score, initial_score, final_score, placement, submission_type_id, create_user, create_date, modify_user, modify_date, prize_id) VALUES (80018026, 80018031, 1, null, null, null, null, 2, 132458, '2016-05-12 10:53:20', 132458, '2016-05-12 10:53:20', null);
INSERT INTO resource_submission (resource_id, submission_id, create_user, create_date, modify_user, modify_date) VALUES (80018146, 80018026, 132458, CURRENT, 132458, CURRENT);
INSERT INTO submission (submission_id, upload_id, submission_status_id, screening_score, initial_score, final_score, placement, submission_type_id, create_user, create_date, modify_user, modify_date, prize_id) VALUES (80018027, 80018032, 1, 100.0, null, null, null, 1, 80018016, '2016-05-12 13:01:45', 80018016, '2016-05-12 13:01:45', null);
INSERT INTO resource_submission (resource_id, submission_id, create_user, create_date, modify_user, modify_date) VALUES (80018148, 80018027, 80018016, CURRENT, 80018016, CURRENT);
INSERT INTO submission (submission_id, upload_id, submission_status_id, screening_score, initial_score, final_score, placement, submission_type_id, create_user, create_date, modify_user, modify_date, prize_id) VALUES (80018028, 80018033, 1, 100.0, null, 75.0, 2, 3, 80018016, '2016-05-12 10:50:45', 80018016, '2016-05-12 10:50:45', 80018030);
INSERT INTO resource_submission (resource_id, submission_id, create_user, create_date, modify_user, modify_date) VALUES (80018148, 80018028, 80018016, CURRENT, 80018016, CURRENT);
INSERT INTO submission (submission_id, upload_id, submission_status_id, screening_score, initial_score, final_score, placement, submission_type_id, create_user, create_date, modify_user, modify_date, prize_id) VALUES (80018029, 80018034, 1, 75.0, null, null, null, 1, 80018018, '2016-05-12 12:49:16', 80018018, '2016-05-12 12:49:16', null);
INSERT INTO resource_submission (resource_id, submission_id, create_user, create_date, modify_user, modify_date) VALUES (80018149, 80018029, 80018018, CURRENT, 80018018, CURRENT);
INSERT INTO submission (submission_id, upload_id, submission_status_id, screening_score, initial_score, final_score, placement, submission_type_id, create_user, create_date, modify_user, modify_date, prize_id) VALUES (80018030, 80018035, 6, 75.0, null, 100.0, 1, 3, 80018018, '2016-05-12 11:58:23', 80018018, '2016-05-12 11:58:23', 80018030);
INSERT INTO resource_submission (resource_id, submission_id, create_user, create_date, modify_user, modify_date) VALUES (80018149, 80018030, 80018018, CURRENT, 80018018, CURRENT);
INSERT INTO submission (submission_id, upload_id, submission_status_id, screening_score, initial_score, final_score, placement, submission_type_id, create_user, create_date, modify_user, modify_date, prize_id) VALUES (80018031, 80018036, 1, 100.0, null, 75.0, 3, 3, 80018017, '2016-05-12 13:05:29', 80018017, '2016-05-12 13:05:29', 80018030);
INSERT INTO resource_submission (resource_id, submission_id, create_user, create_date, modify_user, modify_date) VALUES (80018150, 80018031, 80018017, CURRENT, 80018017, CURRENT);
INSERT INTO review (review_id, resource_id, submission_id, scorecard_id, committed, initial_score, score, create_user, create_date, modify_user, modify_date, project_phase_id) VALUES (80018042, 80018147, 80018026, 30000722, 1, 100.0, 100.0, 132457, CURRENT, 132457, CURRENT, 80018140);
INSERT INTO review_comment (review_comment_id, resource_id, review_id, comment_type_id, content, extra_info, sort, create_user, create_date, modify_user, modify_date) VALUES (80018014, 80018147, 80018042, 14, '', 'Approved', 0, 132457, CURRENT, 132457, CURRENT);
INSERT INTO review_item (review_item_id, review_id, scorecard_question_id, upload_id, answer, sort, create_user, create_date, modify_user, modify_date) VALUES (80018042, 80018042, 30001008, null, '4/4', 0, 132457, CURRENT, 132457, CURRENT);
INSERT INTO review_item_comment (review_item_comment_id, resource_id, review_item_id, comment_type_id, content, extra_info, sort, create_user, create_date, modify_user, modify_date) VALUES (80018061, 80018147, 80018042, 1, 'OK', NULL, 0, 132457, CURRENT, 132457, CURRENT);
INSERT INTO review (review_id, resource_id, submission_id, scorecard_id, committed, initial_score, score, create_user, create_date, modify_user, modify_date, project_phase_id) VALUES (80018043, 80018151, 80018028, 30000416, 1, 100.0, 100.0, 124836, CURRENT, 124836, CURRENT, 80018143);
INSERT INTO review_item (review_item_id, review_id, scorecard_question_id, upload_id, answer, sort, create_user, create_date, modify_user, modify_date) VALUES (80018043, 80018043, 30003112, null, '4/4', 0, 124836, CURRENT, 124836, CURRENT);
INSERT INTO review_item_comment (review_item_comment_id, resource_id, review_item_id, comment_type_id, content, extra_info, sort, create_user, create_date, modify_user, modify_date) VALUES (80018062, 80018151, 80018043, 1, 'Verification section provides the instructions just for testing the Direct web module while there are other web modules deployed and to be tested as well like /mobile, /present', NULL, 0, 124836, CURRENT, 124836, CURRENT);
INSERT INTO review (review_id, resource_id, submission_id, scorecard_id, committed, initial_score, score, create_user, create_date, modify_user, modify_date, project_phase_id) VALUES (80018044, 80018151, 80018030, 30000416, 1, 75.0, 75.0, 124836, CURRENT, 124836, CURRENT, 80018143);
INSERT INTO review_item (review_item_id, review_id, scorecard_question_id, upload_id, answer, sort, create_user, create_date, modify_user, modify_date) VALUES (80018044, 80018044, 30003112, null, '3/4', 0, 124836, CURRENT, 124836, CURRENT);
INSERT INTO review_item_comment (review_item_comment_id, resource_id, review_item_id, comment_type_id, content, extra_info, sort, create_user, create_date, modify_user, modify_date) VALUES (80018063, 80018151, 80018044, 1, 'analytics web module is not workable. When trying to access it the server responds with HTTP 404 error.', NULL, 0, 124836, CURRENT, 124836, CURRENT);
INSERT INTO review (review_id, resource_id, submission_id, scorecard_id, committed, initial_score, score, create_user, create_date, modify_user, modify_date, project_phase_id) VALUES (80018045, 80018151, 80018031, 30000416, 1, 100.0, 100.0, 124836, CURRENT, 124836, CURRENT, 80018143);
INSERT INTO review_item (review_item_id, review_id, scorecard_question_id, upload_id, answer, sort, create_user, create_date, modify_user, modify_date) VALUES (80018045, 80018045, 30003112, null, '4/4', 0, 124836, CURRENT, 124836, CURRENT);
INSERT INTO review_item_comment (review_item_comment_id, resource_id, review_item_id, comment_type_id, content, extra_info, sort, create_user, create_date, modify_user, modify_date) VALUES (80018064, 80018151, 80018045, 1, 'visit http://tc.cloud.topcoder.com/tc?module=ProjectDetail&pj=7700001 anonymously, click the Registration button, then enter with user without checking the compete options, it return back to contest detail page, but no popup shows information to check options in profile. ', NULL, 0, 124836, CURRENT, 124836, CURRENT);
INSERT INTO review (review_id, resource_id, submission_id, scorecard_id, committed, initial_score, score, create_user, create_date, modify_user, modify_date, project_phase_id) VALUES (80018046, 80018152, 80018028, 30000417, 1, 75.0, 75.0, 124836, CURRENT, 124836, CURRENT, 80018144);
INSERT INTO review_item (review_item_id, review_id, scorecard_question_id, upload_id, answer, sort, create_user, create_date, modify_user, modify_date) VALUES (80018046, 80018046, 30003113, null, '3/4', 0, 124836, CURRENT, 124836, CURRENT);
INSERT INTO review_item_comment (review_item_comment_id, resource_id, review_item_id, comment_type_id, content, extra_info, sort, create_user, create_date, modify_user, modify_date) VALUES (80018065, 80018152, 80018046, 1, 'visit http://tc.cloud.topcoder.com/tc?module=ProjectDetail&pj=7700001 anonymously, click the Registration button, then enter with user without checking the compete options, it return back to contest detail page, but no popup shows information to check options in profile. ', NULL, 0, 124836, CURRENT, 124836, CURRENT);
INSERT INTO review (review_id, resource_id, submission_id, scorecard_id, committed, initial_score, score, create_user, create_date, modify_user, modify_date, project_phase_id) VALUES (80018047, 80018152, 80018030, 30000417, 1, 100.0, 100.0, 124836, CURRENT, 124836, CURRENT, 80018144);
INSERT INTO review_item (review_item_id, review_id, scorecard_question_id, upload_id, answer, sort, create_user, create_date, modify_user, modify_date) VALUES (80018047, 80018047, 30003113, null, '4/4', 0, 124836, CURRENT, 124836, CURRENT);
INSERT INTO review_item_comment (review_item_comment_id, resource_id, review_item_id, comment_type_id, content, extra_info, sort, create_user, create_date, modify_user, modify_date) VALUES (80018066, 80018152, 80018047, 1, 'Using the registration steps, I can not get any activation emails, I used outlook.com and qq.com.  I manually update it through database. ', NULL, 0, 124836, CURRENT, 124836, CURRENT);
INSERT INTO review (review_id, resource_id, submission_id, scorecard_id, committed, initial_score, score, create_user, create_date, modify_user, modify_date, project_phase_id) VALUES (80018048, 80018152, 80018031, 30000417, 1, 75.0, 75.0, 124836, CURRENT, 124836, CURRENT, 80018144);
INSERT INTO review_item (review_item_id, review_id, scorecard_question_id, upload_id, answer, sort, create_user, create_date, modify_user, modify_date) VALUES (80018048, 80018048, 30003113, null, '3/4', 0, 124836, CURRENT, 124836, CURRENT);
INSERT INTO review_item_comment (review_item_comment_id, resource_id, review_item_id, comment_type_id, content, extra_info, sort, create_user, create_date, modify_user, modify_date) VALUES (80018067, 80018152, 80018048, 1, 'visit http://tc.cloud.topcoder.com/tc?module=ProjectDetail&pj=7700001 anonymously, click the Registration button, then enter with user without checking the compete options, it return back to contest detail page, but no popup shows information to check options in profile. ', NULL, 0, 124836, CURRENT, 124836, CURRENT);
INSERT INTO review (review_id, resource_id, submission_id, scorecard_id, committed, initial_score, score, create_user, create_date, modify_user, modify_date, project_phase_id) VALUES (80018049, 80018153, 80018027, 30000410, 1, 100.0, 100.0, 124836, CURRENT, 124836, CURRENT, 80018146);
INSERT INTO review_item (review_item_id, review_id, scorecard_question_id, upload_id, answer, sort, create_user, create_date, modify_user, modify_date) VALUES (80018049, 80018049, 30001000, null, '4/4', 0, 124836, CURRENT, 124836, CURRENT);
INSERT INTO review_item_comment (review_item_comment_id, resource_id, review_item_id, comment_type_id, content, extra_info, sort, create_user, create_date, modify_user, modify_date) VALUES (80018068, 80018153, 80018049, 1, 'Some requirments are not addressed. ', NULL, 0, 124836, CURRENT, 124836, CURRENT);
INSERT INTO review (review_id, resource_id, submission_id, scorecard_id, committed, initial_score, score, create_user, create_date, modify_user, modify_date, project_phase_id) VALUES (80018050, 80018153, 80018029, 30000410, 1, 75.0, 75.0, 124836, CURRENT, 124836, CURRENT, 80018146);
INSERT INTO review_item (review_item_id, review_id, scorecard_question_id, upload_id, answer, sort, create_user, create_date, modify_user, modify_date) VALUES (80018050, 80018050, 30001000, null, '3/4', 0, 124836, CURRENT, 124836, CURRENT);
INSERT INTO review_item_comment (review_item_comment_id, resource_id, review_item_id, comment_type_id, content, extra_info, sort, create_user, create_date, modify_user, modify_date) VALUES (80018069, 80018153, 80018050, 1, '/direct/scorecard web module is not workable. When trying to access it the server responds with error like:  There is no Action mapped for namespace [/] and action name [scorecard] associated with context path [/direct]. - [unknown location]', NULL, 0, 124836, CURRENT, 124836, CURRENT);
INSERT INTO review (review_id, resource_id, submission_id, scorecard_id, committed, initial_score, score, create_user, create_date, modify_user, modify_date, project_phase_id) VALUES (80018051, 80018154, 80018027, 30000411, 0, null, null, 124836, CURRENT, 124836, CURRENT, 80018147);
INSERT INTO review_item (review_item_id, review_id, scorecard_question_id, upload_id, answer, sort, create_user, create_date, modify_user, modify_date) VALUES (80018051, 80018051, 30001001, null, '3/4', 0, 124836, CURRENT, 124836, CURRENT);
INSERT INTO review_item_comment (review_item_comment_id, resource_id, review_item_id, comment_type_id, content, extra_info, sort, create_user, create_date, modify_user, modify_date) VALUES (80018070, 80018154, 80018051, 1, 'Direct web module: server responds with error when trying to visit https://localhost/direct/allProjects.action', NULL, 0, 124836, CURRENT, 124836, CURRENT);
INSERT INTO review (review_id, resource_id, submission_id, scorecard_id, committed, initial_score, score, create_user, create_date, modify_user, modify_date, project_phase_id) VALUES (80018052, 80018154, 80018029, 30000411, 0, null, null, 124836, CURRENT, 124836, CURRENT, 80018147);
INSERT INTO review_item (review_item_id, review_id, scorecard_question_id, upload_id, answer, sort, create_user, create_date, modify_user, modify_date) VALUES (80018052, 80018052, 30001001, 80018037, '3/4', 0, 124836, CURRENT, 124836, CURRENT);
INSERT INTO review_item_comment (review_item_comment_id, resource_id, review_item_id, comment_type_id, content, extra_info, sort, create_user, create_date, modify_user, modify_date) VALUES (80018071, 80018154, 80018052, 1, 'Not all web modules are deployed successfullu as requested. Also there are issues with deployed Direct application.', NULL, 0, 124836, CURRENT, 124836, CURRENT);
INSERT INTO review_item_comment (review_item_comment_id, resource_id, review_item_id, comment_type_id, content, extra_info, sort, create_user, create_date, modify_user, modify_date) VALUES (80018072, 80018154, 80018052, 1, 'web_trunk\src\main\com\topcoder\web\tc\Constants.java, seems has some encoding problem.  ------------------------- The number of seconds the ?Resend Token? button should be disabled after a click. ------------------------ *It supports a variable ?{token}? which is supposed to be replaced by the real token. --------------------------- *It supports variables - ?{userId}?, ?{key}? and ?{expiredAt}? ? that are used to construct the verification link. ------------------------- ', NULL, 0, 124836, CURRENT, 124836, CURRENT);
INSERT INTO notification (project_id, external_ref_id, notification_type_id, create_user, create_date, modify_user, modify_date) VALUES (80018013, 80018016, 1, 132456, CURRENT, 132456, CURRENT);
INSERT INTO notification (project_id, external_ref_id, notification_type_id, create_user, create_date, modify_user, modify_date) VALUES (80018013, 80018017, 1, 132456, CURRENT, 132456, CURRENT);
INSERT INTO notification (project_id, external_ref_id, notification_type_id, create_user, create_date, modify_user, modify_date) VALUES (80018013, 124836, 1, 132456, CURRENT, 132456, CURRENT);
INSERT INTO notification (project_id, external_ref_id, notification_type_id, create_user, create_date, modify_user, modify_date) VALUES (80018013, 80018018, 1, 132456, CURRENT, 132456, CURRENT);
INSERT INTO notification (project_id, external_ref_id, notification_type_id, create_user, create_date, modify_user, modify_date) VALUES (80018013, 132458, 1, 132456, CURRENT, 132456, CURRENT);
INSERT INTO notification (project_id, external_ref_id, notification_type_id, create_user, create_date, modify_user, modify_date) VALUES (80018013, 132456, 1, 132456, CURRENT, 132456, CURRENT);
INSERT INTO notification (project_id, external_ref_id, notification_type_id, create_user, create_date, modify_user, modify_date) VALUES (80018013, 132457, 1, 132456, CURRENT, 132456, CURRENT);
INSERT INTO notification (project_id, external_ref_id, notification_type_id, create_user, create_date, modify_user, modify_date) VALUES (80018013, 22770213, 1, 132456, CURRENT, 132456, CURRENT);
INSERT INTO contest_sale (contest_sale_id, contest_id, sale_status_id, price, paypal_order_id, create_date, sale_reference_id, sale_type_id) VALUES (80018013, 80018013, 1, 8436.0, 'PO BOX 80018001', CURRENT, 'PO BOX 80018001', 2);
INSERT INTO project_payment (project_payment_id, project_payment_type_id, resource_id, submission_id, amount, pacts_payment_id, create_user,create_date, modify_user, modify_date) VALUES (80018044, 3, 80018147, null, 50.0, null, 132456, CURRENT, 132456, CURRENT);
INSERT INTO project_payment (project_payment_id, project_payment_type_id, resource_id, submission_id, amount, pacts_payment_id, create_user,create_date, modify_user, modify_date) VALUES (80018049, 2, 80018148, 80018028, 92.0, null, 132456, CURRENT, 132456, CURRENT);
INSERT INTO project_payment (project_payment_id, project_payment_type_id, resource_id, submission_id, amount, pacts_payment_id, create_user,create_date, modify_user, modify_date) VALUES (80018048, 2, 80018149, 80018030, 70.0, null, 132456, CURRENT, 132456, CURRENT);
INSERT INTO project_payment (project_payment_id, project_payment_type_id, resource_id, submission_id, amount, pacts_payment_id, create_user,create_date, modify_user, modify_date) VALUES (80018045, 3, 80018151, null, 20.0, null, 132456, CURRENT, 132456, CURRENT);
INSERT INTO project_payment (project_payment_id, project_payment_type_id, resource_id, submission_id, amount, pacts_payment_id, create_user,create_date, modify_user, modify_date) VALUES (80018046, 3, 80018152, null, 50.0, null, 132456, CURRENT, 132456, CURRENT);
INSERT INTO project_payment (project_payment_id, project_payment_type_id, resource_id, submission_id, amount, pacts_payment_id, create_user,create_date, modify_user, modify_date) VALUES (80018047, 3, 80018153, null, 50.0, null, 132456, CURRENT, 132456, CURRENT);
INSERT INTO project_payment (project_payment_id, project_payment_type_id, resource_id, submission_id, amount, pacts_payment_id, create_user,create_date, modify_user, modify_date) VALUES (80018050, 4, 80018157, null, 350.0, null, 132456, CURRENT, 132456, CURRENT);
INSERT INTO contest_milestone_xref (contest_id, project_milestone_id, create_user, create_date, modify_user, modify_date) VALUES (80018013, 800180010, 132456, CURRENT, 132456, CURRENT);
INSERT INTO review_auction (review_auction_id, project_id, review_auction_type_id) VALUES (80028013, 80018013, 3);
INSERT INTO review_auction (review_auction_id, project_id, review_auction_type_id) VALUES (80018013, 80018013, 1);
INSERT INTO comp_catalog (component_id, current_version, short_desc, component_name, description, function_desc, create_time, status_id, root_category_id, modify_date, public_ind)  VALUES (80018014, 1, 'Short description for Assembly Competition Contest 14', 'Assembly Competition Contest 14', 'Description for Assembly Competition Contest 14', 'Functional description for Assembly Competition Contest 14', CURRENT, 1, 9926572, CURRENT, 1);
INSERT INTO comp_categories (comp_categories_id, component_id, category_id)  VALUES (80018014, 80018014, 9926572);
INSERT INTO comp_versions (comp_vers_id, component_id, version, version_text, create_time, phase_id, phase_time, price, comments, modify_date, suspended_ind) VALUES (80018014, 80018014, 1, '1.0', CURRENT, 112, CURRENT, 1200.0, 'Comments for version #1', CURRENT, 0);
INSERT INTO comp_version_dates (comp_version_dates_id, comp_vers_id, phase_id, posting_date, initial_submission_date, winner_announced_date, final_submission_date, estimated_dev_date, price, total_submissions, status_id, create_time, level_id, screening_complete_date, review_complete_date, aggregation_complete_date, phase_complete_date, production_date, aggregation_complete_date_comment, phase_complete_date_comment, review_complete_date_comment, winner_announced_date_comment, initial_submission_date_comment, screening_complete_date_comment, final_submission_date_comment, production_date_comment, modify_date) VALUES (80018014, 80018014, 112, '1976-06-05', '2000-02-01', '2000-02-01', '2000-02-01', '2000-02-01', 0.00, 0, 301, CURRENT, 100, '2000-02-01', '2000-02-01', '2000-02-01', '2000-02-01', null, null, null, null, null, null, null, null, null, CURRENT);
INSERT INTO comp_technology (comp_tech_id, comp_vers_id, technology_type_id) VALUES (800180140, 80018014, 26740931);
INSERT INTO comp_technology (comp_tech_id, comp_vers_id, technology_type_id) VALUES (800180141, 80018014, 26753797);
INSERT INTO project (project_id, project_status_id, project_category_id, create_user, create_date, modify_user, modify_date, tc_direct_project_id, project_studio_spec_id) VALUES (80018014, 1, 14, 132456, CURRENT, 132456, CURRENT, 80018001, NULL);
INSERT INTO project_info (project_id, project_info_type_id, value, create_user, create_date, modify_user, modify_date) VALUES (80018014, 1, '80018014', 132456, CURRENT, 132456, CURRENT);
INSERT INTO project_info (project_id, project_info_type_id, value, create_user, create_date, modify_user, modify_date) VALUES (80018014, 2, '80018014', 132456, CURRENT, 132456, CURRENT);
INSERT INTO project_info (project_id, project_info_type_id, value, create_user, create_date, modify_user, modify_date) VALUES (80018014, 3, '80018014', 132456, CURRENT, 132456, CURRENT);
INSERT INTO project_info (project_id, project_info_type_id, value, create_user, create_date, modify_user, modify_date) VALUES (80018014, 4, '80018015', 132456, CURRENT, 132456, CURRENT);
INSERT INTO comp_jive_category_xref (comp_vers_id, jive_category_id) VALUES (80018014, 0);
INSERT INTO project_info (project_id, project_info_type_id, value, create_user, create_date, modify_user, modify_date) VALUES (80018014, 5, '9926572', 132456, CURRENT, 132456, CURRENT);
INSERT INTO project_info (project_id, project_info_type_id, value, create_user, create_date, modify_user, modify_date) VALUES (80018014, 6, 'Assembly Competition Contest 14', 132456, CURRENT, 132456, CURRENT);
INSERT INTO project_info (project_id, project_info_type_id, value, create_user, create_date, modify_user, modify_date) VALUES (80018014, 7, '1.0', 132456, CURRENT, 132456, CURRENT);
INSERT INTO project_info (project_id, project_info_type_id, value, create_user, create_date, modify_user, modify_date) VALUES (80018014, 8, '', 132456, CURRENT, 132456, CURRENT);
INSERT INTO project_info (project_id, project_info_type_id, value, create_user, create_date, modify_user, modify_date) VALUES (80018014, 11, 'On', 132456, CURRENT, 132456, CURRENT);
INSERT INTO project_info (project_id, project_info_type_id, value, create_user, create_date, modify_user, modify_date) VALUES (80018014, 9, 'On', 132456, CURRENT, 132456, CURRENT);
INSERT INTO project_info (project_id, project_info_type_id, value, create_user, create_date, modify_user, modify_date) VALUES (80018014, 10, 'On', 132456, CURRENT, 132456, CURRENT);
INSERT INTO project_info (project_id, project_info_type_id, value, create_user, create_date, modify_user, modify_date) VALUES (80018014, 12, 'Yes', 132456, CURRENT, 132456, CURRENT);
INSERT INTO project_info (project_id, project_info_type_id, value, create_user, create_date, modify_user, modify_date) VALUES (80018014, 13, 'Yes', 132456, CURRENT, 132456, CURRENT);
INSERT INTO project_info (project_id, project_info_type_id, value, create_user, create_date, modify_user, modify_date) VALUES (80018014, 14, 'Open', 132456, CURRENT, 132456, CURRENT);
INSERT INTO project_info (project_id, project_info_type_id, value, create_user, create_date, modify_user, modify_date) VALUES (80018014, 16, '1200.0', 132456, CURRENT, 132456, CURRENT);
INSERT INTO project_info (project_id, project_info_type_id, value, create_user, create_date, modify_user, modify_date) VALUES (80018014, 17, '', 132456, CURRENT, 132456, CURRENT);
INSERT INTO project_info (project_id, project_info_type_id, value, create_user, create_date, modify_user, modify_date) VALUES (80018014, 26, 'On', 132456, CURRENT, 132456, CURRENT);
INSERT INTO project_info (project_id, project_info_type_id, value, create_user, create_date, modify_user, modify_date) VALUES (80018014, 30, '540.0', 132456, CURRENT, 132456, CURRENT);
INSERT INTO project_info (project_id, project_info_type_id, value, create_user, create_date, modify_user, modify_date) VALUES (80018014, 31, '6001.0', 132456, CURRENT, 132456, CURRENT);
INSERT INTO project_info (project_id, project_info_type_id, value, create_user, create_date, modify_user, modify_date) VALUES (80018014, 33, '761.0', 132456, CURRENT, 132456, CURRENT);
INSERT INTO project_info (project_id, project_info_type_id, value, create_user, create_date, modify_user, modify_date) VALUES (80018014, 35, '30.0', 132456, CURRENT, 132456, CURRENT);
INSERT INTO project_info (project_id, project_info_type_id, value, create_user, create_date, modify_user, modify_date) VALUES (80018014, 36, '1200.0', 132456, CURRENT, 132456, CURRENT);
INSERT INTO project_info (project_id, project_info_type_id, value, create_user, create_date, modify_user, modify_date) VALUES (80018014, 37, '600.0', 132456, CURRENT, 132456, CURRENT);
INSERT INTO project_info (project_id, project_info_type_id, value, create_user, create_date, modify_user, modify_date) VALUES (80018014, 45, 'true', 132456, CURRENT, 132456, CURRENT);
INSERT INTO project_info (project_id, project_info_type_id, value, create_user, create_date, modify_user, modify_date) VALUES (80018014, 47, 'true', 132456, CURRENT, 132456, CURRENT);
INSERT INTO project_info (project_id, project_info_type_id, value, create_user, create_date, modify_user, modify_date) VALUES (80018014, 38, '380.0', 132456, CURRENT, 132456, CURRENT);
INSERT INTO project_info (project_id, project_info_type_id, value, create_user, create_date, modify_user, modify_date) VALUES (80018014, 39, '0.0', 132456, CURRENT, 132456, CURRENT);
INSERT INTO project_info (project_id, project_info_type_id, value, create_user, create_date, modify_user, modify_date) VALUES (80018014, 40, 'C', 132456, CURRENT, 132456, CURRENT);
INSERT INTO project_info (project_id, project_info_type_id, value, create_user, create_date, modify_user, modify_date) VALUES (80018014, 32, '80018001', 132456, CURRENT, 132456, CURRENT);
INSERT INTO project_info (project_id, project_info_type_id, value, create_user, create_date, modify_user, modify_date) VALUES (80018014, 41, 'true', 132456, CURRENT, 132456, CURRENT);
INSERT INTO project_info (project_id, project_info_type_id, value, create_user, create_date, modify_user, modify_date) VALUES (80018014, 43, 'true', 132456, CURRENT, 132456, CURRENT);
INSERT INTO project_info (project_id, project_info_type_id, value, create_user, create_date, modify_user, modify_date) VALUES (80018014, 44, 'false', 132456, CURRENT, 132456, CURRENT);
INSERT INTO project_info (project_id, project_info_type_id, value, create_user, create_date, modify_user, modify_date) VALUES (80018014, 46, 'true', 132456, CURRENT, 132456, CURRENT);
INSERT INTO project_info (project_id, project_info_type_id, value, create_user, create_date, modify_user, modify_date) VALUES (80018014, 48, 'true', 132456, CURRENT, 132456, CURRENT);
INSERT INTO project_info (project_id, project_info_type_id, value, create_user, create_date, modify_user, modify_date) VALUES (80018014, 49, '500', 132456, CURRENT, 132456, CURRENT);
INSERT INTO project_info (project_id, project_info_type_id, value, create_user, create_date, modify_user, modify_date) VALUES (80018014, 59, 'true', 132456, CURRENT, 132456, CURRENT);
INSERT INTO prize (prize_id, place, prize_amount, prize_type_id, number_of_submissions,                    create_user, create_date, modify_user, modify_date, project_id) VALUES (80018031, 1, 1200.0, 15, 1, 132456, CURRENT, 132456, CURRENT, 80018014);
INSERT INTO prize (prize_id, place, prize_amount, prize_type_id, number_of_submissions,                    create_user, create_date, modify_user, modify_date, project_id) VALUES (80018032, 2, 600.0, 15, 1, 132456, CURRENT, 132456, CURRENT, 80018014);
INSERT INTO project_spec (project_spec_id, project_id, version, detailed_requirements, submission_deliverables, environment_setup_instruction, final_submission_guidelines, private_description, create_user, create_date, modify_user, modify_date) VALUES (80018014, 80018014, 1, 'Detailed requirements for Assembly Competition Contest 14', '', '', 'Final submission guidelines for Assembly Competition Contest 14', '', 132456, CURRENT, 132456, CURRENT);
INSERT INTO project_phase (project_phase_id, project_id, phase_type_id, phase_status_id, fixed_start_time, scheduled_start_time, scheduled_end_time, actual_start_time, actual_end_time, duration, create_user, create_date, modify_user, modify_date) VALUES (80018154, 80018014, 13, 3, CURRENT + -15240 UNITS MINUTE, CURRENT + -15240 UNITS MINUTE, CURRENT + -12360 UNITS MINUTE, CURRENT + -15240 UNITS MINUTE, CURRENT + -12360 UNITS MINUTE, 172800000, 132456, CURRENT, 132456, CURRENT);
INSERT INTO project_phase (project_phase_id, project_id, phase_type_id, phase_status_id, fixed_start_time, scheduled_start_time, scheduled_end_time, actual_start_time, actual_end_time, duration, create_user, create_date, modify_user, modify_date) VALUES (80018155, 80018014, 14, 3, null, CURRENT + -12360 UNITS MINUTE, CURRENT + -12240 UNITS MINUTE, CURRENT + -12360 UNITS MINUTE, CURRENT + -12240 UNITS MINUTE, 7200000, 132456, CURRENT, 132456, CURRENT);
INSERT INTO project_phase (project_phase_id, project_id, phase_type_id, phase_status_id, fixed_start_time, scheduled_start_time, scheduled_end_time, actual_start_time, actual_end_time, duration, create_user, create_date, modify_user, modify_date) VALUES (80018156, 80018014, 1, 3, CURRENT + -12240 UNITS MINUTE, CURRENT + -12240 UNITS MINUTE, CURRENT + -9360 UNITS MINUTE, CURRENT + -12240 UNITS MINUTE, CURRENT + -9360 UNITS MINUTE, 172800000, 132456, CURRENT, 132456, CURRENT);
INSERT INTO project_phase (project_phase_id, project_id, phase_type_id, phase_status_id, fixed_start_time, scheduled_start_time, scheduled_end_time, actual_start_time, actual_end_time, duration, create_user, create_date, modify_user, modify_date) VALUES (80018157, 80018014, 2, 3, null, CURRENT + -12240 UNITS MINUTE, CURRENT + -5040 UNITS MINUTE, CURRENT + -12240 UNITS MINUTE, CURRENT + -5040 UNITS MINUTE, 432000000, 132456, CURRENT, 132456, CURRENT);
INSERT INTO project_phase (project_phase_id, project_id, phase_type_id, phase_status_id, fixed_start_time, scheduled_start_time, scheduled_end_time, actual_start_time, actual_end_time, duration, create_user, create_date, modify_user, modify_date) VALUES (80018158, 80018014, 3, 3, null, CURRENT + -5040 UNITS MINUTE, CURRENT + -4320 UNITS MINUTE, CURRENT + -5040 UNITS MINUTE, CURRENT + -4320 UNITS MINUTE, 43200000, 132456, CURRENT, 132456, CURRENT);
INSERT INTO project_phase (project_phase_id, project_id, phase_type_id, phase_status_id, fixed_start_time, scheduled_start_time, scheduled_end_time, actual_start_time, actual_end_time, duration, create_user, create_date, modify_user, modify_date) VALUES (80018159, 80018014, 4, 2, null, CURRENT + -4320 UNITS MINUTE, CURRENT + -1440 UNITS MINUTE, CURRENT + -4320 UNITS MINUTE, null, 172800000, 132456, CURRENT, 132456, CURRENT);
INSERT INTO project_phase (project_phase_id, project_id, phase_type_id, phase_status_id, fixed_start_time, scheduled_start_time, scheduled_end_time, actual_start_time, actual_end_time, duration, create_user, create_date, modify_user, modify_date) VALUES (80018160, 80018014, 5, 1, null, CURRENT + -1440 UNITS MINUTE, CURRENT + 0 UNITS MINUTE, null, null, 86400000, 132456, CURRENT, 132456, CURRENT);
INSERT INTO project_phase (project_phase_id, project_id, phase_type_id, phase_status_id, fixed_start_time, scheduled_start_time, scheduled_end_time, actual_start_time, actual_end_time, duration, create_user, create_date, modify_user, modify_date) VALUES (80018161, 80018014, 6, 1, null, CURRENT + 0 UNITS MINUTE, CURRENT + 720 UNITS MINUTE, null, null, 43200000, 132456, CURRENT, 132456, CURRENT);
INSERT INTO project_phase (project_phase_id, project_id, phase_type_id, phase_status_id, fixed_start_time, scheduled_start_time, scheduled_end_time, actual_start_time, actual_end_time, duration, create_user, create_date, modify_user, modify_date) VALUES (80018162, 80018014, 7, 1, null, CURRENT + 720 UNITS MINUTE, CURRENT + 1440 UNITS MINUTE, null, null, 43200000, 132456, CURRENT, 132456, CURRENT);
INSERT INTO project_phase (project_phase_id, project_id, phase_type_id, phase_status_id, fixed_start_time, scheduled_start_time, scheduled_end_time, actual_start_time, actual_end_time, duration, create_user, create_date, modify_user, modify_date) VALUES (80018163, 80018014, 9, 1, null, CURRENT + 1440 UNITS MINUTE, CURRENT + 2880 UNITS MINUTE, null, null, 86400000, 132456, CURRENT, 132456, CURRENT);
INSERT INTO project_phase (project_phase_id, project_id, phase_type_id, phase_status_id, fixed_start_time, scheduled_start_time, scheduled_end_time, actual_start_time, actual_end_time, duration, create_user, create_date, modify_user, modify_date) VALUES (80018164, 80018014, 10, 1, null, CURRENT + 2880 UNITS MINUTE, CURRENT + 3600 UNITS MINUTE, null, null, 43200000, 132456, CURRENT, 132456, CURRENT);
INSERT INTO project_phase (project_phase_id, project_id, phase_type_id, phase_status_id, fixed_start_time, scheduled_start_time, scheduled_end_time, actual_start_time, actual_end_time, duration, create_user, create_date, modify_user, modify_date) VALUES (80018165, 80018014, 11, 1, null, CURRENT + 3600 UNITS MINUTE, CURRENT + 10800 UNITS MINUTE, null, null, 432000000, 132456, CURRENT, 132456, CURRENT);
INSERT INTO phase_dependency (dependency_phase_id, dependent_phase_id, dependency_start, dependent_start, lag_time, create_user, create_date, modify_user, modify_date) VALUES (80018154, 80018155, 0, 1, 0, 132456, CURRENT, 132456, CURRENT);
INSERT INTO phase_dependency (dependency_phase_id, dependent_phase_id, dependency_start, dependent_start, lag_time, create_user, create_date, modify_user, modify_date) VALUES (80018155, 80018156, 0, 1, 0, 132456, CURRENT, 132456, CURRENT);
INSERT INTO phase_dependency (dependency_phase_id, dependent_phase_id, dependency_start, dependent_start, lag_time, create_user, create_date, modify_user, modify_date) VALUES (80018156, 80018157, 1, 1, 0, 132456, CURRENT, 132456, CURRENT);
INSERT INTO phase_dependency (dependency_phase_id, dependent_phase_id, dependency_start, dependent_start, lag_time, create_user, create_date, modify_user, modify_date) VALUES (80018157, 80018158, 0, 1, 0, 132456, CURRENT, 132456, CURRENT);
INSERT INTO phase_dependency (dependency_phase_id, dependent_phase_id, dependency_start, dependent_start, lag_time, create_user, create_date, modify_user, modify_date) VALUES (80018158, 80018159, 0, 1, 0, 132456, CURRENT, 132456, CURRENT);
INSERT INTO phase_dependency (dependency_phase_id, dependent_phase_id, dependency_start, dependent_start, lag_time, create_user, create_date, modify_user, modify_date) VALUES (80018159, 80018160, 0, 1, 0, 132456, CURRENT, 132456, CURRENT);
INSERT INTO phase_dependency (dependency_phase_id, dependent_phase_id, dependency_start, dependent_start, lag_time, create_user, create_date, modify_user, modify_date) VALUES (80018160, 80018161, 0, 1, 0, 132456, CURRENT, 132456, CURRENT);
INSERT INTO phase_dependency (dependency_phase_id, dependent_phase_id, dependency_start, dependent_start, lag_time, create_user, create_date, modify_user, modify_date) VALUES (80018161, 80018162, 0, 1, 0, 132456, CURRENT, 132456, CURRENT);
INSERT INTO phase_dependency (dependency_phase_id, dependent_phase_id, dependency_start, dependent_start, lag_time, create_user, create_date, modify_user, modify_date) VALUES (80018162, 80018163, 0, 1, 0, 132456, CURRENT, 132456, CURRENT);
INSERT INTO phase_dependency (dependency_phase_id, dependent_phase_id, dependency_start, dependent_start, lag_time, create_user, create_date, modify_user, modify_date) VALUES (80018163, 80018164, 0, 1, 0, 132456, CURRENT, 132456, CURRENT);
INSERT INTO phase_dependency (dependency_phase_id, dependent_phase_id, dependency_start, dependent_start, lag_time, create_user, create_date, modify_user, modify_date) VALUES (80018164, 80018165, 0, 1, 0, 132456, CURRENT, 132456, CURRENT);
INSERT INTO phase_criteria (project_phase_id, phase_criteria_type_id, parameter, create_user, create_date, modify_user, modify_date) VALUES (80018155, 1, '30000722', 132456, CURRENT, 132456, CURRENT);
INSERT INTO phase_criteria (project_phase_id, phase_criteria_type_id, parameter, create_user, create_date, modify_user, modify_date) VALUES (80018155, 6, '1', 132456, CURRENT, 132456, CURRENT);
INSERT INTO phase_criteria (project_phase_id, phase_criteria_type_id, parameter, create_user, create_date, modify_user, modify_date) VALUES (80018156, 2, '0', 132456, CURRENT, 132456, CURRENT);
INSERT INTO phase_criteria (project_phase_id, phase_criteria_type_id, parameter, create_user, create_date, modify_user, modify_date) VALUES (80018156, 5, 'No', 132456, CURRENT, 132456, CURRENT);
INSERT INTO phase_criteria (project_phase_id, phase_criteria_type_id, parameter, create_user, create_date, modify_user, modify_date) VALUES (80018157, 3, '0', 132456, CURRENT, 132456, CURRENT);
INSERT INTO phase_criteria (project_phase_id, phase_criteria_type_id, parameter, create_user, create_date, modify_user, modify_date) VALUES (80018157, 5, 'Yes', 132456, CURRENT, 132456, CURRENT);
INSERT INTO phase_criteria (project_phase_id, phase_criteria_type_id, parameter, create_user, create_date, modify_user, modify_date) VALUES (80018158, 1, '30000410', 132456, CURRENT, 132456, CURRENT);
INSERT INTO phase_criteria (project_phase_id, phase_criteria_type_id, parameter, create_user, create_date, modify_user, modify_date) VALUES (80018158, 5, 'No', 132456, CURRENT, 132456, CURRENT);
INSERT INTO phase_criteria (project_phase_id, phase_criteria_type_id, parameter, create_user, create_date, modify_user, modify_date) VALUES (80018159, 1, '30000411', 132456, CURRENT, 132456, CURRENT);
INSERT INTO phase_criteria (project_phase_id, phase_criteria_type_id, parameter, create_user, create_date, modify_user, modify_date) VALUES (80018159, 5, 'No', 132456, CURRENT, 132456, CURRENT);
INSERT INTO phase_criteria (project_phase_id, phase_criteria_type_id, parameter, create_user, create_date, modify_user, modify_date) VALUES (80018159, 6, '3', 132456, CURRENT, 132456, CURRENT);
INSERT INTO phase_criteria (project_phase_id, phase_criteria_type_id, parameter, create_user, create_date, modify_user, modify_date) VALUES (80018160, 4, 'No', 132456, CURRENT, 132456, CURRENT);
INSERT INTO phase_criteria (project_phase_id, phase_criteria_type_id, parameter, create_user, create_date, modify_user, modify_date) VALUES (80018160, 5, 'No', 132456, CURRENT, 132456, CURRENT);
INSERT INTO phase_criteria (project_phase_id, phase_criteria_type_id, parameter, create_user, create_date, modify_user, modify_date) VALUES (80018161, 5, 'No', 132456, CURRENT, 132456, CURRENT);
INSERT INTO phase_criteria (project_phase_id, phase_criteria_type_id, parameter, create_user, create_date, modify_user, modify_date) VALUES (80018162, 5, 'No', 132456, CURRENT, 132456, CURRENT);
INSERT INTO phase_criteria (project_phase_id, phase_criteria_type_id, parameter, create_user, create_date, modify_user, modify_date) VALUES (80018163, 5, 'No', 132456, CURRENT, 132456, CURRENT);
INSERT INTO phase_criteria (project_phase_id, phase_criteria_type_id, parameter, create_user, create_date, modify_user, modify_date) VALUES (80018164, 5, 'No', 132456, CURRENT, 132456, CURRENT);
INSERT INTO phase_criteria (project_phase_id, phase_criteria_type_id, parameter, create_user, create_date, modify_user, modify_date) VALUES (80018165, 1, '30000720', 132456, CURRENT, 132456, CURRENT);
INSERT INTO phase_criteria (project_phase_id, phase_criteria_type_id, parameter, create_user, create_date, modify_user, modify_date) VALUES (80018165, 6, '1', 132456, CURRENT, 132456, CURRENT);
INSERT INTO resource (resource_id, resource_role_id, project_id, project_phase_id, create_user, create_date, modify_user, modify_date, user_id) VALUES (80018159, 13, 80018014, NULL, 132456, CURRENT, 132456, CURRENT, 132456);
INSERT INTO resource (resource_id, resource_role_id, project_id, project_phase_id, create_user, create_date, modify_user, modify_date, user_id) VALUES (80018160, 13, 80018014, NULL, 132456, CURRENT, 132456, CURRENT, 22770213);
INSERT INTO resource (resource_id, resource_role_id, project_id, project_phase_id, create_user, create_date, modify_user, modify_date, user_id) VALUES (80018161, 17, 80018014, NULL, 132456, CURRENT, 132456, CURRENT, 132458);
INSERT INTO resource (resource_id, resource_role_id, project_id, project_phase_id, create_user, create_date, modify_user, modify_date, user_id) VALUES (80018162, 18, 80018014, 80018155, 132456, CURRENT, 132456, CURRENT, 124916);
INSERT INTO resource (resource_id, resource_role_id, project_id, project_phase_id, create_user, create_date, modify_user, modify_date, user_id) VALUES (80018163, 1, 80018014, NULL, 132456, CURRENT, 132456, CURRENT, 80018007);
INSERT INTO component_inquiry (component_inquiry_id, component_id, user_id, comment, agreed_to_terms, rating, phase, tc_user_id, version, create_time, project_id) VALUES (80018037, 80018014, 80018007, null, 1, 0, 125, 80018007, 0, CURRENT, 80018014);
INSERT INTO project_result (user_id, project_id, old_rating, new_rating, raw_score, final_score, payment, placed, rating_ind, valid_submission_ind, create_date, modify_date, passed_review_ind, point_adjustment, rating_order) VALUES (80018007, 80018014, null, null, null, null, null, null, 0, 0, CURRENT, CURRENT, null, null, null);
UPDATE user_rating SET rating = 0 WHERE user_id = 80018007 AND phase_id = 125;
INSERT INTO resource (resource_id, resource_role_id, project_id, project_phase_id, create_user, create_date, modify_user, modify_date, user_id) VALUES (80018164, 1, 80018014, NULL, 132456, CURRENT, 132456, CURRENT, 80018016);
INSERT INTO component_inquiry (component_inquiry_id, component_id, user_id, comment, agreed_to_terms, rating, phase, tc_user_id, version, create_time, project_id) VALUES (80018038, 80018014, 80018016, null, 1, 0, 125, 80018016, 0, CURRENT, 80018014);
INSERT INTO project_result (user_id, project_id, old_rating, new_rating, raw_score, final_score, payment, placed, rating_ind, valid_submission_ind, create_date, modify_date, passed_review_ind, point_adjustment, rating_order) VALUES (80018016, 80018014, null, null, null, null, null, null, 0, 0, CURRENT, CURRENT, null, null, null);
UPDATE user_rating SET rating = 0 WHERE user_id = 80018016 AND phase_id = 125;
INSERT INTO resource (resource_id, resource_role_id, project_id, project_phase_id, create_user, create_date, modify_user, modify_date, user_id) VALUES (80018165, 1, 80018014, NULL, 132456, CURRENT, 132456, CURRENT, 80018009);
INSERT INTO component_inquiry (component_inquiry_id, component_id, user_id, comment, agreed_to_terms, rating, phase, tc_user_id, version, create_time, project_id) VALUES (80018039, 80018014, 80018009, null, 1, 0, 125, 80018009, 0, CURRENT, 80018014);
INSERT INTO project_result (user_id, project_id, old_rating, new_rating, raw_score, final_score, payment, placed, rating_ind, valid_submission_ind, create_date, modify_date, passed_review_ind, point_adjustment, rating_order) VALUES (80018009, 80018014, null, null, null, null, null, null, 0, 0, CURRENT, CURRENT, null, null, null);
UPDATE user_rating SET rating = 0 WHERE user_id = 80018009 AND phase_id = 125;
INSERT INTO resource (resource_id, resource_role_id, project_id, project_phase_id, create_user, create_date, modify_user, modify_date, user_id) VALUES (80018166, 2, 80018014, 80018158, 132456, CURRENT, 132456, CURRENT, 124836);
INSERT INTO resource (resource_id, resource_role_id, project_id, project_phase_id, create_user, create_date, modify_user, modify_date, user_id) VALUES (80018167, 4, 80018014, 80018159, 132456, CURRENT, 132456, CURRENT, 124836);
INSERT INTO resource (resource_id, resource_role_id, project_id, project_phase_id, create_user, create_date, modify_user, modify_date, user_id) VALUES (80018168, 8, 80018014, 80018162, 132456, CURRENT, 132456, CURRENT, 124836);
INSERT INTO resource (resource_id, resource_role_id, project_id, project_phase_id, create_user, create_date, modify_user, modify_date, user_id) VALUES (80018169, 9, 80018014, 80018164, 132456, CURRENT, 132456, CURRENT, 124836);
INSERT INTO resource (resource_id, resource_role_id, project_id, project_phase_id, create_user, create_date, modify_user, modify_date, user_id) VALUES (80018170, 14, 80018014, NULL, 132456, CURRENT, 132456, CURRENT, 132456);
INSERT INTO resource (resource_id, resource_role_id, project_id, project_phase_id, create_user, create_date, modify_user, modify_date, user_id) VALUES (80018171, 10, 80018014, NULL, 132456, CURRENT, 132456, CURRENT, 132458);
INSERT INTO resource_info (resource_id, resource_info_type_id, value, create_user, create_date, modify_user, modify_date) VALUES (80018159, 1, '132456', 132456, CURRENT, 132456, CURRENT);
INSERT INTO resource_info (resource_id, resource_info_type_id, value, create_user, create_date, modify_user, modify_date) VALUES (80018159, 2, 'heffan', 132456, CURRENT, 132456, CURRENT);
INSERT INTO resource_info (resource_id, resource_info_type_id, value, create_user, create_date, modify_user, modify_date) VALUES (80018159, 8, 'N/A', 132456, CURRENT, 132456, CURRENT);
INSERT INTO resource_info (resource_id, resource_info_type_id, value, create_user, create_date, modify_user, modify_date) VALUES (80018159, 6, '05.12.2016 03:16 AM', 132456, CURRENT, 132456, CURRENT);
INSERT INTO resource_info (resource_id, resource_info_type_id, value, create_user, create_date, modify_user, modify_date) VALUES (80018160, 1, '22770213', 132456, CURRENT, 132456, CURRENT);
INSERT INTO resource_info (resource_id, resource_info_type_id, value, create_user, create_date, modify_user, modify_date) VALUES (80018160, 2, 'Applications', 132456, CURRENT, 132456, CURRENT);
INSERT INTO resource_info (resource_id, resource_info_type_id, value, create_user, create_date, modify_user, modify_date) VALUES (80018160, 8, 'N/A', 132456, CURRENT, 132456, CURRENT);
INSERT INTO resource_info (resource_id, resource_info_type_id, value, create_user, create_date, modify_user, modify_date) VALUES (80018160, 6, '05.12.2016 03:17 AM', 132456, CURRENT, 132456, CURRENT);
INSERT INTO resource_info (resource_id, resource_info_type_id, value, create_user, create_date, modify_user, modify_date) VALUES (80018161, 1, '132458', 132456, CURRENT, 132456, CURRENT);
INSERT INTO resource_info (resource_id, resource_info_type_id, value, create_user, create_date, modify_user, modify_date) VALUES (80018161, 2, 'user', 132456, CURRENT, 132456, CURRENT);
INSERT INTO resource_info (resource_id, resource_info_type_id, value, create_user, create_date, modify_user, modify_date) VALUES (80018161, 8, 'N/A', 132456, CURRENT, 132456, CURRENT);
INSERT INTO resource_info (resource_id, resource_info_type_id, value, create_user, create_date, modify_user, modify_date) VALUES (80018161, 6, '05.12.2016 03:18 AM', 132456, CURRENT, 132456, CURRENT);
INSERT INTO resource_info (resource_id, resource_info_type_id, value, create_user, create_date, modify_user, modify_date) VALUES (80018162, 1, '124916', 132456, CURRENT, 132456, CURRENT);
INSERT INTO resource_info (resource_id, resource_info_type_id, value, create_user, create_date, modify_user, modify_date) VALUES (80018162, 2, 'Yoshi', 132456, CURRENT, 132456, CURRENT);
INSERT INTO resource_info (resource_id, resource_info_type_id, value, create_user, create_date, modify_user, modify_date) VALUES (80018162, 8, 'N/A', 132456, CURRENT, 132456, CURRENT);
INSERT INTO resource_info (resource_id, resource_info_type_id, value, create_user, create_date, modify_user, modify_date) VALUES (80018162, 6, '05.03.2016 01:19 PM', 132456, CURRENT, 132456, CURRENT);
INSERT INTO resource_info (resource_id, resource_info_type_id, value, create_user, create_date, modify_user, modify_date) VALUES (80018163, 1, '80018007', 132456, CURRENT, 132456, CURRENT);
INSERT INTO resource_info (resource_id, resource_info_type_id, value, create_user, create_date, modify_user, modify_date) VALUES (80018163, 2, 'dok80018007', 132456, CURRENT, 132456, CURRENT);
INSERT INTO resource_info (resource_id, resource_info_type_id, value, create_user, create_date, modify_user, modify_date) VALUES (80018163, 3, 'test@test.com', 132456, CURRENT, 132456, CURRENT);
INSERT INTO resource_info (resource_id, resource_info_type_id, value, create_user, create_date, modify_user, modify_date) VALUES (80018163, 8, 'N/A', 132456, CURRENT, 132456, CURRENT);
INSERT INTO resource_info (resource_id, resource_info_type_id, value, create_user, create_date, modify_user, modify_date) VALUES (80018163, 6, '05.12.2016 03:20 AM', 132456, CURRENT, 132456, CURRENT);
INSERT INTO resource_info (resource_id, resource_info_type_id, value, create_user, create_date, modify_user, modify_date) VALUES (80018163, 13, 'No', 132456, CURRENT, 132456, CURRENT);
INSERT INTO resource_info (resource_id, resource_info_type_id, value, create_user, create_date, modify_user, modify_date) VALUES (80018164, 1, '80018016', 132456, CURRENT, 132456, CURRENT);
INSERT INTO resource_info (resource_id, resource_info_type_id, value, create_user, create_date, modify_user, modify_date) VALUES (80018164, 2, 'marcg80018016', 132456, CURRENT, 132456, CURRENT);
INSERT INTO resource_info (resource_id, resource_info_type_id, value, create_user, create_date, modify_user, modify_date) VALUES (80018164, 3, 'test@test.com', 132456, CURRENT, 132456, CURRENT);
INSERT INTO resource_info (resource_id, resource_info_type_id, value, create_user, create_date, modify_user, modify_date) VALUES (80018164, 8, 'N/A', 132456, CURRENT, 132456, CURRENT);
INSERT INTO resource_info (resource_id, resource_info_type_id, value, create_user, create_date, modify_user, modify_date) VALUES (80018164, 6, '05.12.2016 03:21 AM', 132456, CURRENT, 132456, CURRENT);
INSERT INTO resource_info (resource_id, resource_info_type_id, value, create_user, create_date, modify_user, modify_date) VALUES (80018164, 13, 'No', 132456, CURRENT, 132456, CURRENT);
INSERT INTO resource_info (resource_id, resource_info_type_id, value, create_user, create_date, modify_user, modify_date) VALUES (80018165, 1, '80018009', 132456, CURRENT, 132456, CURRENT);
INSERT INTO resource_info (resource_id, resource_info_type_id, value, create_user, create_date, modify_user, modify_date) VALUES (80018165, 2, 'Pops80018009', 132456, CURRENT, 132456, CURRENT);
INSERT INTO resource_info (resource_id, resource_info_type_id, value, create_user, create_date, modify_user, modify_date) VALUES (80018165, 3, 'test@test.com', 132456, CURRENT, 132456, CURRENT);
INSERT INTO resource_info (resource_id, resource_info_type_id, value, create_user, create_date, modify_user, modify_date) VALUES (80018165, 8, 'N/A', 132456, CURRENT, 132456, CURRENT);
INSERT INTO resource_info (resource_id, resource_info_type_id, value, create_user, create_date, modify_user, modify_date) VALUES (80018165, 6, '05.12.2016 03:22 AM', 132456, CURRENT, 132456, CURRENT);
INSERT INTO resource_info (resource_id, resource_info_type_id, value, create_user, create_date, modify_user, modify_date) VALUES (80018165, 13, 'No', 132456, CURRENT, 132456, CURRENT);
INSERT INTO resource_info (resource_id, resource_info_type_id, value, create_user, create_date, modify_user, modify_date) VALUES (80018166, 1, '124836', 132456, CURRENT, 132456, CURRENT);
INSERT INTO resource_info (resource_id, resource_info_type_id, value, create_user, create_date, modify_user, modify_date) VALUES (80018166, 2, 'annej9ny', 132456, CURRENT, 132456, CURRENT);
INSERT INTO resource_info (resource_id, resource_info_type_id, value, create_user, create_date, modify_user, modify_date) VALUES (80018166, 8, 'N/A', 132456, CURRENT, 132456, CURRENT);
INSERT INTO resource_info (resource_id, resource_info_type_id, value, create_user, create_date, modify_user, modify_date) VALUES (80018166, 6, '05.08.2016 03:23 PM', 132456, CURRENT, 132456, CURRENT);
INSERT INTO resource_info (resource_id, resource_info_type_id, value, create_user, create_date, modify_user, modify_date) VALUES (80018167, 1, '124836', 132456, CURRENT, 132456, CURRENT);
INSERT INTO resource_info (resource_id, resource_info_type_id, value, create_user, create_date, modify_user, modify_date) VALUES (80018167, 2, 'annej9ny', 132456, CURRENT, 132456, CURRENT);
INSERT INTO resource_info (resource_id, resource_info_type_id, value, create_user, create_date, modify_user, modify_date) VALUES (80018167, 8, 'N/A', 132456, CURRENT, 132456, CURRENT);
INSERT INTO resource_info (resource_id, resource_info_type_id, value, create_user, create_date, modify_user, modify_date) VALUES (80018167, 6, '05.09.2016 03:24 AM', 132456, CURRENT, 132456, CURRENT);
INSERT INTO resource_info (resource_id, resource_info_type_id, value, create_user, create_date, modify_user, modify_date) VALUES (80018168, 1, '124836', 132456, CURRENT, 132456, CURRENT);
INSERT INTO resource_info (resource_id, resource_info_type_id, value, create_user, create_date, modify_user, modify_date) VALUES (80018168, 2, 'annej9ny', 132456, CURRENT, 132456, CURRENT);
INSERT INTO resource_info (resource_id, resource_info_type_id, value, create_user, create_date, modify_user, modify_date) VALUES (80018168, 8, 'N/A', 132456, CURRENT, 132456, CURRENT);
INSERT INTO resource_info (resource_id, resource_info_type_id, value, create_user, create_date, modify_user, modify_date) VALUES (80018168, 6, '05.12.2016 03:25 PM', 132456, CURRENT, 132456, CURRENT);
INSERT INTO resource_info (resource_id, resource_info_type_id, value, create_user, create_date, modify_user, modify_date) VALUES (80018169, 1, '124836', 132456, CURRENT, 132456, CURRENT);
INSERT INTO resource_info (resource_id, resource_info_type_id, value, create_user, create_date, modify_user, modify_date) VALUES (80018169, 2, 'annej9ny', 132456, CURRENT, 132456, CURRENT);
INSERT INTO resource_info (resource_id, resource_info_type_id, value, create_user, create_date, modify_user, modify_date) VALUES (80018169, 8, 'N/A', 132456, CURRENT, 132456, CURRENT);
INSERT INTO resource_info (resource_id, resource_info_type_id, value, create_user, create_date, modify_user, modify_date) VALUES (80018169, 6, '05.14.2016 03:26 AM', 132456, CURRENT, 132456, CURRENT);
INSERT INTO resource_info (resource_id, resource_info_type_id, value, create_user, create_date, modify_user, modify_date) VALUES (80018170, 1, '132456', 132456, CURRENT, 132456, CURRENT);
INSERT INTO resource_info (resource_id, resource_info_type_id, value, create_user, create_date, modify_user, modify_date) VALUES (80018170, 2, 'heffan', 132456, CURRENT, 132456, CURRENT);
INSERT INTO resource_info (resource_id, resource_info_type_id, value, create_user, create_date, modify_user, modify_date) VALUES (80018170, 8, 'N/A', 132456, CURRENT, 132456, CURRENT);
INSERT INTO resource_info (resource_id, resource_info_type_id, value, create_user, create_date, modify_user, modify_date) VALUES (80018170, 6, '05.12.2016 03:27 AM', 132456, CURRENT, 132456, CURRENT);
INSERT INTO resource_info (resource_id, resource_info_type_id, value, create_user, create_date, modify_user, modify_date) VALUES (80018171, 1, '132458', 132456, CURRENT, 132456, CURRENT);
INSERT INTO resource_info (resource_id, resource_info_type_id, value, create_user, create_date, modify_user, modify_date) VALUES (80018171, 2, 'user', 132456, CURRENT, 132456, CURRENT);
INSERT INTO resource_info (resource_id, resource_info_type_id, value, create_user, create_date, modify_user, modify_date) VALUES (80018171, 8, 'N/A', 132456, CURRENT, 132456, CURRENT);
INSERT INTO resource_info (resource_id, resource_info_type_id, value, create_user, create_date, modify_user, modify_date) VALUES (80018171, 6, '05.12.2016 03:28 AM', 132456, CURRENT, 132456, CURRENT);
INSERT INTO upload (upload_id, project_id, resource_id, upload_type_id, upload_status_id, parameter, create_user, create_date, modify_user, modify_date, project_phase_id) VALUES (80018038, 80018014, 80018161, 1, 1, '80018014_80018161_80018038.zip', 132458, '2016-05-12 03:18:09', 132458, CURRENT, 80018154);
INSERT INTO upload (upload_id, project_id, resource_id, upload_type_id, upload_status_id, parameter, create_user, create_date, modify_user, modify_date, project_phase_id) VALUES (80018039, 80018014, 80018163, 1, 1, '80018014_80018163_80018039.zip', 80018007, '2016-05-12 03:20:09', 80018007, CURRENT, 80018157);
INSERT INTO upload (upload_id, project_id, resource_id, upload_type_id, upload_status_id, parameter, create_user, create_date, modify_user, modify_date, project_phase_id) VALUES (80018040, 80018014, 80018164, 1, 1, '80018014_80018164_80018040.zip', 80018016, '2016-05-12 03:21:09', 80018016, CURRENT, 80018157);
INSERT INTO upload (upload_id, project_id, resource_id, upload_type_id, upload_status_id, parameter, create_user, create_date, modify_user, modify_date, project_phase_id) VALUES (80018041, 80018014, 80018165, 1, 1, '80018014_80018165_80018041.zip', 80018009, '2016-05-12 03:22:09', 80018009, CURRENT, 80018157);
INSERT INTO upload (upload_id, project_id, resource_id, upload_type_id, upload_status_id, parameter, create_user, create_date, modify_user, modify_date, project_phase_id) VALUES (80018042, 80018014, 80018167, 4, 1, '80018014_80018167_80018042_screenshots.zip', 124836, '2016-05-12 03:15:09', 124836, CURRENT, 80018159);
INSERT INTO upload (upload_id, project_id, resource_id, upload_type_id, upload_status_id, parameter, create_user, create_date, modify_user, modify_date, project_phase_id) VALUES (80018043, 80018014, 80018167, 4, 1, '80018014_80018167_80018043_screenshots.zip', 124836, '2016-05-12 03:15:09', 124836, CURRENT, 80018159);
INSERT INTO submission (submission_id, upload_id, submission_status_id, screening_score, initial_score, final_score, placement, submission_type_id, create_user, create_date, modify_user, modify_date, prize_id) VALUES (80018032, 80018038, 1, null, null, null, null, 2, 132458, '2016-05-12 11:59:44', 132458, '2016-05-12 11:59:44', null);
INSERT INTO resource_submission (resource_id, submission_id, create_user, create_date, modify_user, modify_date) VALUES (80018161, 80018032, 132458, CURRENT, 132458, CURRENT);
INSERT INTO submission (submission_id, upload_id, submission_status_id, screening_score, initial_score, final_score, placement, submission_type_id, create_user, create_date, modify_user, modify_date, prize_id) VALUES (80018033, 80018039, 1, 100.0, null, null, null, 1, 80018007, '2016-05-12 11:36:25', 80018007, '2016-05-12 11:36:25', null);
INSERT INTO resource_submission (resource_id, submission_id, create_user, create_date, modify_user, modify_date) VALUES (80018163, 80018033, 80018007, CURRENT, 80018007, CURRENT);
INSERT INTO submission (submission_id, upload_id, submission_status_id, screening_score, initial_score, final_score, placement, submission_type_id, create_user, create_date, modify_user, modify_date, prize_id) VALUES (80018034, 80018040, 1, 75.0, null, null, null, 1, 80018016, '2016-05-12 11:26:12', 80018016, '2016-05-12 11:26:12', null);
INSERT INTO resource_submission (resource_id, submission_id, create_user, create_date, modify_user, modify_date) VALUES (80018164, 80018034, 80018016, CURRENT, 80018016, CURRENT);
INSERT INTO submission (submission_id, upload_id, submission_status_id, screening_score, initial_score, final_score, placement, submission_type_id, create_user, create_date, modify_user, modify_date, prize_id) VALUES (80018035, 80018041, 1, 75.0, null, null, null, 1, 80018009, '2016-05-12 12:13:53', 80018009, '2016-05-12 12:13:53', null);
INSERT INTO resource_submission (resource_id, submission_id, create_user, create_date, modify_user, modify_date) VALUES (80018165, 80018035, 80018009, CURRENT, 80018009, CURRENT);
INSERT INTO review (review_id, resource_id, submission_id, scorecard_id, committed, initial_score, score, create_user, create_date, modify_user, modify_date, project_phase_id) VALUES (80018053, 80018162, 80018032, 30000722, 1, 100.0, 100.0, 124916, CURRENT, 124916, CURRENT, 80018155);
INSERT INTO review_comment (review_comment_id, resource_id, review_id, comment_type_id, content, extra_info, sort, create_user, create_date, modify_user, modify_date) VALUES (80018015, 80018162, 80018053, 14, '', 'Approved', 0, 124916, CURRENT, 124916, CURRENT);
INSERT INTO review_item (review_item_id, review_id, scorecard_question_id, upload_id, answer, sort, create_user, create_date, modify_user, modify_date) VALUES (80018053, 80018053, 30001008, null, '4/4', 0, 124916, CURRENT, 124916, CURRENT);
INSERT INTO review_item_comment (review_item_comment_id, resource_id, review_item_id, comment_type_id, content, extra_info, sort, create_user, create_date, modify_user, modify_date) VALUES (80018073, 80018162, 80018053, 1, 'OK', NULL, 0, 124916, CURRENT, 124916, CURRENT);
INSERT INTO review (review_id, resource_id, submission_id, scorecard_id, committed, initial_score, score, create_user, create_date, modify_user, modify_date, project_phase_id) VALUES (80018054, 80018166, 80018033, 30000410, 1, 100.0, 100.0, 124836, CURRENT, 124836, CURRENT, 80018158);
INSERT INTO review_item (review_item_id, review_id, scorecard_question_id, upload_id, answer, sort, create_user, create_date, modify_user, modify_date) VALUES (80018054, 80018054, 30001000, null, '4/4', 0, 124836, CURRENT, 124836, CURRENT);
INSERT INTO review_item_comment (review_item_comment_id, resource_id, review_item_id, comment_type_id, content, extra_info, sort, create_user, create_date, modify_user, modify_date) VALUES (80018074, 80018166, 80018054, 1, 'web_trunk\src\main\com\topcoder\web\tc\Constants.java, seems has some encoding problem.  ------------------------- The number of seconds the ?Resend Token? button should be disabled after a click. ------------------------ *It supports a variable ?{token}? which is supposed to be replaced by the real token. --------------------------- *It supports variables - ?{userId}?, ?{key}? and ?{expiredAt}? ? that are used to construct the verification link. ------------------------- ', NULL, 0, 124836, CURRENT, 124836, CURRENT);
INSERT INTO review (review_id, resource_id, submission_id, scorecard_id, committed, initial_score, score, create_user, create_date, modify_user, modify_date, project_phase_id) VALUES (80018055, 80018166, 80018034, 30000410, 1, 75.0, 75.0, 124836, CURRENT, 124836, CURRENT, 80018158);
INSERT INTO review_item (review_item_id, review_id, scorecard_question_id, upload_id, answer, sort, create_user, create_date, modify_user, modify_date) VALUES (80018055, 80018055, 30001000, null, '3/4', 0, 124836, CURRENT, 124836, CURRENT);
INSERT INTO review_item_comment (review_item_comment_id, resource_id, review_item_id, comment_type_id, content, extra_info, sort, create_user, create_date, modify_user, modify_date) VALUES (80018075, 80018166, 80018055, 1, 'Some requirments are not addressed. ', NULL, 0, 124836, CURRENT, 124836, CURRENT);
INSERT INTO review (review_id, resource_id, submission_id, scorecard_id, committed, initial_score, score, create_user, create_date, modify_user, modify_date, project_phase_id) VALUES (80018056, 80018166, 80018035, 30000410, 1, 75.0, 75.0, 124836, CURRENT, 124836, CURRENT, 80018158);
INSERT INTO review_item (review_item_id, review_id, scorecard_question_id, upload_id, answer, sort, create_user, create_date, modify_user, modify_date) VALUES (80018056, 80018056, 30001000, null, '3/4', 0, 124836, CURRENT, 124836, CURRENT);
INSERT INTO review_item_comment (review_item_comment_id, resource_id, review_item_id, comment_type_id, content, extra_info, sort, create_user, create_date, modify_user, modify_date) VALUES (80018076, 80018166, 80018056, 1, 'Some requirments are not addressed. ', NULL, 0, 124836, CURRENT, 124836, CURRENT);
INSERT INTO review (review_id, resource_id, submission_id, scorecard_id, committed, initial_score, score, create_user, create_date, modify_user, modify_date, project_phase_id) VALUES (80018057, 80018167, 80018033, 30000411, 0, null, null, 124836, CURRENT, 124836, CURRENT, 80018159);
INSERT INTO review_item (review_item_id, review_id, scorecard_question_id, upload_id, answer, sort, create_user, create_date, modify_user, modify_date) VALUES (80018057, 80018057, 30001001, 80018042, '3/4', 0, 124836, CURRENT, 124836, CURRENT);
INSERT INTO review_item_comment (review_item_comment_id, resource_id, review_item_id, comment_type_id, content, extra_info, sort, create_user, create_date, modify_user, modify_date) VALUES (80018077, 80018167, 80018057, 1, 'visit http://tc.cloud.topcoder.com/tc?module=ProjectDetail&pj=7700001 anonymously, click the Registration button, then enter with user without checking the compete options, it return back to contest detail page, but no popup shows information to check options in profile. ', NULL, 0, 124836, CURRENT, 124836, CURRENT);
INSERT INTO review_item_comment (review_item_comment_id, resource_id, review_item_id, comment_type_id, content, extra_info, sort, create_user, create_date, modify_user, modify_date) VALUES (80018078, 80018167, 80018057, 1, 'web_trunk\src\main\com\topcoder\web\tc\Constants.java, seems has some encoding problem.  ------------------------- The number of seconds the ?Resend Token? button should be disabled after a click. ------------------------ *It supports a variable ?{token}? which is supposed to be replaced by the real token. --------------------------- *It supports variables - ?{userId}?, ?{key}? and ?{expiredAt}? ? that are used to construct the verification link. ------------------------- ', NULL, 0, 124836, CURRENT, 124836, CURRENT);
INSERT INTO review_item_comment (review_item_comment_id, resource_id, review_item_id, comment_type_id, content, extra_info, sort, create_user, create_date, modify_user, modify_date) VALUES (80018079, 80018167, 80018057, 1, 'web_trunk\src\main\com\topcoder\web\tc\Constants.java, seems has some encoding problem.  ------------------------- The number of seconds the ?Resend Token? button should be disabled after a click. ------------------------ *It supports a variable ?{token}? which is supposed to be replaced by the real token. --------------------------- *It supports variables - ?{userId}?, ?{key}? and ?{expiredAt}? ? that are used to construct the verification link. ------------------------- ', NULL, 0, 124836, CURRENT, 124836, CURRENT);
INSERT INTO review (review_id, resource_id, submission_id, scorecard_id, committed, initial_score, score, create_user, create_date, modify_user, modify_date, project_phase_id) VALUES (80018058, 80018167, 80018034, 30000411, 0, null, null, 124836, CURRENT, 124836, CURRENT, 80018159);
INSERT INTO review_item (review_item_id, review_id, scorecard_question_id, upload_id, answer, sort, create_user, create_date, modify_user, modify_date) VALUES (80018058, 80018058, 30001001, null, '4/4', 0, 124836, CURRENT, 124836, CURRENT);
INSERT INTO review_item_comment (review_item_comment_id, resource_id, review_item_id, comment_type_id, content, extra_info, sort, create_user, create_date, modify_user, modify_date) VALUES (80018080, 80018167, 80018058, 1, 'Using the registration steps, I can not get any activation emails, I used outlook.com and qq.com.  I manually update it through database. ', NULL, 0, 124836, CURRENT, 124836, CURRENT);
INSERT INTO review_item_comment (review_item_comment_id, resource_id, review_item_id, comment_type_id, content, extra_info, sort, create_user, create_date, modify_user, modify_date) VALUES (80018081, 80018167, 80018058, 1, 'Direct web module: server responds with error when trying to visit https://localhost/direct/allProjects.action', NULL, 0, 124836, CURRENT, 124836, CURRENT);
INSERT INTO review_item_comment (review_item_comment_id, resource_id, review_item_id, comment_type_id, content, extra_info, sort, create_user, create_date, modify_user, modify_date) VALUES (80018082, 80018167, 80018058, 1, 'Using the registration steps, I can not get any activation emails, I used outlook.com and qq.com.  I manually update it through database. ', NULL, 0, 124836, CURRENT, 124836, CURRENT);
INSERT INTO review_item_comment (review_item_comment_id, resource_id, review_item_id, comment_type_id, content, extra_info, sort, create_user, create_date, modify_user, modify_date) VALUES (80018083, 80018167, 80018058, 1, 'Using the registration steps, I can not get any activation emails, I used outlook.com and qq.com.  I manually update it through database. ', NULL, 0, 124836, CURRENT, 124836, CURRENT);
INSERT INTO review (review_id, resource_id, submission_id, scorecard_id, committed, initial_score, score, create_user, create_date, modify_user, modify_date, project_phase_id) VALUES (80018059, 80018167, 80018035, 30000411, 0, null, null, 124836, CURRENT, 124836, CURRENT, 80018159);
INSERT INTO review_item (review_item_id, review_id, scorecard_question_id, upload_id, answer, sort, create_user, create_date, modify_user, modify_date) VALUES (80018059, 80018059, 30001001, 80018043, '4/4', 0, 124836, CURRENT, 124836, CURRENT);
INSERT INTO review_item_comment (review_item_comment_id, resource_id, review_item_id, comment_type_id, content, extra_info, sort, create_user, create_date, modify_user, modify_date) VALUES (80018084, 80018167, 80018059, 1, 'Using the registration steps, I can not get any activation emails, I used outlook.com and qq.com.  I manually update it through database. ', NULL, 0, 124836, CURRENT, 124836, CURRENT);
INSERT INTO review_item_comment (review_item_comment_id, resource_id, review_item_id, comment_type_id, content, extra_info, sort, create_user, create_date, modify_user, modify_date) VALUES (80018085, 80018167, 80018059, 1, 'Some requirments are not addressed. ', NULL, 0, 124836, CURRENT, 124836, CURRENT);
INSERT INTO review_item_comment (review_item_comment_id, resource_id, review_item_id, comment_type_id, content, extra_info, sort, create_user, create_date, modify_user, modify_date) VALUES (80018086, 80018167, 80018059, 1, 'analytics web module is not workable. When trying to access it the server responds with HTTP 404 error.', NULL, 0, 124836, CURRENT, 124836, CURRENT);
INSERT INTO review_item_comment (review_item_comment_id, resource_id, review_item_id, comment_type_id, content, extra_info, sort, create_user, create_date, modify_user, modify_date) VALUES (80018087, 80018167, 80018059, 1, 'Some requirments are not addressed. ', NULL, 0, 124836, CURRENT, 124836, CURRENT);
INSERT INTO notification (project_id, external_ref_id, notification_type_id, create_user, create_date, modify_user, modify_date) VALUES (80018014, 80018007, 1, 132456, CURRENT, 132456, CURRENT);
INSERT INTO notification (project_id, external_ref_id, notification_type_id, create_user, create_date, modify_user, modify_date) VALUES (80018014, 80018016, 1, 132456, CURRENT, 132456, CURRENT);
INSERT INTO notification (project_id, external_ref_id, notification_type_id, create_user, create_date, modify_user, modify_date) VALUES (80018014, 124916, 1, 132456, CURRENT, 132456, CURRENT);
INSERT INTO notification (project_id, external_ref_id, notification_type_id, create_user, create_date, modify_user, modify_date) VALUES (80018014, 124836, 1, 132456, CURRENT, 132456, CURRENT);
INSERT INTO notification (project_id, external_ref_id, notification_type_id, create_user, create_date, modify_user, modify_date) VALUES (80018014, 132458, 1, 132456, CURRENT, 132456, CURRENT);
INSERT INTO notification (project_id, external_ref_id, notification_type_id, create_user, create_date, modify_user, modify_date) VALUES (80018014, 132456, 1, 132456, CURRENT, 132456, CURRENT);
INSERT INTO notification (project_id, external_ref_id, notification_type_id, create_user, create_date, modify_user, modify_date) VALUES (80018014, 80018009, 1, 132456, CURRENT, 132456, CURRENT);
INSERT INTO notification (project_id, external_ref_id, notification_type_id, create_user, create_date, modify_user, modify_date) VALUES (80018014, 22770213, 1, 132456, CURRENT, 132456, CURRENT);
INSERT INTO contest_sale (contest_sale_id, contest_id, sale_status_id, price, paypal_order_id, create_date, sale_reference_id, sale_type_id) VALUES (80018014, 80018014, 1, 9512.0, 'PO BOX 80018001', CURRENT, 'PO BOX 80018001', 2);
INSERT INTO project_payment (project_payment_id, project_payment_type_id, resource_id, submission_id, amount, pacts_payment_id, create_user,create_date, modify_user, modify_date) VALUES (80018051, 3, 80018162, null, 50.0, null, 132456, CURRENT, 132456, CURRENT);
INSERT INTO project_payment (project_payment_id, project_payment_type_id, resource_id, submission_id, amount, pacts_payment_id, create_user,create_date, modify_user, modify_date) VALUES (80018052, 3, 80018166, null, 50.0, null, 132456, CURRENT, 132456, CURRENT);
INSERT INTO project_payment (project_payment_id, project_payment_type_id, resource_id, submission_id, amount, pacts_payment_id, create_user,create_date, modify_user, modify_date) VALUES (80018053, 4, 80018170, null, 350.0, null, 132456, CURRENT, 132456, CURRENT);
INSERT INTO contest_milestone_xref (contest_id, project_milestone_id, create_user, create_date, modify_user, modify_date) VALUES (80018014, 800180010, 132456, CURRENT, 132456, CURRENT);
INSERT INTO review_auction (review_auction_id, project_id, review_auction_type_id) VALUES (80028014, 80018014, 3);
INSERT INTO review_auction (review_auction_id, project_id, review_auction_type_id) VALUES (80018014, 80018014, 1);
INSERT INTO comp_catalog (component_id, current_version, short_desc, component_name, description, function_desc, create_time, status_id, root_category_id, modify_date, public_ind)  VALUES (80018015, 1, 'Short description for UI Prototypes Contest 15', 'UI Prototypes Contest 15', 'Description for UI Prototypes Contest 15', 'Functional description for UI Prototypes Contest 15', CURRENT, 1, 27202915, CURRENT, 1);
INSERT INTO comp_categories (comp_categories_id, component_id, category_id)  VALUES (80018015, 80018015, 27202915);
INSERT INTO comp_versions (comp_vers_id, component_id, version, version_text, create_time, phase_id, phase_time, price, comments, modify_date, suspended_ind) VALUES (80018015, 80018015, 1, '1.0', CURRENT, 112, CURRENT, 800.0, 'Comments for version #1', CURRENT, 0);
INSERT INTO comp_version_dates (comp_version_dates_id, comp_vers_id, phase_id, posting_date, initial_submission_date, winner_announced_date, final_submission_date, estimated_dev_date, price, total_submissions, status_id, create_time, level_id, screening_complete_date, review_complete_date, aggregation_complete_date, phase_complete_date, production_date, aggregation_complete_date_comment, phase_complete_date_comment, review_complete_date_comment, winner_announced_date_comment, initial_submission_date_comment, screening_complete_date_comment, final_submission_date_comment, production_date_comment, modify_date) VALUES (80018015, 80018015, 112, '1976-06-05', '2000-02-01', '2000-02-01', '2000-02-01', '2000-02-01', 0.00, 0, 301, CURRENT, 100, '2000-02-01', '2000-02-01', '2000-02-01', '2000-02-01', null, null, null, null, null, null, null, null, null, CURRENT);
INSERT INTO comp_technology (comp_tech_id, comp_vers_id, technology_type_id) VALUES (800180150, 80018015, 27048250);
INSERT INTO comp_technology (comp_tech_id, comp_vers_id, technology_type_id) VALUES (800180151, 80018015, 27188285);
INSERT INTO comp_technology (comp_tech_id, comp_vers_id, technology_type_id) VALUES (800180152, 80018015, 11);
INSERT INTO comp_technology (comp_tech_id, comp_vers_id, technology_type_id) VALUES (800180153, 80018015, 26854281);
INSERT INTO comp_technology (comp_tech_id, comp_vers_id, technology_type_id) VALUES (800180154, 80018015, 26854283);
INSERT INTO project (project_id, project_status_id, project_category_id, create_user, create_date, modify_user, modify_date, tc_direct_project_id, project_studio_spec_id) VALUES (80018015, 1, 19, 132456, CURRENT, 132456, CURRENT, 80018001, NULL);
INSERT INTO project_info (project_id, project_info_type_id, value, create_user, create_date, modify_user, modify_date) VALUES (80018015, 1, '80018015', 132456, CURRENT, 132456, CURRENT);
INSERT INTO project_info (project_id, project_info_type_id, value, create_user, create_date, modify_user, modify_date) VALUES (80018015, 2, '80018015', 132456, CURRENT, 132456, CURRENT);
INSERT INTO project_info (project_id, project_info_type_id, value, create_user, create_date, modify_user, modify_date) VALUES (80018015, 3, '80018015', 132456, CURRENT, 132456, CURRENT);
INSERT INTO project_info (project_id, project_info_type_id, value, create_user, create_date, modify_user, modify_date) VALUES (80018015, 4, '80018016', 132456, CURRENT, 132456, CURRENT);
INSERT INTO comp_jive_category_xref (comp_vers_id, jive_category_id) VALUES (80018015, 0);
INSERT INTO project_info (project_id, project_info_type_id, value, create_user, create_date, modify_user, modify_date) VALUES (80018015, 5, '27202915', 132456, CURRENT, 132456, CURRENT);
INSERT INTO project_info (project_id, project_info_type_id, value, create_user, create_date, modify_user, modify_date) VALUES (80018015, 6, 'UI Prototypes Contest 15', 132456, CURRENT, 132456, CURRENT);
INSERT INTO project_info (project_id, project_info_type_id, value, create_user, create_date, modify_user, modify_date) VALUES (80018015, 7, '1.0', 132456, CURRENT, 132456, CURRENT);
INSERT INTO project_info (project_id, project_info_type_id, value, create_user, create_date, modify_user, modify_date) VALUES (80018015, 8, '', 132456, CURRENT, 132456, CURRENT);
INSERT INTO project_info (project_id, project_info_type_id, value, create_user, create_date, modify_user, modify_date) VALUES (80018015, 11, 'On', 132456, CURRENT, 132456, CURRENT);
INSERT INTO project_info (project_id, project_info_type_id, value, create_user, create_date, modify_user, modify_date) VALUES (80018015, 9, 'On', 132456, CURRENT, 132456, CURRENT);
INSERT INTO project_info (project_id, project_info_type_id, value, create_user, create_date, modify_user, modify_date) VALUES (80018015, 10, 'On', 132456, CURRENT, 132456, CURRENT);
INSERT INTO project_info (project_id, project_info_type_id, value, create_user, create_date, modify_user, modify_date) VALUES (80018015, 12, 'Yes', 132456, CURRENT, 132456, CURRENT);
INSERT INTO project_info (project_id, project_info_type_id, value, create_user, create_date, modify_user, modify_date) VALUES (80018015, 13, 'Yes', 132456, CURRENT, 132456, CURRENT);
INSERT INTO project_info (project_id, project_info_type_id, value, create_user, create_date, modify_user, modify_date) VALUES (80018015, 14, 'Open', 132456, CURRENT, 132456, CURRENT);
INSERT INTO project_info (project_id, project_info_type_id, value, create_user, create_date, modify_user, modify_date) VALUES (80018015, 16, '800.0', 132456, CURRENT, 132456, CURRENT);
INSERT INTO project_info (project_id, project_info_type_id, value, create_user, create_date, modify_user, modify_date) VALUES (80018015, 17, '', 132456, CURRENT, 132456, CURRENT);
INSERT INTO project_info (project_id, project_info_type_id, value, create_user, create_date, modify_user, modify_date) VALUES (80018015, 26, 'On', 132456, CURRENT, 132456, CURRENT);
INSERT INTO project_info (project_id, project_info_type_id, value, create_user, create_date, modify_user, modify_date) VALUES (80018015, 30, '360.0', 132456, CURRENT, 132456, CURRENT);
INSERT INTO project_info (project_id, project_info_type_id, value, create_user, create_date, modify_user, modify_date) VALUES (80018015, 31, '6001.0', 132456, CURRENT, 132456, CURRENT);
INSERT INTO project_info (project_id, project_info_type_id, value, create_user, create_date, modify_user, modify_date) VALUES (80018015, 33, '605.0', 132456, CURRENT, 132456, CURRENT);
INSERT INTO project_info (project_id, project_info_type_id, value, create_user, create_date, modify_user, modify_date) VALUES (80018015, 35, '30.0', 132456, CURRENT, 132456, CURRENT);
INSERT INTO project_info (project_id, project_info_type_id, value, create_user, create_date, modify_user, modify_date) VALUES (80018015, 36, '800.0', 132456, CURRENT, 132456, CURRENT);
INSERT INTO project_info (project_id, project_info_type_id, value, create_user, create_date, modify_user, modify_date) VALUES (80018015, 37, '400.0', 132456, CURRENT, 132456, CURRENT);
INSERT INTO project_info (project_id, project_info_type_id, value, create_user, create_date, modify_user, modify_date) VALUES (80018015, 45, 'true', 132456, CURRENT, 132456, CURRENT);
INSERT INTO project_info (project_id, project_info_type_id, value, create_user, create_date, modify_user, modify_date) VALUES (80018015, 47, 'true', 132456, CURRENT, 132456, CURRENT);
INSERT INTO project_info (project_id, project_info_type_id, value, create_user, create_date, modify_user, modify_date) VALUES (80018015, 38, '240.0', 132456, CURRENT, 132456, CURRENT);
INSERT INTO project_info (project_id, project_info_type_id, value, create_user, create_date, modify_user, modify_date) VALUES (80018015, 39, '0.0', 132456, CURRENT, 132456, CURRENT);
INSERT INTO project_info (project_id, project_info_type_id, value, create_user, create_date, modify_user, modify_date) VALUES (80018015, 40, 'A', 132456, CURRENT, 132456, CURRENT);
INSERT INTO project_info (project_id, project_info_type_id, value, create_user, create_date, modify_user, modify_date) VALUES (80018015, 32, '80018001', 132456, CURRENT, 132456, CURRENT);
INSERT INTO project_info (project_id, project_info_type_id, value, create_user, create_date, modify_user, modify_date) VALUES (80018015, 41, 'true', 132456, CURRENT, 132456, CURRENT);
INSERT INTO project_info (project_id, project_info_type_id, value, create_user, create_date, modify_user, modify_date) VALUES (80018015, 43, 'true', 132456, CURRENT, 132456, CURRENT);
INSERT INTO project_info (project_id, project_info_type_id, value, create_user, create_date, modify_user, modify_date) VALUES (80018015, 44, 'false', 132456, CURRENT, 132456, CURRENT);
INSERT INTO project_info (project_id, project_info_type_id, value, create_user, create_date, modify_user, modify_date) VALUES (80018015, 46, 'true', 132456, CURRENT, 132456, CURRENT);
INSERT INTO project_info (project_id, project_info_type_id, value, create_user, create_date, modify_user, modify_date) VALUES (80018015, 48, 'true', 132456, CURRENT, 132456, CURRENT);
INSERT INTO project_info (project_id, project_info_type_id, value, create_user, create_date, modify_user, modify_date) VALUES (80018015, 49, '500', 132456, CURRENT, 132456, CURRENT);
INSERT INTO project_info (project_id, project_info_type_id, value, create_user, create_date, modify_user, modify_date) VALUES (80018015, 59, 'true', 132456, CURRENT, 132456, CURRENT);
INSERT INTO prize (prize_id, place, prize_amount, prize_type_id, number_of_submissions,                    create_user, create_date, modify_user, modify_date, project_id) VALUES (80018033, 1, 800.0, 15, 1, 132456, CURRENT, 132456, CURRENT, 80018015);
INSERT INTO prize (prize_id, place, prize_amount, prize_type_id, number_of_submissions,                    create_user, create_date, modify_user, modify_date, project_id) VALUES (80018034, 2, 400.0, 15, 1, 132456, CURRENT, 132456, CURRENT, 80018015);
INSERT INTO prize (prize_id, place, prize_amount, prize_type_id, number_of_submissions,                    create_user, create_date, modify_user, modify_date, project_id) VALUES (80018035, 1, 69.0, 14, 4, 132456, CURRENT, 132456, CURRENT, 80018015);
INSERT INTO project_spec (project_spec_id, project_id, version, detailed_requirements, submission_deliverables, environment_setup_instruction, final_submission_guidelines, private_description, create_user, create_date, modify_user, modify_date) VALUES (80018015, 80018015, 1, 'Detailed requirements for UI Prototypes Contest 15', '', '', 'Final submission guidelines for UI Prototypes Contest 15', '', 132456, CURRENT, 132456, CURRENT);
INSERT INTO project_phase (project_phase_id, project_id, phase_type_id, phase_status_id, fixed_start_time, scheduled_start_time, scheduled_end_time, actual_start_time, actual_end_time, duration, create_user, create_date, modify_user, modify_date) VALUES (80018166, 80018015, 13, 3, CURRENT + -9480 UNITS MINUTE, CURRENT + -9480 UNITS MINUTE, CURRENT + -6600 UNITS MINUTE, CURRENT + -9480 UNITS MINUTE, CURRENT + -6600 UNITS MINUTE, 172800000, 132456, CURRENT, 132456, CURRENT);
INSERT INTO project_phase (project_phase_id, project_id, phase_type_id, phase_status_id, fixed_start_time, scheduled_start_time, scheduled_end_time, actual_start_time, actual_end_time, duration, create_user, create_date, modify_user, modify_date) VALUES (80018167, 80018015, 14, 3, null, CURRENT + -6600 UNITS MINUTE, CURRENT + -6480 UNITS MINUTE, CURRENT + -6600 UNITS MINUTE, CURRENT + -6480 UNITS MINUTE, 7200000, 132456, CURRENT, 132456, CURRENT);
INSERT INTO project_phase (project_phase_id, project_id, phase_type_id, phase_status_id, fixed_start_time, scheduled_start_time, scheduled_end_time, actual_start_time, actual_end_time, duration, create_user, create_date, modify_user, modify_date) VALUES (80018168, 80018015, 1, 3, CURRENT + -6480 UNITS MINUTE, CURRENT + -6480 UNITS MINUTE, CURRENT + -3600 UNITS MINUTE, CURRENT + -6480 UNITS MINUTE, CURRENT + -3600 UNITS MINUTE, 172800000, 132456, CURRENT, 132456, CURRENT);
INSERT INTO project_phase (project_phase_id, project_id, phase_type_id, phase_status_id, fixed_start_time, scheduled_start_time, scheduled_end_time, actual_start_time, actual_end_time, duration, create_user, create_date, modify_user, modify_date) VALUES (80018169, 80018015, 15, 3, null, CURRENT + -6480 UNITS MINUTE, CURRENT + -2160 UNITS MINUTE, CURRENT + -6480 UNITS MINUTE, CURRENT + -2160 UNITS MINUTE, 259200000, 132456, CURRENT, 132456, CURRENT);
INSERT INTO project_phase (project_phase_id, project_id, phase_type_id, phase_status_id, fixed_start_time, scheduled_start_time, scheduled_end_time, actual_start_time, actual_end_time, duration, create_user, create_date, modify_user, modify_date) VALUES (80018170, 80018015, 16, 3, null, CURRENT + -2160 UNITS MINUTE, CURRENT + 2160 UNITS MINUTE, CURRENT + -2160 UNITS MINUTE, CURRENT + 2160 UNITS MINUTE, 259200000, 132456, CURRENT, 132456, CURRENT);
INSERT INTO project_phase (project_phase_id, project_id, phase_type_id, phase_status_id, fixed_start_time, scheduled_start_time, scheduled_end_time, actual_start_time, actual_end_time, duration, create_user, create_date, modify_user, modify_date) VALUES (80018171, 80018015, 17, 3, null, CURRENT + 2160 UNITS MINUTE, CURRENT + 3600 UNITS MINUTE, CURRENT + 2160 UNITS MINUTE, CURRENT + 3600 UNITS MINUTE, 86400000, 132456, CURRENT, 132456, CURRENT);
INSERT INTO project_phase (project_phase_id, project_id, phase_type_id, phase_status_id, fixed_start_time, scheduled_start_time, scheduled_end_time, actual_start_time, actual_end_time, duration, create_user, create_date, modify_user, modify_date) VALUES (80018172, 80018015, 2, 2, null, CURRENT + -6480 UNITS MINUTE, CURRENT + 720 UNITS MINUTE, CURRENT + -6480 UNITS MINUTE, null, 432000000, 132456, CURRENT, 132456, CURRENT);
INSERT INTO project_phase (project_phase_id, project_id, phase_type_id, phase_status_id, fixed_start_time, scheduled_start_time, scheduled_end_time, actual_start_time, actual_end_time, duration, create_user, create_date, modify_user, modify_date) VALUES (80018173, 80018015, 3, 1, null, CURRENT + 720 UNITS MINUTE, CURRENT + 1440 UNITS MINUTE, null, null, 43200000, 132456, CURRENT, 132456, CURRENT);
INSERT INTO project_phase (project_phase_id, project_id, phase_type_id, phase_status_id, fixed_start_time, scheduled_start_time, scheduled_end_time, actual_start_time, actual_end_time, duration, create_user, create_date, modify_user, modify_date) VALUES (80018174, 80018015, 4, 1, null, CURRENT + 1440 UNITS MINUTE, CURRENT + 4320 UNITS MINUTE, null, null, 172800000, 132456, CURRENT, 132456, CURRENT);
INSERT INTO project_phase (project_phase_id, project_id, phase_type_id, phase_status_id, fixed_start_time, scheduled_start_time, scheduled_end_time, actual_start_time, actual_end_time, duration, create_user, create_date, modify_user, modify_date) VALUES (80018175, 80018015, 5, 1, null, CURRENT + 4320 UNITS MINUTE, CURRENT + 5760 UNITS MINUTE, null, null, 86400000, 132456, CURRENT, 132456, CURRENT);
INSERT INTO project_phase (project_phase_id, project_id, phase_type_id, phase_status_id, fixed_start_time, scheduled_start_time, scheduled_end_time, actual_start_time, actual_end_time, duration, create_user, create_date, modify_user, modify_date) VALUES (80018176, 80018015, 6, 1, null, CURRENT + 5760 UNITS MINUTE, CURRENT + 6480 UNITS MINUTE, null, null, 43200000, 132456, CURRENT, 132456, CURRENT);
INSERT INTO project_phase (project_phase_id, project_id, phase_type_id, phase_status_id, fixed_start_time, scheduled_start_time, scheduled_end_time, actual_start_time, actual_end_time, duration, create_user, create_date, modify_user, modify_date) VALUES (80018177, 80018015, 7, 1, null, CURRENT + 6480 UNITS MINUTE, CURRENT + 7200 UNITS MINUTE, null, null, 43200000, 132456, CURRENT, 132456, CURRENT);
INSERT INTO project_phase (project_phase_id, project_id, phase_type_id, phase_status_id, fixed_start_time, scheduled_start_time, scheduled_end_time, actual_start_time, actual_end_time, duration, create_user, create_date, modify_user, modify_date) VALUES (80018178, 80018015, 9, 1, null, CURRENT + 7200 UNITS MINUTE, CURRENT + 8640 UNITS MINUTE, null, null, 86400000, 132456, CURRENT, 132456, CURRENT);
INSERT INTO project_phase (project_phase_id, project_id, phase_type_id, phase_status_id, fixed_start_time, scheduled_start_time, scheduled_end_time, actual_start_time, actual_end_time, duration, create_user, create_date, modify_user, modify_date) VALUES (80018179, 80018015, 10, 1, null, CURRENT + 8640 UNITS MINUTE, CURRENT + 9360 UNITS MINUTE, null, null, 43200000, 132456, CURRENT, 132456, CURRENT);
INSERT INTO project_phase (project_phase_id, project_id, phase_type_id, phase_status_id, fixed_start_time, scheduled_start_time, scheduled_end_time, actual_start_time, actual_end_time, duration, create_user, create_date, modify_user, modify_date) VALUES (80018180, 80018015, 11, 1, null, CURRENT + 9360 UNITS MINUTE, CURRENT + 16560 UNITS MINUTE, null, null, 432000000, 132456, CURRENT, 132456, CURRENT);
INSERT INTO phase_dependency (dependency_phase_id, dependent_phase_id, dependency_start, dependent_start, lag_time, create_user, create_date, modify_user, modify_date) VALUES (80018166, 80018167, 0, 1, 0, 132456, CURRENT, 132456, CURRENT);
INSERT INTO phase_dependency (dependency_phase_id, dependent_phase_id, dependency_start, dependent_start, lag_time, create_user, create_date, modify_user, modify_date) VALUES (80018167, 80018168, 0, 1, 0, 132456, CURRENT, 132456, CURRENT);
INSERT INTO phase_dependency (dependency_phase_id, dependent_phase_id, dependency_start, dependent_start, lag_time, create_user, create_date, modify_user, modify_date) VALUES (80018168, 80018169, 1, 1, 0, 132456, CURRENT, 132456, CURRENT);
INSERT INTO phase_dependency (dependency_phase_id, dependent_phase_id, dependency_start, dependent_start, lag_time, create_user, create_date, modify_user, modify_date) VALUES (80018169, 80018170, 0, 1, 0, 132456, CURRENT, 132456, CURRENT);
INSERT INTO phase_dependency (dependency_phase_id, dependent_phase_id, dependency_start, dependent_start, lag_time, create_user, create_date, modify_user, modify_date) VALUES (80018170, 80018171, 0, 1, 0, 132456, CURRENT, 132456, CURRENT);
INSERT INTO phase_dependency (dependency_phase_id, dependent_phase_id, dependency_start, dependent_start, lag_time, create_user, create_date, modify_user, modify_date) VALUES (80018168, 80018172, 1, 1, 0, 132456, CURRENT, 132456, CURRENT);
INSERT INTO phase_dependency (dependency_phase_id, dependent_phase_id, dependency_start, dependent_start, lag_time, create_user, create_date, modify_user, modify_date) VALUES (80018172, 80018173, 0, 1, 0, 132456, CURRENT, 132456, CURRENT);
INSERT INTO phase_dependency (dependency_phase_id, dependent_phase_id, dependency_start, dependent_start, lag_time, create_user, create_date, modify_user, modify_date) VALUES (80018173, 80018174, 0, 1, 0, 132456, CURRENT, 132456, CURRENT);
INSERT INTO phase_dependency (dependency_phase_id, dependent_phase_id, dependency_start, dependent_start, lag_time, create_user, create_date, modify_user, modify_date) VALUES (80018174, 80018175, 0, 1, 0, 132456, CURRENT, 132456, CURRENT);
INSERT INTO phase_dependency (dependency_phase_id, dependent_phase_id, dependency_start, dependent_start, lag_time, create_user, create_date, modify_user, modify_date) VALUES (80018175, 80018176, 0, 1, 0, 132456, CURRENT, 132456, CURRENT);
INSERT INTO phase_dependency (dependency_phase_id, dependent_phase_id, dependency_start, dependent_start, lag_time, create_user, create_date, modify_user, modify_date) VALUES (80018176, 80018177, 0, 1, 0, 132456, CURRENT, 132456, CURRENT);
INSERT INTO phase_dependency (dependency_phase_id, dependent_phase_id, dependency_start, dependent_start, lag_time, create_user, create_date, modify_user, modify_date) VALUES (80018177, 80018178, 0, 1, 0, 132456, CURRENT, 132456, CURRENT);
INSERT INTO phase_dependency (dependency_phase_id, dependent_phase_id, dependency_start, dependent_start, lag_time, create_user, create_date, modify_user, modify_date) VALUES (80018178, 80018179, 0, 1, 0, 132456, CURRENT, 132456, CURRENT);
INSERT INTO phase_dependency (dependency_phase_id, dependent_phase_id, dependency_start, dependent_start, lag_time, create_user, create_date, modify_user, modify_date) VALUES (80018179, 80018180, 0, 1, 0, 132456, CURRENT, 132456, CURRENT);
INSERT INTO phase_criteria (project_phase_id, phase_criteria_type_id, parameter, create_user, create_date, modify_user, modify_date) VALUES (80018167, 1, '30000722', 132456, CURRENT, 132456, CURRENT);
INSERT INTO phase_criteria (project_phase_id, phase_criteria_type_id, parameter, create_user, create_date, modify_user, modify_date) VALUES (80018167, 6, '1', 132456, CURRENT, 132456, CURRENT);
INSERT INTO phase_criteria (project_phase_id, phase_criteria_type_id, parameter, create_user, create_date, modify_user, modify_date) VALUES (80018168, 2, '0', 132456, CURRENT, 132456, CURRENT);
INSERT INTO phase_criteria (project_phase_id, phase_criteria_type_id, parameter, create_user, create_date, modify_user, modify_date) VALUES (80018168, 5, 'No', 132456, CURRENT, 132456, CURRENT);
INSERT INTO phase_criteria (project_phase_id, phase_criteria_type_id, parameter, create_user, create_date, modify_user, modify_date) VALUES (80018169, 3, '0', 132456, CURRENT, 132456, CURRENT);
INSERT INTO phase_criteria (project_phase_id, phase_criteria_type_id, parameter, create_user, create_date, modify_user, modify_date) VALUES (80018169, 5, 'Yes', 132456, CURRENT, 132456, CURRENT);
INSERT INTO phase_criteria (project_phase_id, phase_criteria_type_id, parameter, create_user, create_date, modify_user, modify_date) VALUES (80018170, 1, '30000416', 132456, CURRENT, 132456, CURRENT);
INSERT INTO phase_criteria (project_phase_id, phase_criteria_type_id, parameter, create_user, create_date, modify_user, modify_date) VALUES (80018170, 5, 'No', 132456, CURRENT, 132456, CURRENT);
INSERT INTO phase_criteria (project_phase_id, phase_criteria_type_id, parameter, create_user, create_date, modify_user, modify_date) VALUES (80018171, 1, '30000417', 132456, CURRENT, 132456, CURRENT);
INSERT INTO phase_criteria (project_phase_id, phase_criteria_type_id, parameter, create_user, create_date, modify_user, modify_date) VALUES (80018171, 5, 'No', 132456, CURRENT, 132456, CURRENT);
INSERT INTO phase_criteria (project_phase_id, phase_criteria_type_id, parameter, create_user, create_date, modify_user, modify_date) VALUES (80018171, 6, '3', 132456, CURRENT, 132456, CURRENT);
INSERT INTO phase_criteria (project_phase_id, phase_criteria_type_id, parameter, create_user, create_date, modify_user, modify_date) VALUES (80018172, 3, '0', 132456, CURRENT, 132456, CURRENT);
INSERT INTO phase_criteria (project_phase_id, phase_criteria_type_id, parameter, create_user, create_date, modify_user, modify_date) VALUES (80018172, 5, 'Yes', 132456, CURRENT, 132456, CURRENT);
INSERT INTO phase_criteria (project_phase_id, phase_criteria_type_id, parameter, create_user, create_date, modify_user, modify_date) VALUES (80018173, 1, '30000410', 132456, CURRENT, 132456, CURRENT);
INSERT INTO phase_criteria (project_phase_id, phase_criteria_type_id, parameter, create_user, create_date, modify_user, modify_date) VALUES (80018173, 5, 'No', 132456, CURRENT, 132456, CURRENT);
INSERT INTO phase_criteria (project_phase_id, phase_criteria_type_id, parameter, create_user, create_date, modify_user, modify_date) VALUES (80018174, 1, '30000411', 132456, CURRENT, 132456, CURRENT);
INSERT INTO phase_criteria (project_phase_id, phase_criteria_type_id, parameter, create_user, create_date, modify_user, modify_date) VALUES (80018174, 5, 'No', 132456, CURRENT, 132456, CURRENT);
INSERT INTO phase_criteria (project_phase_id, phase_criteria_type_id, parameter, create_user, create_date, modify_user, modify_date) VALUES (80018174, 6, '3', 132456, CURRENT, 132456, CURRENT);
INSERT INTO phase_criteria (project_phase_id, phase_criteria_type_id, parameter, create_user, create_date, modify_user, modify_date) VALUES (80018175, 4, 'No', 132456, CURRENT, 132456, CURRENT);
INSERT INTO phase_criteria (project_phase_id, phase_criteria_type_id, parameter, create_user, create_date, modify_user, modify_date) VALUES (80018175, 5, 'No', 132456, CURRENT, 132456, CURRENT);
INSERT INTO phase_criteria (project_phase_id, phase_criteria_type_id, parameter, create_user, create_date, modify_user, modify_date) VALUES (80018176, 5, 'No', 132456, CURRENT, 132456, CURRENT);
INSERT INTO phase_criteria (project_phase_id, phase_criteria_type_id, parameter, create_user, create_date, modify_user, modify_date) VALUES (80018177, 5, 'No', 132456, CURRENT, 132456, CURRENT);
INSERT INTO phase_criteria (project_phase_id, phase_criteria_type_id, parameter, create_user, create_date, modify_user, modify_date) VALUES (80018178, 5, 'No', 132456, CURRENT, 132456, CURRENT);
INSERT INTO phase_criteria (project_phase_id, phase_criteria_type_id, parameter, create_user, create_date, modify_user, modify_date) VALUES (80018179, 5, 'No', 132456, CURRENT, 132456, CURRENT);
INSERT INTO phase_criteria (project_phase_id, phase_criteria_type_id, parameter, create_user, create_date, modify_user, modify_date) VALUES (80018180, 1, '30000720', 132456, CURRENT, 132456, CURRENT);
INSERT INTO phase_criteria (project_phase_id, phase_criteria_type_id, parameter, create_user, create_date, modify_user, modify_date) VALUES (80018180, 6, '1', 132456, CURRENT, 132456, CURRENT);
INSERT INTO resource (resource_id, resource_role_id, project_id, project_phase_id, create_user, create_date, modify_user, modify_date, user_id) VALUES (80018172, 13, 80018015, NULL, 132456, CURRENT, 132456, CURRENT, 132456);
INSERT INTO resource (resource_id, resource_role_id, project_id, project_phase_id, create_user, create_date, modify_user, modify_date, user_id) VALUES (80018173, 13, 80018015, NULL, 132456, CURRENT, 132456, CURRENT, 22770213);
INSERT INTO resource (resource_id, resource_role_id, project_id, project_phase_id, create_user, create_date, modify_user, modify_date, user_id) VALUES (80018174, 17, 80018015, NULL, 132456, CURRENT, 132456, CURRENT, 132458);
INSERT INTO resource (resource_id, resource_role_id, project_id, project_phase_id, create_user, create_date, modify_user, modify_date, user_id) VALUES (80018175, 18, 80018015, 80018167, 132456, CURRENT, 132456, CURRENT, 124916);
INSERT INTO resource (resource_id, resource_role_id, project_id, project_phase_id, create_user, create_date, modify_user, modify_date, user_id) VALUES (80018176, 1, 80018015, NULL, 132456, CURRENT, 132456, CURRENT, 80018011);
INSERT INTO component_inquiry (component_inquiry_id, component_id, user_id, comment, agreed_to_terms, rating, phase, tc_user_id, version, create_time, project_id) VALUES (80018040, 80018015, 80018011, null, 1, 2494, 130, 80018011, 0, CURRENT, 80018015);
INSERT INTO project_result (user_id, project_id, old_rating, new_rating, raw_score, final_score, payment, placed, rating_ind, valid_submission_ind, create_date, modify_date, passed_review_ind, point_adjustment, rating_order) VALUES (80018011, 80018015, 2494, null, null, null, null, null, 0, 0, CURRENT, CURRENT, null, null, null);
UPDATE user_rating SET rating = 2494 WHERE user_id = 80018011 AND phase_id = 130;
INSERT INTO resource (resource_id, resource_role_id, project_id, project_phase_id, create_user, create_date, modify_user, modify_date, user_id) VALUES (80018177, 1, 80018015, NULL, 132456, CURRENT, 132456, CURRENT, 80018007);
INSERT INTO component_inquiry (component_inquiry_id, component_id, user_id, comment, agreed_to_terms, rating, phase, tc_user_id, version, create_time, project_id) VALUES (80018041, 80018015, 80018007, null, 1, 0, 130, 80018007, 0, CURRENT, 80018015);
INSERT INTO project_result (user_id, project_id, old_rating, new_rating, raw_score, final_score, payment, placed, rating_ind, valid_submission_ind, create_date, modify_date, passed_review_ind, point_adjustment, rating_order) VALUES (80018007, 80018015, null, null, null, null, null, null, 0, 0, CURRENT, CURRENT, null, null, null);
UPDATE user_rating SET rating = 0 WHERE user_id = 80018007 AND phase_id = 130;
INSERT INTO resource (resource_id, resource_role_id, project_id, project_phase_id, create_user, create_date, modify_user, modify_date, user_id) VALUES (80018178, 19, 80018015, 80018170, 132456, CURRENT, 132456, CURRENT, 124836);
INSERT INTO resource (resource_id, resource_role_id, project_id, project_phase_id, create_user, create_date, modify_user, modify_date, user_id) VALUES (80018179, 20, 80018015, 80018171, 132456, CURRENT, 132456, CURRENT, 124836);
INSERT INTO resource (resource_id, resource_role_id, project_id, project_phase_id, create_user, create_date, modify_user, modify_date, user_id) VALUES (80018180, 2, 80018015, 80018173, 132456, CURRENT, 132456, CURRENT, 124852);
INSERT INTO resource (resource_id, resource_role_id, project_id, project_phase_id, create_user, create_date, modify_user, modify_date, user_id) VALUES (80018181, 4, 80018015, 80018174, 132456, CURRENT, 132456, CURRENT, 124852);
INSERT INTO resource (resource_id, resource_role_id, project_id, project_phase_id, create_user, create_date, modify_user, modify_date, user_id) VALUES (80018182, 8, 80018015, 80018177, 132456, CURRENT, 132456, CURRENT, 124852);
INSERT INTO resource (resource_id, resource_role_id, project_id, project_phase_id, create_user, create_date, modify_user, modify_date, user_id) VALUES (80018183, 9, 80018015, 80018179, 132456, CURRENT, 132456, CURRENT, 124852);
INSERT INTO resource (resource_id, resource_role_id, project_id, project_phase_id, create_user, create_date, modify_user, modify_date, user_id) VALUES (80018184, 14, 80018015, NULL, 132456, CURRENT, 132456, CURRENT, 132456);
INSERT INTO resource (resource_id, resource_role_id, project_id, project_phase_id, create_user, create_date, modify_user, modify_date, user_id) VALUES (80018185, 10, 80018015, NULL, 132456, CURRENT, 132456, CURRENT, 132458);
INSERT INTO resource_info (resource_id, resource_info_type_id, value, create_user, create_date, modify_user, modify_date) VALUES (80018172, 1, '132456', 132456, CURRENT, 132456, CURRENT);
INSERT INTO resource_info (resource_id, resource_info_type_id, value, create_user, create_date, modify_user, modify_date) VALUES (80018172, 2, 'heffan', 132456, CURRENT, 132456, CURRENT);
INSERT INTO resource_info (resource_id, resource_info_type_id, value, create_user, create_date, modify_user, modify_date) VALUES (80018172, 8, 'N/A', 132456, CURRENT, 132456, CURRENT);
INSERT INTO resource_info (resource_id, resource_info_type_id, value, create_user, create_date, modify_user, modify_date) VALUES (80018172, 6, '05.12.2016 03:16 AM', 132456, CURRENT, 132456, CURRENT);
INSERT INTO resource_info (resource_id, resource_info_type_id, value, create_user, create_date, modify_user, modify_date) VALUES (80018173, 1, '22770213', 132456, CURRENT, 132456, CURRENT);
INSERT INTO resource_info (resource_id, resource_info_type_id, value, create_user, create_date, modify_user, modify_date) VALUES (80018173, 2, 'Applications', 132456, CURRENT, 132456, CURRENT);
INSERT INTO resource_info (resource_id, resource_info_type_id, value, create_user, create_date, modify_user, modify_date) VALUES (80018173, 8, 'N/A', 132456, CURRENT, 132456, CURRENT);
INSERT INTO resource_info (resource_id, resource_info_type_id, value, create_user, create_date, modify_user, modify_date) VALUES (80018173, 6, '05.12.2016 03:17 AM', 132456, CURRENT, 132456, CURRENT);
INSERT INTO resource_info (resource_id, resource_info_type_id, value, create_user, create_date, modify_user, modify_date) VALUES (80018174, 1, '132458', 132456, CURRENT, 132456, CURRENT);
INSERT INTO resource_info (resource_id, resource_info_type_id, value, create_user, create_date, modify_user, modify_date) VALUES (80018174, 2, 'user', 132456, CURRENT, 132456, CURRENT);
INSERT INTO resource_info (resource_id, resource_info_type_id, value, create_user, create_date, modify_user, modify_date) VALUES (80018174, 8, 'N/A', 132456, CURRENT, 132456, CURRENT);
INSERT INTO resource_info (resource_id, resource_info_type_id, value, create_user, create_date, modify_user, modify_date) VALUES (80018174, 6, '05.12.2016 03:18 AM', 132456, CURRENT, 132456, CURRENT);
INSERT INTO resource_info (resource_id, resource_info_type_id, value, create_user, create_date, modify_user, modify_date) VALUES (80018175, 1, '124916', 132456, CURRENT, 132456, CURRENT);
INSERT INTO resource_info (resource_id, resource_info_type_id, value, create_user, create_date, modify_user, modify_date) VALUES (80018175, 2, 'Yoshi', 132456, CURRENT, 132456, CURRENT);
INSERT INTO resource_info (resource_id, resource_info_type_id, value, create_user, create_date, modify_user, modify_date) VALUES (80018175, 8, 'N/A', 132456, CURRENT, 132456, CURRENT);
INSERT INTO resource_info (resource_id, resource_info_type_id, value, create_user, create_date, modify_user, modify_date) VALUES (80018175, 6, '05.07.2016 01:19 PM', 132456, CURRENT, 132456, CURRENT);
INSERT INTO resource_info (resource_id, resource_info_type_id, value, create_user, create_date, modify_user, modify_date) VALUES (80018176, 1, '80018011', 132456, CURRENT, 132456, CURRENT);
INSERT INTO resource_info (resource_id, resource_info_type_id, value, create_user, create_date, modify_user, modify_date) VALUES (80018176, 2, 'dok80018011', 132456, CURRENT, 132456, CURRENT);
INSERT INTO resource_info (resource_id, resource_info_type_id, value, create_user, create_date, modify_user, modify_date) VALUES (80018176, 3, 'test@test.com', 132456, CURRENT, 132456, CURRENT);
INSERT INTO resource_info (resource_id, resource_info_type_id, value, create_user, create_date, modify_user, modify_date) VALUES (80018176, 4, '2494', 132456, CURRENT, 132456, CURRENT);
INSERT INTO resource_info (resource_id, resource_info_type_id, value, create_user, create_date, modify_user, modify_date) VALUES (80018176, 5, '10', 132456, CURRENT, 132456, CURRENT);
INSERT INTO resource_info (resource_id, resource_info_type_id, value, create_user, create_date, modify_user, modify_date) VALUES (80018176, 8, 'N/A', 132456, CURRENT, 132456, CURRENT);
INSERT INTO resource_info (resource_id, resource_info_type_id, value, create_user, create_date, modify_user, modify_date) VALUES (80018176, 6, '05.12.2016 03:20 AM', 132456, CURRENT, 132456, CURRENT);
INSERT INTO resource_info (resource_id, resource_info_type_id, value, create_user, create_date, modify_user, modify_date) VALUES (80018176, 13, 'No', 132456, CURRENT, 132456, CURRENT);
INSERT INTO resource_info (resource_id, resource_info_type_id, value, create_user, create_date, modify_user, modify_date) VALUES (80018177, 1, '80018007', 132456, CURRENT, 132456, CURRENT);
INSERT INTO resource_info (resource_id, resource_info_type_id, value, create_user, create_date, modify_user, modify_date) VALUES (80018177, 2, 'dok80018007', 132456, CURRENT, 132456, CURRENT);
INSERT INTO resource_info (resource_id, resource_info_type_id, value, create_user, create_date, modify_user, modify_date) VALUES (80018177, 3, 'test@test.com', 132456, CURRENT, 132456, CURRENT);
INSERT INTO resource_info (resource_id, resource_info_type_id, value, create_user, create_date, modify_user, modify_date) VALUES (80018177, 8, 'N/A', 132456, CURRENT, 132456, CURRENT);
INSERT INTO resource_info (resource_id, resource_info_type_id, value, create_user, create_date, modify_user, modify_date) VALUES (80018177, 6, '05.12.2016 03:21 AM', 132456, CURRENT, 132456, CURRENT);
INSERT INTO resource_info (resource_id, resource_info_type_id, value, create_user, create_date, modify_user, modify_date) VALUES (80018177, 13, 'No', 132456, CURRENT, 132456, CURRENT);
INSERT INTO resource_info (resource_id, resource_info_type_id, value, create_user, create_date, modify_user, modify_date) VALUES (80018178, 1, '124836', 132456, CURRENT, 132456, CURRENT);
INSERT INTO resource_info (resource_id, resource_info_type_id, value, create_user, create_date, modify_user, modify_date) VALUES (80018178, 2, 'annej9ny', 132456, CURRENT, 132456, CURRENT);
INSERT INTO resource_info (resource_id, resource_info_type_id, value, create_user, create_date, modify_user, modify_date) VALUES (80018178, 8, 'N/A', 132456, CURRENT, 132456, CURRENT);
INSERT INTO resource_info (resource_id, resource_info_type_id, value, create_user, create_date, modify_user, modify_date) VALUES (80018178, 6, '05.10.2016 03:22 PM', 132456, CURRENT, 132456, CURRENT);
INSERT INTO resource_info (resource_id, resource_info_type_id, value, create_user, create_date, modify_user, modify_date) VALUES (80018179, 1, '124836', 132456, CURRENT, 132456, CURRENT);
INSERT INTO resource_info (resource_id, resource_info_type_id, value, create_user, create_date, modify_user, modify_date) VALUES (80018179, 2, 'annej9ny', 132456, CURRENT, 132456, CURRENT);
INSERT INTO resource_info (resource_id, resource_info_type_id, value, create_user, create_date, modify_user, modify_date) VALUES (80018179, 8, 'N/A', 132456, CURRENT, 132456, CURRENT);
INSERT INTO resource_info (resource_id, resource_info_type_id, value, create_user, create_date, modify_user, modify_date) VALUES (80018179, 6, '05.13.2016 03:23 PM', 132456, CURRENT, 132456, CURRENT);
INSERT INTO resource_info (resource_id, resource_info_type_id, value, create_user, create_date, modify_user, modify_date) VALUES (80018180, 1, '124852', 132456, CURRENT, 132456, CURRENT);
INSERT INTO resource_info (resource_id, resource_info_type_id, value, create_user, create_date, modify_user, modify_date) VALUES (80018180, 2, 'plinehan', 132456, CURRENT, 132456, CURRENT);
INSERT INTO resource_info (resource_id, resource_info_type_id, value, create_user, create_date, modify_user, modify_date) VALUES (80018180, 8, 'N/A', 132456, CURRENT, 132456, CURRENT);
INSERT INTO resource_info (resource_id, resource_info_type_id, value, create_user, create_date, modify_user, modify_date) VALUES (80018180, 6, '05.12.2016 03:24 PM', 132456, CURRENT, 132456, CURRENT);
INSERT INTO resource_info (resource_id, resource_info_type_id, value, create_user, create_date, modify_user, modify_date) VALUES (80018181, 1, '124852', 132456, CURRENT, 132456, CURRENT);
INSERT INTO resource_info (resource_id, resource_info_type_id, value, create_user, create_date, modify_user, modify_date) VALUES (80018181, 2, 'plinehan', 132456, CURRENT, 132456, CURRENT);
INSERT INTO resource_info (resource_id, resource_info_type_id, value, create_user, create_date, modify_user, modify_date) VALUES (80018181, 8, 'N/A', 132456, CURRENT, 132456, CURRENT);
INSERT INTO resource_info (resource_id, resource_info_type_id, value, create_user, create_date, modify_user, modify_date) VALUES (80018181, 6, '05.13.2016 03:25 AM', 132456, CURRENT, 132456, CURRENT);
INSERT INTO resource_info (resource_id, resource_info_type_id, value, create_user, create_date, modify_user, modify_date) VALUES (80018182, 1, '124852', 132456, CURRENT, 132456, CURRENT);
INSERT INTO resource_info (resource_id, resource_info_type_id, value, create_user, create_date, modify_user, modify_date) VALUES (80018182, 2, 'plinehan', 132456, CURRENT, 132456, CURRENT);
INSERT INTO resource_info (resource_id, resource_info_type_id, value, create_user, create_date, modify_user, modify_date) VALUES (80018182, 8, 'N/A', 132456, CURRENT, 132456, CURRENT);
INSERT INTO resource_info (resource_id, resource_info_type_id, value, create_user, create_date, modify_user, modify_date) VALUES (80018182, 6, '05.16.2016 03:26 PM', 132456, CURRENT, 132456, CURRENT);
INSERT INTO resource_info (resource_id, resource_info_type_id, value, create_user, create_date, modify_user, modify_date) VALUES (80018183, 1, '124852', 132456, CURRENT, 132456, CURRENT);
INSERT INTO resource_info (resource_id, resource_info_type_id, value, create_user, create_date, modify_user, modify_date) VALUES (80018183, 2, 'plinehan', 132456, CURRENT, 132456, CURRENT);
INSERT INTO resource_info (resource_id, resource_info_type_id, value, create_user, create_date, modify_user, modify_date) VALUES (80018183, 8, 'N/A', 132456, CURRENT, 132456, CURRENT);
INSERT INTO resource_info (resource_id, resource_info_type_id, value, create_user, create_date, modify_user, modify_date) VALUES (80018183, 6, '05.18.2016 03:27 AM', 132456, CURRENT, 132456, CURRENT);
INSERT INTO resource_info (resource_id, resource_info_type_id, value, create_user, create_date, modify_user, modify_date) VALUES (80018184, 1, '132456', 132456, CURRENT, 132456, CURRENT);
INSERT INTO resource_info (resource_id, resource_info_type_id, value, create_user, create_date, modify_user, modify_date) VALUES (80018184, 2, 'heffan', 132456, CURRENT, 132456, CURRENT);
INSERT INTO resource_info (resource_id, resource_info_type_id, value, create_user, create_date, modify_user, modify_date) VALUES (80018184, 8, 'N/A', 132456, CURRENT, 132456, CURRENT);
INSERT INTO resource_info (resource_id, resource_info_type_id, value, create_user, create_date, modify_user, modify_date) VALUES (80018184, 6, '05.12.2016 03:28 AM', 132456, CURRENT, 132456, CURRENT);
INSERT INTO resource_info (resource_id, resource_info_type_id, value, create_user, create_date, modify_user, modify_date) VALUES (80018185, 1, '132458', 132456, CURRENT, 132456, CURRENT);
INSERT INTO resource_info (resource_id, resource_info_type_id, value, create_user, create_date, modify_user, modify_date) VALUES (80018185, 2, 'user', 132456, CURRENT, 132456, CURRENT);
INSERT INTO resource_info (resource_id, resource_info_type_id, value, create_user, create_date, modify_user, modify_date) VALUES (80018185, 8, 'N/A', 132456, CURRENT, 132456, CURRENT);
INSERT INTO resource_info (resource_id, resource_info_type_id, value, create_user, create_date, modify_user, modify_date) VALUES (80018185, 6, '05.12.2016 03:29 AM', 132456, CURRENT, 132456, CURRENT);
INSERT INTO upload (upload_id, project_id, resource_id, upload_type_id, upload_status_id, parameter, create_user, create_date, modify_user, modify_date, project_phase_id) VALUES (80018044, 80018015, 80018174, 1, 1, '80018015_80018174_80018044.zip', 132458, '2016-05-12 03:18:09', 132458, CURRENT, 80018166);
INSERT INTO upload (upload_id, project_id, resource_id, upload_type_id, upload_status_id, parameter, create_user, create_date, modify_user, modify_date, project_phase_id) VALUES (80018045, 80018015, 80018176, 1, 1, '80018015_80018176_80018045.zip', 80018011, '2016-05-12 03:20:09', 80018011, CURRENT, 80018169);
INSERT INTO upload (upload_id, project_id, resource_id, upload_type_id, upload_status_id, parameter, create_user, create_date, modify_user, modify_date, project_phase_id) VALUES (80018046, 80018015, 80018177, 1, 1, '80018015_80018177_80018046.zip', 80018007, '2016-05-12 03:21:09', 80018007, CURRENT, 80018169);
INSERT INTO submission (submission_id, upload_id, submission_status_id, screening_score, initial_score, final_score, placement, submission_type_id, create_user, create_date, modify_user, modify_date, prize_id) VALUES (80018036, 80018044, 1, null, null, null, null, 2, 132458, '2016-05-12 11:32:00', 132458, '2016-05-12 11:32:00', null);
INSERT INTO resource_submission (resource_id, submission_id, create_user, create_date, modify_user, modify_date) VALUES (80018174, 80018036, 132458, CURRENT, 132458, CURRENT);
INSERT INTO submission (submission_id, upload_id, submission_status_id, screening_score, initial_score, final_score, placement, submission_type_id, create_user, create_date, modify_user, modify_date, prize_id) VALUES (80018037, 80018045, 6, 75.0, null, 100.0, 1, 3, 80018011, '2016-05-12 10:56:27', 80018011, '2016-05-12 10:56:27', 80018035);
INSERT INTO resource_submission (resource_id, submission_id, create_user, create_date, modify_user, modify_date) VALUES (80018176, 80018037, 80018011, CURRENT, 80018011, CURRENT);
INSERT INTO submission (submission_id, upload_id, submission_status_id, screening_score, initial_score, final_score, placement, submission_type_id, create_user, create_date, modify_user, modify_date, prize_id) VALUES (80018038, 80018046, 1, 100.0, null, 75.0, 2, 3, 80018007, '2016-05-12 13:14:06', 80018007, '2016-05-12 13:14:06', 80018035);
INSERT INTO resource_submission (resource_id, submission_id, create_user, create_date, modify_user, modify_date) VALUES (80018177, 80018038, 80018007, CURRENT, 80018007, CURRENT);
INSERT INTO review (review_id, resource_id, submission_id, scorecard_id, committed, initial_score, score, create_user, create_date, modify_user, modify_date, project_phase_id) VALUES (80018060, 80018175, 80018036, 30000722, 1, 75.0, 75.0, 124916, CURRENT, 124916, CURRENT, 80018167);
INSERT INTO review_comment (review_comment_id, resource_id, review_id, comment_type_id, content, extra_info, sort, create_user, create_date, modify_user, modify_date) VALUES (80018016, 80018175, 80018060, 14, '', 'Approved', 0, 124916, CURRENT, 124916, CURRENT);
INSERT INTO review_item (review_item_id, review_id, scorecard_question_id, upload_id, answer, sort, create_user, create_date, modify_user, modify_date) VALUES (80018060, 80018060, 30001008, null, '3/4', 0, 124916, CURRENT, 124916, CURRENT);
INSERT INTO review_item_comment (review_item_comment_id, resource_id, review_item_id, comment_type_id, content, extra_info, sort, create_user, create_date, modify_user, modify_date) VALUES (80018088, 80018175, 80018060, 1, 'OK', NULL, 0, 124916, CURRENT, 124916, CURRENT);
INSERT INTO review (review_id, resource_id, submission_id, scorecard_id, committed, initial_score, score, create_user, create_date, modify_user, modify_date, project_phase_id) VALUES (80018061, 80018178, 80018037, 30000416, 1, 75.0, 75.0, 124836, CURRENT, 124836, CURRENT, 80018170);
INSERT INTO review_item (review_item_id, review_id, scorecard_question_id, upload_id, answer, sort, create_user, create_date, modify_user, modify_date) VALUES (80018061, 80018061, 30003112, null, '3/4', 0, 124836, CURRENT, 124836, CURRENT);
INSERT INTO review_item_comment (review_item_comment_id, resource_id, review_item_id, comment_type_id, content, extra_info, sort, create_user, create_date, modify_user, modify_date) VALUES (80018089, 80018178, 80018061, 1, 'Using the registration steps, I can not get any activation emails, I used outlook.com and qq.com.  I manually update it through database. ', NULL, 0, 124836, CURRENT, 124836, CURRENT);
INSERT INTO review (review_id, resource_id, submission_id, scorecard_id, committed, initial_score, score, create_user, create_date, modify_user, modify_date, project_phase_id) VALUES (80018062, 80018178, 80018038, 30000416, 1, 100.0, 100.0, 124836, CURRENT, 124836, CURRENT, 80018170);
INSERT INTO review_item (review_item_id, review_id, scorecard_question_id, upload_id, answer, sort, create_user, create_date, modify_user, modify_date) VALUES (80018062, 80018062, 30003112, null, '4/4', 0, 124836, CURRENT, 124836, CURRENT);
INSERT INTO review_item_comment (review_item_comment_id, resource_id, review_item_id, comment_type_id, content, extra_info, sort, create_user, create_date, modify_user, modify_date) VALUES (80018090, 80018178, 80018062, 1, 'analytics web module is not workable. When trying to access it the server responds with HTTP 404 error.', NULL, 0, 124836, CURRENT, 124836, CURRENT);
INSERT INTO review (review_id, resource_id, submission_id, scorecard_id, committed, initial_score, score, create_user, create_date, modify_user, modify_date, project_phase_id) VALUES (80018063, 80018179, 80018037, 30000417, 1, 100.0, 100.0, 124836, CURRENT, 124836, CURRENT, 80018171);
INSERT INTO review_item (review_item_id, review_id, scorecard_question_id, upload_id, answer, sort, create_user, create_date, modify_user, modify_date) VALUES (80018063, 80018063, 30003113, null, '4/4', 0, 124836, CURRENT, 124836, CURRENT);
INSERT INTO review_item_comment (review_item_comment_id, resource_id, review_item_id, comment_type_id, content, extra_info, sort, create_user, create_date, modify_user, modify_date) VALUES (80018091, 80018179, 80018063, 1, 'Not all web modules are deployed successfullu as requested. Also there are issues with deployed Direct application.', NULL, 0, 124836, CURRENT, 124836, CURRENT);
INSERT INTO review (review_id, resource_id, submission_id, scorecard_id, committed, initial_score, score, create_user, create_date, modify_user, modify_date, project_phase_id) VALUES (80018064, 80018179, 80018038, 30000417, 1, 75.0, 75.0, 124836, CURRENT, 124836, CURRENT, 80018171);
INSERT INTO review_item (review_item_id, review_id, scorecard_question_id, upload_id, answer, sort, create_user, create_date, modify_user, modify_date) VALUES (80018064, 80018064, 30003113, null, '3/4', 0, 124836, CURRENT, 124836, CURRENT);
INSERT INTO review_item_comment (review_item_comment_id, resource_id, review_item_id, comment_type_id, content, extra_info, sort, create_user, create_date, modify_user, modify_date) VALUES (80018092, 80018179, 80018064, 1, 'Some requirments are not addressed. ', NULL, 0, 124836, CURRENT, 124836, CURRENT);
INSERT INTO notification (project_id, external_ref_id, notification_type_id, create_user, create_date, modify_user, modify_date) VALUES (80018015, 80018007, 1, 132456, CURRENT, 132456, CURRENT);
INSERT INTO notification (project_id, external_ref_id, notification_type_id, create_user, create_date, modify_user, modify_date) VALUES (80018015, 124916, 1, 132456, CURRENT, 132456, CURRENT);
INSERT INTO notification (project_id, external_ref_id, notification_type_id, create_user, create_date, modify_user, modify_date) VALUES (80018015, 124836, 1, 132456, CURRENT, 132456, CURRENT);
INSERT INTO notification (project_id, external_ref_id, notification_type_id, create_user, create_date, modify_user, modify_date) VALUES (80018015, 124852, 1, 132456, CURRENT, 132456, CURRENT);
INSERT INTO notification (project_id, external_ref_id, notification_type_id, create_user, create_date, modify_user, modify_date) VALUES (80018015, 132458, 1, 132456, CURRENT, 132456, CURRENT);
INSERT INTO notification (project_id, external_ref_id, notification_type_id, create_user, create_date, modify_user, modify_date) VALUES (80018015, 132456, 1, 132456, CURRENT, 132456, CURRENT);
INSERT INTO notification (project_id, external_ref_id, notification_type_id, create_user, create_date, modify_user, modify_date) VALUES (80018015, 22770213, 1, 132456, CURRENT, 132456, CURRENT);
INSERT INTO notification (project_id, external_ref_id, notification_type_id, create_user, create_date, modify_user, modify_date) VALUES (80018015, 80018011, 1, 132456, CURRENT, 132456, CURRENT);
INSERT INTO contest_sale (contest_sale_id, contest_id, sale_status_id, price, paypal_order_id, create_date, sale_reference_id, sale_type_id) VALUES (80018015, 80018015, 1, 8436.0, 'PO BOX 80018001', CURRENT, 'PO BOX 80018001', 2);
INSERT INTO project_payment (project_payment_id, project_payment_type_id, resource_id, submission_id, amount, pacts_payment_id, create_user,create_date, modify_user, modify_date) VALUES (80018054, 3, 80018175, null, 50.0, null, 132456, CURRENT, 132456, CURRENT);
INSERT INTO project_payment (project_payment_id, project_payment_type_id, resource_id, submission_id, amount, pacts_payment_id, create_user,create_date, modify_user, modify_date) VALUES (80018057, 2, 80018176, 80018037, 82.0, null, 132456, CURRENT, 132456, CURRENT);
INSERT INTO project_payment (project_payment_id, project_payment_type_id, resource_id, submission_id, amount, pacts_payment_id, create_user,create_date, modify_user, modify_date) VALUES (80018058, 2, 80018177, 80018038, 74.0, null, 132456, CURRENT, 132456, CURRENT);
INSERT INTO project_payment (project_payment_id, project_payment_type_id, resource_id, submission_id, amount, pacts_payment_id, create_user,create_date, modify_user, modify_date) VALUES (80018055, 3, 80018178, null, 20.0, null, 132456, CURRENT, 132456, CURRENT);
INSERT INTO project_payment (project_payment_id, project_payment_type_id, resource_id, submission_id, amount, pacts_payment_id, create_user,create_date, modify_user, modify_date) VALUES (80018056, 3, 80018179, null, 50.0, null, 132456, CURRENT, 132456, CURRENT);
INSERT INTO project_payment (project_payment_id, project_payment_type_id, resource_id, submission_id, amount, pacts_payment_id, create_user,create_date, modify_user, modify_date) VALUES (80018059, 4, 80018184, null, 350.0, null, 132456, CURRENT, 132456, CURRENT);
INSERT INTO contest_milestone_xref (contest_id, project_milestone_id, create_user, create_date, modify_user, modify_date) VALUES (80018015, 800180011, 132456, CURRENT, 132456, CURRENT);
INSERT INTO review_auction (review_auction_id, project_id, review_auction_type_id) VALUES (80028015, 80018015, 3);
INSERT INTO review_auction (review_auction_id, project_id, review_auction_type_id) VALUES (80018015, 80018015, 1);
INSERT INTO comp_catalog (component_id, current_version, short_desc, component_name, description, function_desc, create_time, status_id, root_category_id, modify_date, public_ind)  VALUES (80018016, 1, 'Short description for Code Contest 16', 'Code Contest 16', 'Description for Code Contest 16', 'Functional description for Code Contest 16', CURRENT, 1, 27202903, CURRENT, 1);
INSERT INTO comp_categories (comp_categories_id, component_id, category_id)  VALUES (80018016, 80018016, 27202903);
INSERT INTO comp_versions (comp_vers_id, component_id, version, version_text, create_time, phase_id, phase_time, price, comments, modify_date, suspended_ind) VALUES (80018016, 80018016, 1, '1.0', CURRENT, 112, CURRENT, 800.0, 'Comments for version #1', CURRENT, 0);
INSERT INTO comp_version_dates (comp_version_dates_id, comp_vers_id, phase_id, posting_date, initial_submission_date, winner_announced_date, final_submission_date, estimated_dev_date, price, total_submissions, status_id, create_time, level_id, screening_complete_date, review_complete_date, aggregation_complete_date, phase_complete_date, production_date, aggregation_complete_date_comment, phase_complete_date_comment, review_complete_date_comment, winner_announced_date_comment, initial_submission_date_comment, screening_complete_date_comment, final_submission_date_comment, production_date_comment, modify_date) VALUES (80018016, 80018016, 112, '1976-06-05', '2000-02-01', '2000-02-01', '2000-02-01', '2000-02-01', 0.00, 0, 301, CURRENT, 100, '2000-02-01', '2000-02-01', '2000-02-01', '2000-02-01', null, null, null, null, null, null, null, null, null, CURRENT);
INSERT INTO comp_technology (comp_tech_id, comp_vers_id, technology_type_id) VALUES (800180160, 80018016, 26951706);
INSERT INTO project (project_id, project_status_id, project_category_id, create_user, create_date, modify_user, modify_date, tc_direct_project_id, project_studio_spec_id) VALUES (80018016, 1, 39, 132456, CURRENT, 132456, CURRENT, 80018001, NULL);
INSERT INTO project_info (project_id, project_info_type_id, value, create_user, create_date, modify_user, modify_date) VALUES (80018016, 1, '80018016', 132456, CURRENT, 132456, CURRENT);
INSERT INTO project_info (project_id, project_info_type_id, value, create_user, create_date, modify_user, modify_date) VALUES (80018016, 2, '80018016', 132456, CURRENT, 132456, CURRENT);
INSERT INTO project_info (project_id, project_info_type_id, value, create_user, create_date, modify_user, modify_date) VALUES (80018016, 3, '80018016', 132456, CURRENT, 132456, CURRENT);
INSERT INTO project_info (project_id, project_info_type_id, value, create_user, create_date, modify_user, modify_date) VALUES (80018016, 4, '80018017', 132456, CURRENT, 132456, CURRENT);
INSERT INTO comp_jive_category_xref (comp_vers_id, jive_category_id) VALUES (80018016, 0);
INSERT INTO project_info (project_id, project_info_type_id, value, create_user, create_date, modify_user, modify_date) VALUES (80018016, 5, '27202903', 132456, CURRENT, 132456, CURRENT);
INSERT INTO project_info (project_id, project_info_type_id, value, create_user, create_date, modify_user, modify_date) VALUES (80018016, 6, 'Code Contest 16', 132456, CURRENT, 132456, CURRENT);
INSERT INTO project_info (project_id, project_info_type_id, value, create_user, create_date, modify_user, modify_date) VALUES (80018016, 7, '1.0', 132456, CURRENT, 132456, CURRENT);
INSERT INTO project_info (project_id, project_info_type_id, value, create_user, create_date, modify_user, modify_date) VALUES (80018016, 8, '', 132456, CURRENT, 132456, CURRENT);
INSERT INTO project_info (project_id, project_info_type_id, value, create_user, create_date, modify_user, modify_date) VALUES (80018016, 11, 'On', 132456, CURRENT, 132456, CURRENT);
INSERT INTO project_info (project_id, project_info_type_id, value, create_user, create_date, modify_user, modify_date) VALUES (80018016, 9, 'On', 132456, CURRENT, 132456, CURRENT);
INSERT INTO project_info (project_id, project_info_type_id, value, create_user, create_date, modify_user, modify_date) VALUES (80018016, 10, 'On', 132456, CURRENT, 132456, CURRENT);
INSERT INTO project_info (project_id, project_info_type_id, value, create_user, create_date, modify_user, modify_date) VALUES (80018016, 12, 'Yes', 132456, CURRENT, 132456, CURRENT);
INSERT INTO project_info (project_id, project_info_type_id, value, create_user, create_date, modify_user, modify_date) VALUES (80018016, 13, 'Yes', 132456, CURRENT, 132456, CURRENT);
INSERT INTO project_info (project_id, project_info_type_id, value, create_user, create_date, modify_user, modify_date) VALUES (80018016, 14, 'Open', 132456, CURRENT, 132456, CURRENT);
INSERT INTO project_info (project_id, project_info_type_id, value, create_user, create_date, modify_user, modify_date) VALUES (80018016, 16, '800.0', 132456, CURRENT, 132456, CURRENT);
INSERT INTO project_info (project_id, project_info_type_id, value, create_user, create_date, modify_user, modify_date) VALUES (80018016, 17, '', 132456, CURRENT, 132456, CURRENT);
INSERT INTO project_info (project_id, project_info_type_id, value, create_user, create_date, modify_user, modify_date) VALUES (80018016, 26, 'On', 132456, CURRENT, 132456, CURRENT);
INSERT INTO project_info (project_id, project_info_type_id, value, create_user, create_date, modify_user, modify_date) VALUES (80018016, 30, '360.0', 132456, CURRENT, 132456, CURRENT);
INSERT INTO project_info (project_id, project_info_type_id, value, create_user, create_date, modify_user, modify_date) VALUES (80018016, 31, '6001.0', 132456, CURRENT, 132456, CURRENT);
INSERT INTO project_info (project_id, project_info_type_id, value, create_user, create_date, modify_user, modify_date) VALUES (80018016, 33, '605.0', 132456, CURRENT, 132456, CURRENT);
INSERT INTO project_info (project_id, project_info_type_id, value, create_user, create_date, modify_user, modify_date) VALUES (80018016, 35, '30.0', 132456, CURRENT, 132456, CURRENT);
INSERT INTO project_info (project_id, project_info_type_id, value, create_user, create_date, modify_user, modify_date) VALUES (80018016, 36, '800.0', 132456, CURRENT, 132456, CURRENT);
INSERT INTO project_info (project_id, project_info_type_id, value, create_user, create_date, modify_user, modify_date) VALUES (80018016, 37, '400.0', 132456, CURRENT, 132456, CURRENT);
INSERT INTO project_info (project_id, project_info_type_id, value, create_user, create_date, modify_user, modify_date) VALUES (80018016, 45, 'true', 132456, CURRENT, 132456, CURRENT);
INSERT INTO project_info (project_id, project_info_type_id, value, create_user, create_date, modify_user, modify_date) VALUES (80018016, 47, 'true', 132456, CURRENT, 132456, CURRENT);
INSERT INTO project_info (project_id, project_info_type_id, value, create_user, create_date, modify_user, modify_date) VALUES (80018016, 38, '240.0', 132456, CURRENT, 132456, CURRENT);
INSERT INTO project_info (project_id, project_info_type_id, value, create_user, create_date, modify_user, modify_date) VALUES (80018016, 39, '0.0', 132456, CURRENT, 132456, CURRENT);
INSERT INTO project_info (project_id, project_info_type_id, value, create_user, create_date, modify_user, modify_date) VALUES (80018016, 40, 'A', 132456, CURRENT, 132456, CURRENT);
INSERT INTO project_info (project_id, project_info_type_id, value, create_user, create_date, modify_user, modify_date) VALUES (80018016, 32, '80018001', 132456, CURRENT, 132456, CURRENT);
INSERT INTO project_info (project_id, project_info_type_id, value, create_user, create_date, modify_user, modify_date) VALUES (80018016, 41, 'true', 132456, CURRENT, 132456, CURRENT);
INSERT INTO project_info (project_id, project_info_type_id, value, create_user, create_date, modify_user, modify_date) VALUES (80018016, 43, 'true', 132456, CURRENT, 132456, CURRENT);
INSERT INTO project_info (project_id, project_info_type_id, value, create_user, create_date, modify_user, modify_date) VALUES (80018016, 44, 'false', 132456, CURRENT, 132456, CURRENT);
INSERT INTO project_info (project_id, project_info_type_id, value, create_user, create_date, modify_user, modify_date) VALUES (80018016, 46, 'true', 132456, CURRENT, 132456, CURRENT);
INSERT INTO project_info (project_id, project_info_type_id, value, create_user, create_date, modify_user, modify_date) VALUES (80018016, 48, 'true', 132456, CURRENT, 132456, CURRENT);
INSERT INTO project_info (project_id, project_info_type_id, value, create_user, create_date, modify_user, modify_date) VALUES (80018016, 23, '80018001', 132456, CURRENT, 132456, CURRENT);
INSERT INTO project_info (project_id, project_info_type_id, value, create_user, create_date, modify_user, modify_date) VALUES (80018016, 24, '80018004', 132456, CURRENT, 132456, CURRENT);
INSERT INTO project_info (project_id, project_info_type_id, value, create_user, create_date, modify_user, modify_date) VALUES (80018016, 49, '500', 132456, CURRENT, 132456, CURRENT);
INSERT INTO project_info (project_id, project_info_type_id, value, create_user, create_date, modify_user, modify_date) VALUES (80018016, 59, 'true', 132456, CURRENT, 132456, CURRENT);
INSERT INTO project_info (project_id, project_info_type_id, value, create_user, create_date, modify_user, modify_date) VALUES (80018016, 64, '30967', 132456, CURRENT, 132456, CURRENT);
INSERT INTO prize (prize_id, place, prize_amount, prize_type_id, number_of_submissions,                    create_user, create_date, modify_user, modify_date, project_id) VALUES (80018036, 1, 800.0, 15, 1, 132456, CURRENT, 132456, CURRENT, 80018016);
INSERT INTO prize (prize_id, place, prize_amount, prize_type_id, number_of_submissions,                    create_user, create_date, modify_user, modify_date, project_id) VALUES (80018037, 2, 400.0, 15, 1, 132456, CURRENT, 132456, CURRENT, 80018016);
INSERT INTO project_spec (project_spec_id, project_id, version, detailed_requirements, submission_deliverables, environment_setup_instruction, final_submission_guidelines, private_description, create_user, create_date, modify_user, modify_date) VALUES (80018016, 80018016, 1, 'Detailed requirements for Code Contest 16', '', '', 'Final submission guidelines for Code Contest 16', '', 132456, CURRENT, 132456, CURRENT);
INSERT INTO project_phase (project_phase_id, project_id, phase_type_id, phase_status_id, fixed_start_time, scheduled_start_time, scheduled_end_time, actual_start_time, actual_end_time, duration, create_user, create_date, modify_user, modify_date) VALUES (80018181, 80018016, 13, 3, CURRENT + -21360 UNITS MINUTE, CURRENT + -21360 UNITS MINUTE, CURRENT + -18480 UNITS MINUTE, CURRENT + -21360 UNITS MINUTE, CURRENT + -18480 UNITS MINUTE, 172800000, 132456, CURRENT, 132456, CURRENT);
INSERT INTO project_phase (project_phase_id, project_id, phase_type_id, phase_status_id, fixed_start_time, scheduled_start_time, scheduled_end_time, actual_start_time, actual_end_time, duration, create_user, create_date, modify_user, modify_date) VALUES (80018182, 80018016, 14, 3, null, CURRENT + -18480 UNITS MINUTE, CURRENT + -18360 UNITS MINUTE, CURRENT + -18480 UNITS MINUTE, CURRENT + -18360 UNITS MINUTE, 7200000, 132456, CURRENT, 132456, CURRENT);
INSERT INTO project_phase (project_phase_id, project_id, phase_type_id, phase_status_id, fixed_start_time, scheduled_start_time, scheduled_end_time, actual_start_time, actual_end_time, duration, create_user, create_date, modify_user, modify_date) VALUES (80018183, 80018016, 1, 3, CURRENT + -18360 UNITS MINUTE, CURRENT + -18360 UNITS MINUTE, CURRENT + -15480 UNITS MINUTE, CURRENT + -18360 UNITS MINUTE, CURRENT + -15480 UNITS MINUTE, 172800000, 132456, CURRENT, 132456, CURRENT);
INSERT INTO project_phase (project_phase_id, project_id, phase_type_id, phase_status_id, fixed_start_time, scheduled_start_time, scheduled_end_time, actual_start_time, actual_end_time, duration, create_user, create_date, modify_user, modify_date) VALUES (80018184, 80018016, 2, 3, null, CURRENT + -18360 UNITS MINUTE, CURRENT + -11160 UNITS MINUTE, CURRENT + -18360 UNITS MINUTE, CURRENT + -11160 UNITS MINUTE, 432000000, 132456, CURRENT, 132456, CURRENT);
INSERT INTO project_phase (project_phase_id, project_id, phase_type_id, phase_status_id, fixed_start_time, scheduled_start_time, scheduled_end_time, actual_start_time, actual_end_time, duration, create_user, create_date, modify_user, modify_date) VALUES (80018185, 80018016, 3, 3, null, CURRENT + -11160 UNITS MINUTE, CURRENT + -10440 UNITS MINUTE, CURRENT + -11160 UNITS MINUTE, CURRENT + -10440 UNITS MINUTE, 43200000, 132456, CURRENT, 132456, CURRENT);
INSERT INTO project_phase (project_phase_id, project_id, phase_type_id, phase_status_id, fixed_start_time, scheduled_start_time, scheduled_end_time, actual_start_time, actual_end_time, duration, create_user, create_date, modify_user, modify_date) VALUES (80018186, 80018016, 4, 3, null, CURRENT + -10440 UNITS MINUTE, CURRENT + -7560 UNITS MINUTE, CURRENT + -10440 UNITS MINUTE, CURRENT + -7560 UNITS MINUTE, 172800000, 132456, CURRENT, 132456, CURRENT);
INSERT INTO project_phase (project_phase_id, project_id, phase_type_id, phase_status_id, fixed_start_time, scheduled_start_time, scheduled_end_time, actual_start_time, actual_end_time, duration, create_user, create_date, modify_user, modify_date) VALUES (80018187, 80018016, 5, 3, null, CURRENT + -7560 UNITS MINUTE, CURRENT + -6120 UNITS MINUTE, CURRENT + -7560 UNITS MINUTE, CURRENT + -6120 UNITS MINUTE, 86400000, 132456, CURRENT, 132456, CURRENT);
INSERT INTO project_phase (project_phase_id, project_id, phase_type_id, phase_status_id, fixed_start_time, scheduled_start_time, scheduled_end_time, actual_start_time, actual_end_time, duration, create_user, create_date, modify_user, modify_date) VALUES (80018188, 80018016, 6, 3, null, CURRENT + -6120 UNITS MINUTE, CURRENT + -5400 UNITS MINUTE, CURRENT + -6120 UNITS MINUTE, CURRENT + -5400 UNITS MINUTE, 43200000, 132456, CURRENT, 132456, CURRENT);
INSERT INTO project_phase (project_phase_id, project_id, phase_type_id, phase_status_id, fixed_start_time, scheduled_start_time, scheduled_end_time, actual_start_time, actual_end_time, duration, create_user, create_date, modify_user, modify_date) VALUES (80018189, 80018016, 7, 3, null, CURRENT + -5400 UNITS MINUTE, CURRENT + -4680 UNITS MINUTE, CURRENT + -5400 UNITS MINUTE, CURRENT + -4680 UNITS MINUTE, 43200000, 132456, CURRENT, 132456, CURRENT);
INSERT INTO project_phase (project_phase_id, project_id, phase_type_id, phase_status_id, fixed_start_time, scheduled_start_time, scheduled_end_time, actual_start_time, actual_end_time, duration, create_user, create_date, modify_user, modify_date) VALUES (80018190, 80018016, 9, 3, null, CURRENT + -4680 UNITS MINUTE, CURRENT + -3240 UNITS MINUTE, CURRENT + -4680 UNITS MINUTE, CURRENT + -3240 UNITS MINUTE, 86400000, 132456, CURRENT, 132456, CURRENT);
INSERT INTO project_phase (project_phase_id, project_id, phase_type_id, phase_status_id, fixed_start_time, scheduled_start_time, scheduled_end_time, actual_start_time, actual_end_time, duration, create_user, create_date, modify_user, modify_date) VALUES (80018191, 80018016, 10, 2, null, CURRENT + -3240 UNITS MINUTE, CURRENT + -2520 UNITS MINUTE, CURRENT + -3240 UNITS MINUTE, null, 43200000, 132456, CURRENT, 132456, CURRENT);
INSERT INTO project_phase (project_phase_id, project_id, phase_type_id, phase_status_id, fixed_start_time, scheduled_start_time, scheduled_end_time, actual_start_time, actual_end_time, duration, create_user, create_date, modify_user, modify_date) VALUES (80018192, 80018016, 11, 1, null, CURRENT + -2520 UNITS MINUTE, CURRENT + 4680 UNITS MINUTE, null, null, 432000000, 132456, CURRENT, 132456, CURRENT);
INSERT INTO phase_dependency (dependency_phase_id, dependent_phase_id, dependency_start, dependent_start, lag_time, create_user, create_date, modify_user, modify_date) VALUES (80018181, 80018182, 0, 1, 0, 132456, CURRENT, 132456, CURRENT);
INSERT INTO phase_dependency (dependency_phase_id, dependent_phase_id, dependency_start, dependent_start, lag_time, create_user, create_date, modify_user, modify_date) VALUES (80018182, 80018183, 0, 1, 0, 132456, CURRENT, 132456, CURRENT);
INSERT INTO phase_dependency (dependency_phase_id, dependent_phase_id, dependency_start, dependent_start, lag_time, create_user, create_date, modify_user, modify_date) VALUES (80018183, 80018184, 1, 1, 0, 132456, CURRENT, 132456, CURRENT);
INSERT INTO phase_dependency (dependency_phase_id, dependent_phase_id, dependency_start, dependent_start, lag_time, create_user, create_date, modify_user, modify_date) VALUES (80018184, 80018185, 0, 1, 0, 132456, CURRENT, 132456, CURRENT);
INSERT INTO phase_dependency (dependency_phase_id, dependent_phase_id, dependency_start, dependent_start, lag_time, create_user, create_date, modify_user, modify_date) VALUES (80018185, 80018186, 0, 1, 0, 132456, CURRENT, 132456, CURRENT);
INSERT INTO phase_dependency (dependency_phase_id, dependent_phase_id, dependency_start, dependent_start, lag_time, create_user, create_date, modify_user, modify_date) VALUES (80018186, 80018187, 0, 1, 0, 132456, CURRENT, 132456, CURRENT);
INSERT INTO phase_dependency (dependency_phase_id, dependent_phase_id, dependency_start, dependent_start, lag_time, create_user, create_date, modify_user, modify_date) VALUES (80018187, 80018188, 0, 1, 0, 132456, CURRENT, 132456, CURRENT);
INSERT INTO phase_dependency (dependency_phase_id, dependent_phase_id, dependency_start, dependent_start, lag_time, create_user, create_date, modify_user, modify_date) VALUES (80018188, 80018189, 0, 1, 0, 132456, CURRENT, 132456, CURRENT);
INSERT INTO phase_dependency (dependency_phase_id, dependent_phase_id, dependency_start, dependent_start, lag_time, create_user, create_date, modify_user, modify_date) VALUES (80018189, 80018190, 0, 1, 0, 132456, CURRENT, 132456, CURRENT);
INSERT INTO phase_dependency (dependency_phase_id, dependent_phase_id, dependency_start, dependent_start, lag_time, create_user, create_date, modify_user, modify_date) VALUES (80018190, 80018191, 0, 1, 0, 132456, CURRENT, 132456, CURRENT);
INSERT INTO phase_dependency (dependency_phase_id, dependent_phase_id, dependency_start, dependent_start, lag_time, create_user, create_date, modify_user, modify_date) VALUES (80018191, 80018192, 0, 1, 0, 132456, CURRENT, 132456, CURRENT);
INSERT INTO phase_criteria (project_phase_id, phase_criteria_type_id, parameter, create_user, create_date, modify_user, modify_date) VALUES (80018182, 1, '30000722', 132456, CURRENT, 132456, CURRENT);
INSERT INTO phase_criteria (project_phase_id, phase_criteria_type_id, parameter, create_user, create_date, modify_user, modify_date) VALUES (80018182, 6, '1', 132456, CURRENT, 132456, CURRENT);
INSERT INTO phase_criteria (project_phase_id, phase_criteria_type_id, parameter, create_user, create_date, modify_user, modify_date) VALUES (80018183, 2, '0', 132456, CURRENT, 132456, CURRENT);
INSERT INTO phase_criteria (project_phase_id, phase_criteria_type_id, parameter, create_user, create_date, modify_user, modify_date) VALUES (80018183, 5, 'No', 132456, CURRENT, 132456, CURRENT);
INSERT INTO phase_criteria (project_phase_id, phase_criteria_type_id, parameter, create_user, create_date, modify_user, modify_date) VALUES (80018184, 3, '0', 132456, CURRENT, 132456, CURRENT);
INSERT INTO phase_criteria (project_phase_id, phase_criteria_type_id, parameter, create_user, create_date, modify_user, modify_date) VALUES (80018184, 5, 'Yes', 132456, CURRENT, 132456, CURRENT);
INSERT INTO phase_criteria (project_phase_id, phase_criteria_type_id, parameter, create_user, create_date, modify_user, modify_date) VALUES (80018185, 1, '30000410', 132456, CURRENT, 132456, CURRENT);
INSERT INTO phase_criteria (project_phase_id, phase_criteria_type_id, parameter, create_user, create_date, modify_user, modify_date) VALUES (80018185, 5, 'No', 132456, CURRENT, 132456, CURRENT);
INSERT INTO phase_criteria (project_phase_id, phase_criteria_type_id, parameter, create_user, create_date, modify_user, modify_date) VALUES (80018186, 1, '30000411', 132456, CURRENT, 132456, CURRENT);
INSERT INTO phase_criteria (project_phase_id, phase_criteria_type_id, parameter, create_user, create_date, modify_user, modify_date) VALUES (80018186, 5, 'No', 132456, CURRENT, 132456, CURRENT);
INSERT INTO phase_criteria (project_phase_id, phase_criteria_type_id, parameter, create_user, create_date, modify_user, modify_date) VALUES (80018186, 6, '3', 132456, CURRENT, 132456, CURRENT);
INSERT INTO phase_criteria (project_phase_id, phase_criteria_type_id, parameter, create_user, create_date, modify_user, modify_date) VALUES (80018187, 4, 'No', 132456, CURRENT, 132456, CURRENT);
INSERT INTO phase_criteria (project_phase_id, phase_criteria_type_id, parameter, create_user, create_date, modify_user, modify_date) VALUES (80018187, 5, 'No', 132456, CURRENT, 132456, CURRENT);
INSERT INTO phase_criteria (project_phase_id, phase_criteria_type_id, parameter, create_user, create_date, modify_user, modify_date) VALUES (80018188, 5, 'No', 132456, CURRENT, 132456, CURRENT);
INSERT INTO phase_criteria (project_phase_id, phase_criteria_type_id, parameter, create_user, create_date, modify_user, modify_date) VALUES (80018189, 5, 'No', 132456, CURRENT, 132456, CURRENT);
INSERT INTO phase_criteria (project_phase_id, phase_criteria_type_id, parameter, create_user, create_date, modify_user, modify_date) VALUES (80018190, 5, 'No', 132456, CURRENT, 132456, CURRENT);
INSERT INTO phase_criteria (project_phase_id, phase_criteria_type_id, parameter, create_user, create_date, modify_user, modify_date) VALUES (80018191, 5, 'No', 132456, CURRENT, 132456, CURRENT);
INSERT INTO phase_criteria (project_phase_id, phase_criteria_type_id, parameter, create_user, create_date, modify_user, modify_date) VALUES (80018192, 1, '30000720', 132456, CURRENT, 132456, CURRENT);
INSERT INTO phase_criteria (project_phase_id, phase_criteria_type_id, parameter, create_user, create_date, modify_user, modify_date) VALUES (80018192, 6, '1', 132456, CURRENT, 132456, CURRENT);
INSERT INTO resource (resource_id, resource_role_id, project_id, project_phase_id, create_user, create_date, modify_user, modify_date, user_id) VALUES (80018186, 13, 80018016, NULL, 132456, CURRENT, 132456, CURRENT, 132456);
INSERT INTO resource (resource_id, resource_role_id, project_id, project_phase_id, create_user, create_date, modify_user, modify_date, user_id) VALUES (80018187, 13, 80018016, NULL, 132456, CURRENT, 132456, CURRENT, 22770213);
INSERT INTO resource (resource_id, resource_role_id, project_id, project_phase_id, create_user, create_date, modify_user, modify_date, user_id) VALUES (80018188, 17, 80018016, NULL, 132456, CURRENT, 132456, CURRENT, 132458);
INSERT INTO resource (resource_id, resource_role_id, project_id, project_phase_id, create_user, create_date, modify_user, modify_date, user_id) VALUES (80018189, 18, 80018016, 80018182, 132456, CURRENT, 132456, CURRENT, 132457);
INSERT INTO resource (resource_id, resource_role_id, project_id, project_phase_id, create_user, create_date, modify_user, modify_date, user_id) VALUES (80018190, 1, 80018016, NULL, 132456, CURRENT, 132456, CURRENT, 80018001);
INSERT INTO component_inquiry (component_inquiry_id, component_id, user_id, comment, agreed_to_terms, rating, phase, tc_user_id, version, create_time, project_id) VALUES (80018042, 80018016, 80018001, null, 1, 1924, 150, 80018001, 0, CURRENT, 80018016);
INSERT INTO project_result (user_id, project_id, old_rating, new_rating, raw_score, final_score, payment, placed, rating_ind, valid_submission_ind, create_date, modify_date, passed_review_ind, point_adjustment, rating_order) VALUES (80018001, 80018016, 1924, null, null, null, null, null, 0, 0, CURRENT, CURRENT, null, null, null);
UPDATE user_rating SET rating = 1924 WHERE user_id = 80018001 AND phase_id = 150;
INSERT INTO resource (resource_id, resource_role_id, project_id, project_phase_id, create_user, create_date, modify_user, modify_date, user_id) VALUES (80018191, 1, 80018016, NULL, 132456, CURRENT, 132456, CURRENT, 80018004);
INSERT INTO component_inquiry (component_inquiry_id, component_id, user_id, comment, agreed_to_terms, rating, phase, tc_user_id, version, create_time, project_id) VALUES (80018043, 80018016, 80018004, null, 1, 0, 150, 80018004, 0, CURRENT, 80018016);
INSERT INTO project_result (user_id, project_id, old_rating, new_rating, raw_score, final_score, payment, placed, rating_ind, valid_submission_ind, create_date, modify_date, passed_review_ind, point_adjustment, rating_order) VALUES (80018004, 80018016, null, null, null, null, null, null, 0, 0, CURRENT, CURRENT, null, null, null);
UPDATE user_rating SET rating = 0 WHERE user_id = 80018004 AND phase_id = 150;
INSERT INTO resource (resource_id, resource_role_id, project_id, project_phase_id, create_user, create_date, modify_user, modify_date, user_id) VALUES (80018192, 1, 80018016, NULL, 132456, CURRENT, 132456, CURRENT, 80018010);
INSERT INTO component_inquiry (component_inquiry_id, component_id, user_id, comment, agreed_to_terms, rating, phase, tc_user_id, version, create_time, project_id) VALUES (80018044, 80018016, 80018010, null, 1, 0, 150, 80018010, 0, CURRENT, 80018016);
INSERT INTO project_result (user_id, project_id, old_rating, new_rating, raw_score, final_score, payment, placed, rating_ind, valid_submission_ind, create_date, modify_date, passed_review_ind, point_adjustment, rating_order) VALUES (80018010, 80018016, null, null, null, null, null, null, 0, 0, CURRENT, CURRENT, null, null, null);
UPDATE user_rating SET rating = 0 WHERE user_id = 80018010 AND phase_id = 150;
INSERT INTO resource (resource_id, resource_role_id, project_id, project_phase_id, create_user, create_date, modify_user, modify_date, user_id) VALUES (80018193, 2, 80018016, 80018185, 132456, CURRENT, 132456, CURRENT, 124835);
INSERT INTO resource (resource_id, resource_role_id, project_id, project_phase_id, create_user, create_date, modify_user, modify_date, user_id) VALUES (80018194, 4, 80018016, 80018186, 132456, CURRENT, 132456, CURRENT, 124835);
INSERT INTO resource (resource_id, resource_role_id, project_id, project_phase_id, create_user, create_date, modify_user, modify_date, user_id) VALUES (80018195, 8, 80018016, 80018189, 132456, CURRENT, 132456, CURRENT, 124835);
INSERT INTO resource (resource_id, resource_role_id, project_id, project_phase_id, create_user, create_date, modify_user, modify_date, user_id) VALUES (80018196, 9, 80018016, 80018191, 132456, CURRENT, 132456, CURRENT, 124835);
INSERT INTO resource (resource_id, resource_role_id, project_id, project_phase_id, create_user, create_date, modify_user, modify_date, user_id) VALUES (80018197, 14, 80018016, NULL, 132456, CURRENT, 132456, CURRENT, 132456);
INSERT INTO resource (resource_id, resource_role_id, project_id, project_phase_id, create_user, create_date, modify_user, modify_date, user_id) VALUES (80018198, 10, 80018016, NULL, 132456, CURRENT, 132456, CURRENT, 132458);
INSERT INTO resource_info (resource_id, resource_info_type_id, value, create_user, create_date, modify_user, modify_date) VALUES (80018186, 1, '132456', 132456, CURRENT, 132456, CURRENT);
INSERT INTO resource_info (resource_id, resource_info_type_id, value, create_user, create_date, modify_user, modify_date) VALUES (80018186, 2, 'heffan', 132456, CURRENT, 132456, CURRENT);
INSERT INTO resource_info (resource_id, resource_info_type_id, value, create_user, create_date, modify_user, modify_date) VALUES (80018186, 8, 'N/A', 132456, CURRENT, 132456, CURRENT);
INSERT INTO resource_info (resource_id, resource_info_type_id, value, create_user, create_date, modify_user, modify_date) VALUES (80018186, 6, '05.12.2016 03:16 AM', 132456, CURRENT, 132456, CURRENT);
INSERT INTO resource_info (resource_id, resource_info_type_id, value, create_user, create_date, modify_user, modify_date) VALUES (80018187, 1, '22770213', 132456, CURRENT, 132456, CURRENT);
INSERT INTO resource_info (resource_id, resource_info_type_id, value, create_user, create_date, modify_user, modify_date) VALUES (80018187, 2, 'Applications', 132456, CURRENT, 132456, CURRENT);
INSERT INTO resource_info (resource_id, resource_info_type_id, value, create_user, create_date, modify_user, modify_date) VALUES (80018187, 8, 'N/A', 132456, CURRENT, 132456, CURRENT);
INSERT INTO resource_info (resource_id, resource_info_type_id, value, create_user, create_date, modify_user, modify_date) VALUES (80018187, 6, '05.12.2016 03:17 AM', 132456, CURRENT, 132456, CURRENT);
INSERT INTO resource_info (resource_id, resource_info_type_id, value, create_user, create_date, modify_user, modify_date) VALUES (80018188, 1, '132458', 132456, CURRENT, 132456, CURRENT);
INSERT INTO resource_info (resource_id, resource_info_type_id, value, create_user, create_date, modify_user, modify_date) VALUES (80018188, 2, 'user', 132456, CURRENT, 132456, CURRENT);
INSERT INTO resource_info (resource_id, resource_info_type_id, value, create_user, create_date, modify_user, modify_date) VALUES (80018188, 8, 'N/A', 132456, CURRENT, 132456, CURRENT);
INSERT INTO resource_info (resource_id, resource_info_type_id, value, create_user, create_date, modify_user, modify_date) VALUES (80018188, 6, '05.12.2016 03:18 AM', 132456, CURRENT, 132456, CURRENT);
INSERT INTO resource_info (resource_id, resource_info_type_id, value, create_user, create_date, modify_user, modify_date) VALUES (80018189, 1, '132457', 132456, CURRENT, 132456, CURRENT);
INSERT INTO resource_info (resource_id, resource_info_type_id, value, create_user, create_date, modify_user, modify_date) VALUES (80018189, 2, 'super', 132456, CURRENT, 132456, CURRENT);
INSERT INTO resource_info (resource_id, resource_info_type_id, value, create_user, create_date, modify_user, modify_date) VALUES (80018189, 8, 'N/A', 132456, CURRENT, 132456, CURRENT);
INSERT INTO resource_info (resource_id, resource_info_type_id, value, create_user, create_date, modify_user, modify_date) VALUES (80018189, 6, '04.29.2016 07:19 AM', 132456, CURRENT, 132456, CURRENT);
INSERT INTO resource_info (resource_id, resource_info_type_id, value, create_user, create_date, modify_user, modify_date) VALUES (80018190, 1, '80018001', 132456, CURRENT, 132456, CURRENT);
INSERT INTO resource_info (resource_id, resource_info_type_id, value, create_user, create_date, modify_user, modify_date) VALUES (80018190, 2, 'dok80018001', 132456, CURRENT, 132456, CURRENT);
INSERT INTO resource_info (resource_id, resource_info_type_id, value, create_user, create_date, modify_user, modify_date) VALUES (80018190, 3, 'test@test.com', 132456, CURRENT, 132456, CURRENT);
INSERT INTO resource_info (resource_id, resource_info_type_id, value, create_user, create_date, modify_user, modify_date) VALUES (80018190, 4, '1924', 132456, CURRENT, 132456, CURRENT);
INSERT INTO resource_info (resource_id, resource_info_type_id, value, create_user, create_date, modify_user, modify_date) VALUES (80018190, 5, '81', 132456, CURRENT, 132456, CURRENT);
INSERT INTO resource_info (resource_id, resource_info_type_id, value, create_user, create_date, modify_user, modify_date) VALUES (80018190, 7, '800.0', 132456, CURRENT, 132456, CURRENT);
INSERT INTO resource_info (resource_id, resource_info_type_id, value, create_user, create_date, modify_user, modify_date) VALUES (80018190, 8, 'No', 132456, CURRENT, 132456, CURRENT);
INSERT INTO resource_info (resource_id, resource_info_type_id, value, create_user, create_date, modify_user, modify_date) VALUES (80018190, 6, '05.12.2016 03:20 AM', 132456, CURRENT, 132456, CURRENT);
INSERT INTO resource_info (resource_id, resource_info_type_id, value, create_user, create_date, modify_user, modify_date) VALUES (80018190, 13, 'No', 132456, CURRENT, 132456, CURRENT);
INSERT INTO resource_info (resource_id, resource_info_type_id, value, create_user, create_date, modify_user, modify_date) VALUES (80018191, 1, '80018004', 132456, CURRENT, 132456, CURRENT);
INSERT INTO resource_info (resource_id, resource_info_type_id, value, create_user, create_date, modify_user, modify_date) VALUES (80018191, 2, 'ThinMan80018004', 132456, CURRENT, 132456, CURRENT);
INSERT INTO resource_info (resource_id, resource_info_type_id, value, create_user, create_date, modify_user, modify_date) VALUES (80018191, 3, 'test@test.com', 132456, CURRENT, 132456, CURRENT);
INSERT INTO resource_info (resource_id, resource_info_type_id, value, create_user, create_date, modify_user, modify_date) VALUES (80018191, 7, '400.0', 132456, CURRENT, 132456, CURRENT);
INSERT INTO resource_info (resource_id, resource_info_type_id, value, create_user, create_date, modify_user, modify_date) VALUES (80018191, 8, 'No', 132456, CURRENT, 132456, CURRENT);
INSERT INTO resource_info (resource_id, resource_info_type_id, value, create_user, create_date, modify_user, modify_date) VALUES (80018191, 6, '05.12.2016 03:21 AM', 132456, CURRENT, 132456, CURRENT);
INSERT INTO resource_info (resource_id, resource_info_type_id, value, create_user, create_date, modify_user, modify_date) VALUES (80018191, 13, 'No', 132456, CURRENT, 132456, CURRENT);
INSERT INTO resource_info (resource_id, resource_info_type_id, value, create_user, create_date, modify_user, modify_date) VALUES (80018192, 1, '80018010', 132456, CURRENT, 132456, CURRENT);
INSERT INTO resource_info (resource_id, resource_info_type_id, value, create_user, create_date, modify_user, modify_date) VALUES (80018192, 2, 'hohosky80018010', 132456, CURRENT, 132456, CURRENT);
INSERT INTO resource_info (resource_id, resource_info_type_id, value, create_user, create_date, modify_user, modify_date) VALUES (80018192, 3, 'test@test.com', 132456, CURRENT, 132456, CURRENT);
INSERT INTO resource_info (resource_id, resource_info_type_id, value, create_user, create_date, modify_user, modify_date) VALUES (80018192, 8, 'N/A', 132456, CURRENT, 132456, CURRENT);
INSERT INTO resource_info (resource_id, resource_info_type_id, value, create_user, create_date, modify_user, modify_date) VALUES (80018192, 6, '05.12.2016 03:22 AM', 132456, CURRENT, 132456, CURRENT);
INSERT INTO resource_info (resource_id, resource_info_type_id, value, create_user, create_date, modify_user, modify_date) VALUES (80018192, 13, 'No', 132456, CURRENT, 132456, CURRENT);
INSERT INTO resource_info (resource_id, resource_info_type_id, value, create_user, create_date, modify_user, modify_date) VALUES (80018193, 1, '124835', 132456, CURRENT, 132456, CURRENT);
INSERT INTO resource_info (resource_id, resource_info_type_id, value, create_user, create_date, modify_user, modify_date) VALUES (80018193, 2, 'reassembler', 132456, CURRENT, 132456, CURRENT);
INSERT INTO resource_info (resource_id, resource_info_type_id, value, create_user, create_date, modify_user, modify_date) VALUES (80018193, 8, 'N/A', 132456, CURRENT, 132456, CURRENT);
INSERT INTO resource_info (resource_id, resource_info_type_id, value, create_user, create_date, modify_user, modify_date) VALUES (80018193, 6, '05.04.2016 09:23 AM', 132456, CURRENT, 132456, CURRENT);
INSERT INTO resource_info (resource_id, resource_info_type_id, value, create_user, create_date, modify_user, modify_date) VALUES (80018194, 1, '124835', 132456, CURRENT, 132456, CURRENT);
INSERT INTO resource_info (resource_id, resource_info_type_id, value, create_user, create_date, modify_user, modify_date) VALUES (80018194, 2, 'reassembler', 132456, CURRENT, 132456, CURRENT);
INSERT INTO resource_info (resource_id, resource_info_type_id, value, create_user, create_date, modify_user, modify_date) VALUES (80018194, 8, 'N/A', 132456, CURRENT, 132456, CURRENT);
INSERT INTO resource_info (resource_id, resource_info_type_id, value, create_user, create_date, modify_user, modify_date) VALUES (80018194, 6, '05.04.2016 09:24 PM', 132456, CURRENT, 132456, CURRENT);
INSERT INTO resource_info (resource_id, resource_info_type_id, value, create_user, create_date, modify_user, modify_date) VALUES (80018195, 1, '124835', 132456, CURRENT, 132456, CURRENT);
INSERT INTO resource_info (resource_id, resource_info_type_id, value, create_user, create_date, modify_user, modify_date) VALUES (80018195, 2, 'reassembler', 132456, CURRENT, 132456, CURRENT);
INSERT INTO resource_info (resource_id, resource_info_type_id, value, create_user, create_date, modify_user, modify_date) VALUES (80018195, 8, 'N/A', 132456, CURRENT, 132456, CURRENT);
INSERT INTO resource_info (resource_id, resource_info_type_id, value, create_user, create_date, modify_user, modify_date) VALUES (80018195, 6, '05.08.2016 09:25 AM', 132456, CURRENT, 132456, CURRENT);
INSERT INTO resource_info (resource_id, resource_info_type_id, value, create_user, create_date, modify_user, modify_date) VALUES (80018196, 1, '124835', 132456, CURRENT, 132456, CURRENT);
INSERT INTO resource_info (resource_id, resource_info_type_id, value, create_user, create_date, modify_user, modify_date) VALUES (80018196, 2, 'reassembler', 132456, CURRENT, 132456, CURRENT);
INSERT INTO resource_info (resource_id, resource_info_type_id, value, create_user, create_date, modify_user, modify_date) VALUES (80018196, 8, 'N/A', 132456, CURRENT, 132456, CURRENT);
INSERT INTO resource_info (resource_id, resource_info_type_id, value, create_user, create_date, modify_user, modify_date) VALUES (80018196, 6, '05.09.2016 09:26 PM', 132456, CURRENT, 132456, CURRENT);
INSERT INTO resource_info (resource_id, resource_info_type_id, value, create_user, create_date, modify_user, modify_date) VALUES (80018197, 1, '132456', 132456, CURRENT, 132456, CURRENT);
INSERT INTO resource_info (resource_id, resource_info_type_id, value, create_user, create_date, modify_user, modify_date) VALUES (80018197, 2, 'heffan', 132456, CURRENT, 132456, CURRENT);
INSERT INTO resource_info (resource_id, resource_info_type_id, value, create_user, create_date, modify_user, modify_date) VALUES (80018197, 8, 'N/A', 132456, CURRENT, 132456, CURRENT);
INSERT INTO resource_info (resource_id, resource_info_type_id, value, create_user, create_date, modify_user, modify_date) VALUES (80018197, 6, '05.12.2016 03:27 AM', 132456, CURRENT, 132456, CURRENT);
INSERT INTO resource_info (resource_id, resource_info_type_id, value, create_user, create_date, modify_user, modify_date) VALUES (80018198, 1, '132458', 132456, CURRENT, 132456, CURRENT);
INSERT INTO resource_info (resource_id, resource_info_type_id, value, create_user, create_date, modify_user, modify_date) VALUES (80018198, 2, 'user', 132456, CURRENT, 132456, CURRENT);
INSERT INTO resource_info (resource_id, resource_info_type_id, value, create_user, create_date, modify_user, modify_date) VALUES (80018198, 8, 'N/A', 132456, CURRENT, 132456, CURRENT);
INSERT INTO resource_info (resource_id, resource_info_type_id, value, create_user, create_date, modify_user, modify_date) VALUES (80018198, 6, '05.12.2016 03:28 AM', 132456, CURRENT, 132456, CURRENT);
INSERT INTO upload (upload_id, project_id, resource_id, upload_type_id, upload_status_id, parameter, create_user, create_date, modify_user, modify_date, project_phase_id) VALUES (80018047, 80018016, 80018188, 1, 1, '80018016_80018188_80018047.zip', 132458, '2016-05-12 03:18:09', 132458, CURRENT, 80018181);
INSERT INTO upload (upload_id, project_id, resource_id, upload_type_id, upload_status_id, parameter, create_user, create_date, modify_user, modify_date, project_phase_id) VALUES (80018051, 80018016, 80018190, 3, 1, '80018016_80018190_80018051_final_fix.zip', 80018001, '2016-05-12 03:15:09', 80018001, CURRENT, 80018190);
INSERT INTO upload (upload_id, project_id, resource_id, upload_type_id, upload_status_id, parameter, create_user, create_date, modify_user, modify_date, project_phase_id) VALUES (80018048, 80018016, 80018190, 1, 1, '80018016_80018190_80018048.zip', 80018001, '2016-05-12 03:20:09', 80018001, CURRENT, 80018184);
INSERT INTO upload (upload_id, project_id, resource_id, upload_type_id, upload_status_id, parameter, create_user, create_date, modify_user, modify_date, project_phase_id) VALUES (80018049, 80018016, 80018191, 1, 1, '80018016_80018191_80018049.zip', 80018004, '2016-05-12 03:21:09', 80018004, CURRENT, 80018184);
INSERT INTO upload (upload_id, project_id, resource_id, upload_type_id, upload_status_id, parameter, create_user, create_date, modify_user, modify_date, project_phase_id) VALUES (80018050, 80018016, 80018194, 4, 1, '80018016_80018194_80018050_screenshots.zip', 124835, '2016-05-12 03:15:09', 124835, CURRENT, 80018186);
INSERT INTO submission (submission_id, upload_id, submission_status_id, screening_score, initial_score, final_score, placement, submission_type_id, create_user, create_date, modify_user, modify_date, prize_id) VALUES (80018039, 80018047, 1, null, null, null, null, 2, 132458, '2016-05-12 10:29:02', 132458, '2016-05-12 10:29:02', null);
INSERT INTO resource_submission (resource_id, submission_id, create_user, create_date, modify_user, modify_date) VALUES (80018188, 80018039, 132458, CURRENT, 132458, CURRENT);
INSERT INTO submission (submission_id, upload_id, submission_status_id, screening_score, initial_score, final_score, placement, submission_type_id, create_user, create_date, modify_user, modify_date, prize_id) VALUES (80018040, 80018048, 1, 75.0, 75.0, 75.0, 1, 1, 80018001, '2016-05-12 12:31:05', 80018001, '2016-05-12 12:31:05', 80018036);
INSERT INTO resource_submission (resource_id, submission_id, create_user, create_date, modify_user, modify_date) VALUES (80018190, 80018040, 80018001, CURRENT, 80018001, CURRENT);
INSERT INTO submission (submission_id, upload_id, submission_status_id, screening_score, initial_score, final_score, placement, submission_type_id, create_user, create_date, modify_user, modify_date, prize_id) VALUES (80018041, 80018049, 4, 100.0, 75.0, 75.0, 2, 1, 80018004, '2016-05-12 11:23:34', 80018004, '2016-05-12 11:23:34', 80018037);
INSERT INTO resource_submission (resource_id, submission_id, create_user, create_date, modify_user, modify_date) VALUES (80018191, 80018041, 80018004, CURRENT, 80018004, CURRENT);
INSERT INTO review (review_id, resource_id, submission_id, scorecard_id, committed, initial_score, score, create_user, create_date, modify_user, modify_date, project_phase_id) VALUES (80018065, 80018189, 80018039, 30000722, 1, 75.0, 75.0, 132457, CURRENT, 132457, CURRENT, 80018182);
INSERT INTO review_comment (review_comment_id, resource_id, review_id, comment_type_id, content, extra_info, sort, create_user, create_date, modify_user, modify_date) VALUES (80018017, 80018189, 80018065, 14, '', 'Approved', 0, 132457, CURRENT, 132457, CURRENT);
INSERT INTO review_item (review_item_id, review_id, scorecard_question_id, upload_id, answer, sort, create_user, create_date, modify_user, modify_date) VALUES (80018065, 80018065, 30001008, null, '3/4', 0, 132457, CURRENT, 132457, CURRENT);
INSERT INTO review_item_comment (review_item_comment_id, resource_id, review_item_id, comment_type_id, content, extra_info, sort, create_user, create_date, modify_user, modify_date) VALUES (80018093, 80018189, 80018065, 1, 'okey', NULL, 0, 132457, CURRENT, 132457, CURRENT);
INSERT INTO review (review_id, resource_id, submission_id, scorecard_id, committed, initial_score, score, create_user, create_date, modify_user, modify_date, project_phase_id) VALUES (80018066, 80018193, 80018040, 30000410, 1, 75.0, 75.0, 124835, CURRENT, 124835, CURRENT, 80018185);
INSERT INTO review_item (review_item_id, review_id, scorecard_question_id, upload_id, answer, sort, create_user, create_date, modify_user, modify_date) VALUES (80018066, 80018066, 30001000, null, '3/4', 0, 124835, CURRENT, 124835, CURRENT);
INSERT INTO review_item_comment (review_item_comment_id, resource_id, review_item_id, comment_type_id, content, extra_info, sort, create_user, create_date, modify_user, modify_date) VALUES (80018094, 80018193, 80018066, 1, 'web_trunk\src\main\com\topcoder\web\tc\Constants.java, seems has some encoding problem.  ------------------------- The number of seconds the ?Resend Token? button should be disabled after a click. ------------------------ *It supports a variable ?{token}? which is supposed to be replaced by the real token. --------------------------- *It supports variables - ?{userId}?, ?{key}? and ?{expiredAt}? ? that are used to construct the verification link. ------------------------- ', NULL, 0, 124835, CURRENT, 124835, CURRENT);
INSERT INTO review (review_id, resource_id, submission_id, scorecard_id, committed, initial_score, score, create_user, create_date, modify_user, modify_date, project_phase_id) VALUES (80018067, 80018193, 80018041, 30000410, 1, 100.0, 100.0, 124835, CURRENT, 124835, CURRENT, 80018185);
INSERT INTO review_item (review_item_id, review_id, scorecard_question_id, upload_id, answer, sort, create_user, create_date, modify_user, modify_date) VALUES (80018067, 80018067, 30001000, null, '4/4', 0, 124835, CURRENT, 124835, CURRENT);
INSERT INTO review_item_comment (review_item_comment_id, resource_id, review_item_id, comment_type_id, content, extra_info, sort, create_user, create_date, modify_user, modify_date) VALUES (80018095, 80018193, 80018067, 1, 'Verification section provides the instructions just for testing the Direct web module while there are other web modules deployed and to be tested as well like /mobile, /present', NULL, 0, 124835, CURRENT, 124835, CURRENT);
INSERT INTO review (review_id, resource_id, submission_id, scorecard_id, committed, initial_score, score, create_user, create_date, modify_user, modify_date, project_phase_id) VALUES (80018068, 80018194, 80018040, 30000411, 1, 75.0, 75.0, 124835, CURRENT, 124835, CURRENT, 80018186);
INSERT INTO review_item (review_item_id, review_id, scorecard_question_id, upload_id, answer, sort, create_user, create_date, modify_user, modify_date) VALUES (80018068, 80018068, 30001001, null, '3/4', 0, 124835, CURRENT, 124835, CURRENT);
INSERT INTO review_item_comment (review_item_comment_id, resource_id, review_item_id, comment_type_id, content, extra_info, sort, create_user, create_date, modify_user, modify_date) VALUES (80018096, 80018194, 80018068, 1, 'visit http://tc.cloud.topcoder.com/tc?module=ProjectDetail&pj=7700001 anonymously, click the Registration button, then enter with user without checking the compete options, it return back to contest detail page, but no popup shows information to check options in profile. ', NULL, 0, 124835, CURRENT, 124835, CURRENT);
INSERT INTO review_item_comment (review_item_comment_id, resource_id, review_item_id, comment_type_id, content, extra_info, sort, create_user, create_date, modify_user, modify_date) VALUES (80018097, 80018194, 80018068, 1, 'visit http://tc.cloud.topcoder.com/tc?module=ProjectDetail&pj=7700001 anonymously, click the Registration button, then enter with user without checking the compete options, it return back to contest detail page, but no popup shows information to check options in profile. ', NULL, 0, 124835, CURRENT, 124835, CURRENT);
INSERT INTO review_item_comment (review_item_comment_id, resource_id, review_item_id, comment_type_id, content, extra_info, sort, create_user, create_date, modify_user, modify_date) VALUES (80018098, 80018194, 80018068, 1, 'Using the registration steps, I can not get any activation emails, I used outlook.com and qq.com.  I manually update it through database. ', NULL, 0, 124835, CURRENT, 124835, CURRENT);
INSERT INTO review (review_id, resource_id, submission_id, scorecard_id, committed, initial_score, score, create_user, create_date, modify_user, modify_date, project_phase_id) VALUES (80018069, 80018194, 80018041, 30000411, 1, 75.0, 75.0, 124835, CURRENT, 124835, CURRENT, 80018186);
INSERT INTO review_item (review_item_id, review_id, scorecard_question_id, upload_id, answer, sort, create_user, create_date, modify_user, modify_date) VALUES (80018069, 80018069, 30001001, 80018050, '3/4', 0, 124835, CURRENT, 124835, CURRENT);
INSERT INTO review_item_comment (review_item_comment_id, resource_id, review_item_id, comment_type_id, content, extra_info, sort, create_user, create_date, modify_user, modify_date) VALUES (80018099, 80018194, 80018069, 1, 'analytics web module is not workable. When trying to access it the server responds with HTTP 404 error.', NULL, 0, 124835, CURRENT, 124835, CURRENT);
INSERT INTO review_item_comment (review_item_comment_id, resource_id, review_item_id, comment_type_id, content, extra_info, sort, create_user, create_date, modify_user, modify_date) VALUES (80018100, 80018194, 80018069, 1, 'Direct web module: server responds with error when trying to visit https://localhost/direct/allProjects.action', NULL, 0, 124835, CURRENT, 124835, CURRENT);
INSERT INTO review_item_comment (review_item_comment_id, resource_id, review_item_id, comment_type_id, content, extra_info, sort, create_user, create_date, modify_user, modify_date) VALUES (80018101, 80018194, 80018069, 1, 'Verification section provides the instructions just for testing the Direct web module while there are other web modules deployed and to be tested as well like /mobile, /present', NULL, 0, 124835, CURRENT, 124835, CURRENT);
INSERT INTO review_item_comment (review_item_comment_id, resource_id, review_item_id, comment_type_id, content, extra_info, sort, create_user, create_date, modify_user, modify_date) VALUES (80018102, 80018194, 80018069, 1, 'web_trunk\src\main\com\topcoder\web\tc\Constants.java, seems has some encoding problem.  ------------------------- The number of seconds the ?Resend Token? button should be disabled after a click. ------------------------ *It supports a variable ?{token}? which is supposed to be replaced by the real token. --------------------------- *It supports variables - ?{userId}?, ?{key}? and ?{expiredAt}? ? that are used to construct the verification link. ------------------------- ', NULL, 0, 124835, CURRENT, 124835, CURRENT);
INSERT INTO review (review_id, resource_id, submission_id, scorecard_id, committed, initial_score, score, create_user, create_date, modify_user, modify_date, project_phase_id) VALUES (80018070, 80018195, 80018040, 30000411, 1, null, null, 124835, CURRENT, 124835, CURRENT, 80018189);
INSERT INTO review_comment (review_comment_id, resource_id, review_id, comment_type_id, content, extra_info, sort, create_user, create_date, modify_user, modify_date) VALUES (80018018, 80018190, 80018070, 8, '', NULL, 0, 124835, CURRENT, 124835, CURRENT);
INSERT INTO review_item (review_item_id, review_id, scorecard_question_id, upload_id, answer, sort, create_user, create_date, modify_user, modify_date) VALUES (80018070, 80018070, 30001001, null, '3/4', 0, 124835, CURRENT, 124835, CURRENT);
INSERT INTO review_item_comment (review_item_comment_id, resource_id, review_item_id, comment_type_id, content, extra_info, sort, create_user, create_date, modify_user, modify_date) VALUES (80018103, 80018194, 80018070, 1, 'visit http://tc.cloud.topcoder.com/tc?module=ProjectDetail&pj=7700001 anonymously, click the Registration button, then enter with user without checking the compete options, it return back to contest detail page, but no popup shows information to check options in profile. ', 'Accept', 0, 124835, CURRENT, 124835, CURRENT);
INSERT INTO review_item_comment (review_item_comment_id, resource_id, review_item_id, comment_type_id, content, extra_info, sort, create_user, create_date, modify_user, modify_date) VALUES (80018104, 80018194, 80018070, 1, 'visit http://tc.cloud.topcoder.com/tc?module=ProjectDetail&pj=7700001 anonymously, click the Registration button, then enter with user without checking the compete options, it return back to contest detail page, but no popup shows information to check options in profile. ', 'Accept', 0, 124835, CURRENT, 124835, CURRENT);
INSERT INTO review_item_comment (review_item_comment_id, resource_id, review_item_id, comment_type_id, content, extra_info, sort, create_user, create_date, modify_user, modify_date) VALUES (80018105, 80018194, 80018070, 1, 'Using the registration steps, I can not get any activation emails, I used outlook.com and qq.com.  I manually update it through database. ', 'Accept', 0, 124835, CURRENT, 124835, CURRENT);
INSERT INTO review_item_comment (review_item_comment_id, resource_id, review_item_id, comment_type_id, content, extra_info, sort, create_user, create_date, modify_user, modify_date) VALUES (80018106, 80018195, 80018070, 6, '', NULL, 1, 124835, CURRENT, 124835, CURRENT);
INSERT INTO review (review_id, resource_id, submission_id, scorecard_id, committed, initial_score, score, create_user, create_date, modify_user, modify_date, project_phase_id) VALUES (80018071, 80018196, 80018040, 30000411, 0, null, null, 124835, CURRENT, 124835, CURRENT, 80018191);
INSERT INTO review_comment (review_comment_id, resource_id, review_id, comment_type_id, content, extra_info, sort, create_user, create_date, modify_user, modify_date) VALUES (80018019, 80018190, 80018071, 8, '', NULL, 0, 124835, CURRENT, 124835, CURRENT);
INSERT INTO review_item (review_item_id, review_id, scorecard_question_id, upload_id, answer, sort, create_user, create_date, modify_user, modify_date) VALUES (80018071, 80018071, 30001001, null, '3/4', 0, 124835, CURRENT, 124835, CURRENT);
INSERT INTO review_item_comment (review_item_comment_id, resource_id, review_item_id, comment_type_id, content, extra_info, sort, create_user, create_date, modify_user, modify_date) VALUES (80018107, 80018194, 80018071, 1, 'visit http://tc.cloud.topcoder.com/tc?module=ProjectDetail&pj=7700001 anonymously, click the Registration button, then enter with user without checking the compete options, it return back to contest detail page, but no popup shows information to check options in profile. ', NULL, 0, 124835, CURRENT, 124835, CURRENT);
INSERT INTO review_item_comment (review_item_comment_id, resource_id, review_item_id, comment_type_id, content, extra_info, sort, create_user, create_date, modify_user, modify_date) VALUES (80018108, 80018194, 80018071, 1, 'visit http://tc.cloud.topcoder.com/tc?module=ProjectDetail&pj=7700001 anonymously, click the Registration button, then enter with user without checking the compete options, it return back to contest detail page, but no popup shows information to check options in profile. ', NULL, 1, 124835, CURRENT, 124835, CURRENT);
INSERT INTO review_item_comment (review_item_comment_id, resource_id, review_item_id, comment_type_id, content, extra_info, sort, create_user, create_date, modify_user, modify_date) VALUES (80018109, 80018194, 80018071, 1, 'Using the registration steps, I can not get any activation emails, I used outlook.com and qq.com.  I manually update it through database. ', NULL, 2, 124835, CURRENT, 124835, CURRENT);
INSERT INTO review_item_comment (review_item_comment_id, resource_id, review_item_id, comment_type_id, content, extra_info, sort, create_user, create_date, modify_user, modify_date) VALUES (80018110, 80018195, 80018071, 6, '', NULL, 3, 124835, CURRENT, 124835, CURRENT);
INSERT INTO notification (project_id, external_ref_id, notification_type_id, create_user, create_date, modify_user, modify_date) VALUES (80018016, 80018004, 1, 132456, CURRENT, 132456, CURRENT);
INSERT INTO notification (project_id, external_ref_id, notification_type_id, create_user, create_date, modify_user, modify_date) VALUES (80018016, 124835, 1, 132456, CURRENT, 132456, CURRENT);
INSERT INTO notification (project_id, external_ref_id, notification_type_id, create_user, create_date, modify_user, modify_date) VALUES (80018016, 80018001, 1, 132456, CURRENT, 132456, CURRENT);
INSERT INTO notification (project_id, external_ref_id, notification_type_id, create_user, create_date, modify_user, modify_date) VALUES (80018016, 132458, 1, 132456, CURRENT, 132456, CURRENT);
INSERT INTO notification (project_id, external_ref_id, notification_type_id, create_user, create_date, modify_user, modify_date) VALUES (80018016, 132456, 1, 132456, CURRENT, 132456, CURRENT);
INSERT INTO notification (project_id, external_ref_id, notification_type_id, create_user, create_date, modify_user, modify_date) VALUES (80018016, 132457, 1, 132456, CURRENT, 132456, CURRENT);
INSERT INTO notification (project_id, external_ref_id, notification_type_id, create_user, create_date, modify_user, modify_date) VALUES (80018016, 22770213, 1, 132456, CURRENT, 132456, CURRENT);
INSERT INTO notification (project_id, external_ref_id, notification_type_id, create_user, create_date, modify_user, modify_date) VALUES (80018016, 80018010, 1, 132456, CURRENT, 132456, CURRENT);
INSERT INTO contest_sale (contest_sale_id, contest_id, sale_status_id, price, paypal_order_id, create_date, sale_reference_id, sale_type_id) VALUES (80018016, 80018016, 1, 8436.0, 'PO BOX 80018001', CURRENT, 'PO BOX 80018001', 2);
INSERT INTO project_payment (project_payment_id, project_payment_type_id, resource_id, submission_id, amount, pacts_payment_id, create_user,create_date, modify_user, modify_date) VALUES (80018060, 3, 80018189, null, 50.0, null, 132456, CURRENT, 132456, CURRENT);
INSERT INTO project_payment (project_payment_id, project_payment_type_id, resource_id, submission_id, amount, pacts_payment_id, create_user,create_date, modify_user, modify_date) VALUES (80018063, 1, 80018190, 80018040, 800.0, null, 132456, CURRENT, 132456, CURRENT);
INSERT INTO project_payment (project_payment_id, project_payment_type_id, resource_id, submission_id, amount, pacts_payment_id, create_user,create_date, modify_user, modify_date) VALUES (80018064, 1, 80018191, 80018041, 400.0, null, 132456, CURRENT, 132456, CURRENT);
INSERT INTO project_payment (project_payment_id, project_payment_type_id, resource_id, submission_id, amount, pacts_payment_id, create_user,create_date, modify_user, modify_date) VALUES (80018061, 3, 80018193, null, 50.0, null, 132456, CURRENT, 132456, CURRENT);
INSERT INTO project_payment (project_payment_id, project_payment_type_id, resource_id, submission_id, amount, pacts_payment_id, create_user,create_date, modify_user, modify_date) VALUES (80018062, 3, 80018194, null, 250.0, null, 132456, CURRENT, 132456, CURRENT);
INSERT INTO project_payment (project_payment_id, project_payment_type_id, resource_id, submission_id, amount, pacts_payment_id, create_user,create_date, modify_user, modify_date) VALUES (80018065, 3, 80018195, null, 10.0, null, 132456, CURRENT, 132456, CURRENT);
INSERT INTO project_payment (project_payment_id, project_payment_type_id, resource_id, submission_id, amount, pacts_payment_id, create_user,create_date, modify_user, modify_date) VALUES (80018066, 4, 80018197, null, 350.0, null, 132456, CURRENT, 132456, CURRENT);
INSERT INTO contest_milestone_xref (contest_id, project_milestone_id, create_user, create_date, modify_user, modify_date) VALUES (80018016, 800180010, 132456, CURRENT, 132456, CURRENT);
INSERT INTO project_platform (project_id, project_platform_id, create_user, create_date, modify_user, modify_date) VALUES (80018016, 7, 132456, CURRENT, 132456, CURRENT);
INSERT INTO project_platform (project_id, project_platform_id, create_user, create_date, modify_user, modify_date) VALUES (80018016, 1, 132456, CURRENT, 132456, CURRENT);
INSERT INTO review_auction (review_auction_id, project_id, review_auction_type_id) VALUES (80028016, 80018016, 3);
INSERT INTO review_auction (review_auction_id, project_id, review_auction_type_id) VALUES (80018016, 80018016, 1);
INSERT INTO comp_catalog (component_id, current_version, short_desc, component_name, description, function_desc, create_time, status_id, root_category_id, modify_date, public_ind)  VALUES (80018017, 1, 'Short description for UI Prototypes Contest 17', 'UI Prototypes Contest 17', 'Description for UI Prototypes Contest 17', 'Functional description for UI Prototypes Contest 17', CURRENT, 1, 27202915, CURRENT, 1);
INSERT INTO comp_categories (comp_categories_id, component_id, category_id)  VALUES (80018017, 80018017, 27202915);
INSERT INTO comp_versions (comp_vers_id, component_id, version, version_text, create_time, phase_id, phase_time, price, comments, modify_date, suspended_ind) VALUES (80018017, 80018017, 1, '1.0', CURRENT, 112, CURRENT, 1200.0, 'Comments for version #1', CURRENT, 0);
INSERT INTO comp_version_dates (comp_version_dates_id, comp_vers_id, phase_id, posting_date, initial_submission_date, winner_announced_date, final_submission_date, estimated_dev_date, price, total_submissions, status_id, create_time, level_id, screening_complete_date, review_complete_date, aggregation_complete_date, phase_complete_date, production_date, aggregation_complete_date_comment, phase_complete_date_comment, review_complete_date_comment, winner_announced_date_comment, initial_submission_date_comment, screening_complete_date_comment, final_submission_date_comment, production_date_comment, modify_date) VALUES (80018017, 80018017, 112, '1976-06-05', '2000-02-01', '2000-02-01', '2000-02-01', '2000-02-01', 0.00, 0, 301, CURRENT, 100, '2000-02-01', '2000-02-01', '2000-02-01', '2000-02-01', null, null, null, null, null, null, null, null, null, CURRENT);
INSERT INTO comp_technology (comp_tech_id, comp_vers_id, technology_type_id) VALUES (800180170, 80018017, 5905414);
INSERT INTO comp_technology (comp_tech_id, comp_vers_id, technology_type_id) VALUES (800180171, 80018017, 27052211);
INSERT INTO comp_technology (comp_tech_id, comp_vers_id, technology_type_id) VALUES (800180172, 80018017, 26740930);
INSERT INTO comp_technology (comp_tech_id, comp_vers_id, technology_type_id) VALUES (800180173, 80018017, 27167850);
INSERT INTO comp_technology (comp_tech_id, comp_vers_id, technology_type_id) VALUES (800180174, 80018017, 27050144);
INSERT INTO project (project_id, project_status_id, project_category_id, create_user, create_date, modify_user, modify_date, tc_direct_project_id, project_studio_spec_id) VALUES (80018017, 1, 19, 132456, CURRENT, 132456, CURRENT, 80018001, NULL);
INSERT INTO project_info (project_id, project_info_type_id, value, create_user, create_date, modify_user, modify_date) VALUES (80018017, 1, '80018017', 132456, CURRENT, 132456, CURRENT);
INSERT INTO project_info (project_id, project_info_type_id, value, create_user, create_date, modify_user, modify_date) VALUES (80018017, 2, '80018017', 132456, CURRENT, 132456, CURRENT);
INSERT INTO project_info (project_id, project_info_type_id, value, create_user, create_date, modify_user, modify_date) VALUES (80018017, 3, '80018017', 132456, CURRENT, 132456, CURRENT);
INSERT INTO project_info (project_id, project_info_type_id, value, create_user, create_date, modify_user, modify_date) VALUES (80018017, 4, '80018018', 132456, CURRENT, 132456, CURRENT);
INSERT INTO comp_jive_category_xref (comp_vers_id, jive_category_id) VALUES (80018017, 0);
INSERT INTO project_info (project_id, project_info_type_id, value, create_user, create_date, modify_user, modify_date) VALUES (80018017, 5, '27202915', 132456, CURRENT, 132456, CURRENT);
INSERT INTO project_info (project_id, project_info_type_id, value, create_user, create_date, modify_user, modify_date) VALUES (80018017, 6, 'UI Prototypes Contest 17', 132456, CURRENT, 132456, CURRENT);
INSERT INTO project_info (project_id, project_info_type_id, value, create_user, create_date, modify_user, modify_date) VALUES (80018017, 7, '1.0', 132456, CURRENT, 132456, CURRENT);
INSERT INTO project_info (project_id, project_info_type_id, value, create_user, create_date, modify_user, modify_date) VALUES (80018017, 8, '', 132456, CURRENT, 132456, CURRENT);
INSERT INTO project_info (project_id, project_info_type_id, value, create_user, create_date, modify_user, modify_date) VALUES (80018017, 11, 'On', 132456, CURRENT, 132456, CURRENT);
INSERT INTO project_info (project_id, project_info_type_id, value, create_user, create_date, modify_user, modify_date) VALUES (80018017, 9, 'On', 132456, CURRENT, 132456, CURRENT);
INSERT INTO project_info (project_id, project_info_type_id, value, create_user, create_date, modify_user, modify_date) VALUES (80018017, 10, 'On', 132456, CURRENT, 132456, CURRENT);
INSERT INTO project_info (project_id, project_info_type_id, value, create_user, create_date, modify_user, modify_date) VALUES (80018017, 12, 'Yes', 132456, CURRENT, 132456, CURRENT);
INSERT INTO project_info (project_id, project_info_type_id, value, create_user, create_date, modify_user, modify_date) VALUES (80018017, 13, 'Yes', 132456, CURRENT, 132456, CURRENT);
INSERT INTO project_info (project_id, project_info_type_id, value, create_user, create_date, modify_user, modify_date) VALUES (80018017, 14, 'Open', 132456, CURRENT, 132456, CURRENT);
INSERT INTO project_info (project_id, project_info_type_id, value, create_user, create_date, modify_user, modify_date) VALUES (80018017, 16, '1200.0', 132456, CURRENT, 132456, CURRENT);
INSERT INTO project_info (project_id, project_info_type_id, value, create_user, create_date, modify_user, modify_date) VALUES (80018017, 17, '', 132456, CURRENT, 132456, CURRENT);
INSERT INTO project_info (project_id, project_info_type_id, value, create_user, create_date, modify_user, modify_date) VALUES (80018017, 26, 'On', 132456, CURRENT, 132456, CURRENT);
INSERT INTO project_info (project_id, project_info_type_id, value, create_user, create_date, modify_user, modify_date) VALUES (80018017, 30, '540.0', 132456, CURRENT, 132456, CURRENT);
INSERT INTO project_info (project_id, project_info_type_id, value, create_user, create_date, modify_user, modify_date) VALUES (80018017, 31, '6001.0', 132456, CURRENT, 132456, CURRENT);
INSERT INTO project_info (project_id, project_info_type_id, value, create_user, create_date, modify_user, modify_date) VALUES (80018017, 33, '761.0', 132456, CURRENT, 132456, CURRENT);
INSERT INTO project_info (project_id, project_info_type_id, value, create_user, create_date, modify_user, modify_date) VALUES (80018017, 35, '30.0', 132456, CURRENT, 132456, CURRENT);
INSERT INTO project_info (project_id, project_info_type_id, value, create_user, create_date, modify_user, modify_date) VALUES (80018017, 36, '1200.0', 132456, CURRENT, 132456, CURRENT);
INSERT INTO project_info (project_id, project_info_type_id, value, create_user, create_date, modify_user, modify_date) VALUES (80018017, 37, '600.0', 132456, CURRENT, 132456, CURRENT);
INSERT INTO project_info (project_id, project_info_type_id, value, create_user, create_date, modify_user, modify_date) VALUES (80018017, 45, 'true', 132456, CURRENT, 132456, CURRENT);
INSERT INTO project_info (project_id, project_info_type_id, value, create_user, create_date, modify_user, modify_date) VALUES (80018017, 47, 'true', 132456, CURRENT, 132456, CURRENT);
INSERT INTO project_info (project_id, project_info_type_id, value, create_user, create_date, modify_user, modify_date) VALUES (80018017, 38, '380.0', 132456, CURRENT, 132456, CURRENT);
INSERT INTO project_info (project_id, project_info_type_id, value, create_user, create_date, modify_user, modify_date) VALUES (80018017, 39, '0.0', 132456, CURRENT, 132456, CURRENT);
INSERT INTO project_info (project_id, project_info_type_id, value, create_user, create_date, modify_user, modify_date) VALUES (80018017, 40, 'C', 132456, CURRENT, 132456, CURRENT);
INSERT INTO project_info (project_id, project_info_type_id, value, create_user, create_date, modify_user, modify_date) VALUES (80018017, 32, '80018001', 132456, CURRENT, 132456, CURRENT);
INSERT INTO project_info (project_id, project_info_type_id, value, create_user, create_date, modify_user, modify_date) VALUES (80018017, 41, 'true', 132456, CURRENT, 132456, CURRENT);
INSERT INTO project_info (project_id, project_info_type_id, value, create_user, create_date, modify_user, modify_date) VALUES (80018017, 43, 'true', 132456, CURRENT, 132456, CURRENT);
INSERT INTO project_info (project_id, project_info_type_id, value, create_user, create_date, modify_user, modify_date) VALUES (80018017, 44, 'false', 132456, CURRENT, 132456, CURRENT);
INSERT INTO project_info (project_id, project_info_type_id, value, create_user, create_date, modify_user, modify_date) VALUES (80018017, 46, 'true', 132456, CURRENT, 132456, CURRENT);
INSERT INTO project_info (project_id, project_info_type_id, value, create_user, create_date, modify_user, modify_date) VALUES (80018017, 48, 'true', 132456, CURRENT, 132456, CURRENT);
INSERT INTO project_info (project_id, project_info_type_id, value, create_user, create_date, modify_user, modify_date) VALUES (80018017, 49, '500', 132456, CURRENT, 132456, CURRENT);
INSERT INTO project_info (project_id, project_info_type_id, value, create_user, create_date, modify_user, modify_date) VALUES (80018017, 59, 'true', 132456, CURRENT, 132456, CURRENT);
INSERT INTO prize (prize_id, place, prize_amount, prize_type_id, number_of_submissions,                    create_user, create_date, modify_user, modify_date, project_id) VALUES (80018038, 1, 1200.0, 15, 1, 132456, CURRENT, 132456, CURRENT, 80018017);
INSERT INTO prize (prize_id, place, prize_amount, prize_type_id, number_of_submissions,                    create_user, create_date, modify_user, modify_date, project_id) VALUES (80018039, 2, 600.0, 15, 1, 132456, CURRENT, 132456, CURRENT, 80018017);
INSERT INTO prize (prize_id, place, prize_amount, prize_type_id, number_of_submissions,                    create_user, create_date, modify_user, modify_date, project_id) VALUES (80018040, 1, 76.0, 14, 1, 132456, CURRENT, 132456, CURRENT, 80018017);
INSERT INTO project_spec (project_spec_id, project_id, version, detailed_requirements, submission_deliverables, environment_setup_instruction, final_submission_guidelines, private_description, create_user, create_date, modify_user, modify_date) VALUES (80018017, 80018017, 1, 'Detailed requirements for UI Prototypes Contest 17', '', '', 'Final submission guidelines for UI Prototypes Contest 17', '', 132456, CURRENT, 132456, CURRENT);
INSERT INTO project_phase (project_phase_id, project_id, phase_type_id, phase_status_id, fixed_start_time, scheduled_start_time, scheduled_end_time, actual_start_time, actual_end_time, duration, create_user, create_date, modify_user, modify_date) VALUES (80018193, 80018017, 13, 3, CURRENT + -15240 UNITS MINUTE, CURRENT + -15240 UNITS MINUTE, CURRENT + -12360 UNITS MINUTE, CURRENT + -15240 UNITS MINUTE, CURRENT + -12360 UNITS MINUTE, 172800000, 132456, CURRENT, 132456, CURRENT);
INSERT INTO project_phase (project_phase_id, project_id, phase_type_id, phase_status_id, fixed_start_time, scheduled_start_time, scheduled_end_time, actual_start_time, actual_end_time, duration, create_user, create_date, modify_user, modify_date) VALUES (80018194, 80018017, 14, 3, null, CURRENT + -12360 UNITS MINUTE, CURRENT + -12240 UNITS MINUTE, CURRENT + -12360 UNITS MINUTE, CURRENT + -12240 UNITS MINUTE, 7200000, 132456, CURRENT, 132456, CURRENT);
INSERT INTO project_phase (project_phase_id, project_id, phase_type_id, phase_status_id, fixed_start_time, scheduled_start_time, scheduled_end_time, actual_start_time, actual_end_time, duration, create_user, create_date, modify_user, modify_date) VALUES (80018195, 80018017, 1, 3, CURRENT + -12240 UNITS MINUTE, CURRENT + -12240 UNITS MINUTE, CURRENT + -9360 UNITS MINUTE, CURRENT + -12240 UNITS MINUTE, CURRENT + -9360 UNITS MINUTE, 172800000, 132456, CURRENT, 132456, CURRENT);
INSERT INTO project_phase (project_phase_id, project_id, phase_type_id, phase_status_id, fixed_start_time, scheduled_start_time, scheduled_end_time, actual_start_time, actual_end_time, duration, create_user, create_date, modify_user, modify_date) VALUES (80018196, 80018017, 15, 3, null, CURRENT + -12240 UNITS MINUTE, CURRENT + -7920 UNITS MINUTE, CURRENT + -12240 UNITS MINUTE, CURRENT + -7920 UNITS MINUTE, 259200000, 132456, CURRENT, 132456, CURRENT);
INSERT INTO project_phase (project_phase_id, project_id, phase_type_id, phase_status_id, fixed_start_time, scheduled_start_time, scheduled_end_time, actual_start_time, actual_end_time, duration, create_user, create_date, modify_user, modify_date) VALUES (80018197, 80018017, 16, 3, null, CURRENT + -7920 UNITS MINUTE, CURRENT + -3600 UNITS MINUTE, CURRENT + -7920 UNITS MINUTE, CURRENT + -3600 UNITS MINUTE, 259200000, 132456, CURRENT, 132456, CURRENT);
INSERT INTO project_phase (project_phase_id, project_id, phase_type_id, phase_status_id, fixed_start_time, scheduled_start_time, scheduled_end_time, actual_start_time, actual_end_time, duration, create_user, create_date, modify_user, modify_date) VALUES (80018198, 80018017, 17, 3, null, CURRENT + -3600 UNITS MINUTE, CURRENT + -2160 UNITS MINUTE, CURRENT + -3600 UNITS MINUTE, CURRENT + -2160 UNITS MINUTE, 86400000, 132456, CURRENT, 132456, CURRENT);
INSERT INTO project_phase (project_phase_id, project_id, phase_type_id, phase_status_id, fixed_start_time, scheduled_start_time, scheduled_end_time, actual_start_time, actual_end_time, duration, create_user, create_date, modify_user, modify_date) VALUES (80018199, 80018017, 2, 3, null, CURRENT + -12240 UNITS MINUTE, CURRENT + -5040 UNITS MINUTE, CURRENT + -12240 UNITS MINUTE, CURRENT + -5040 UNITS MINUTE, 432000000, 132456, CURRENT, 132456, CURRENT);
INSERT INTO project_phase (project_phase_id, project_id, phase_type_id, phase_status_id, fixed_start_time, scheduled_start_time, scheduled_end_time, actual_start_time, actual_end_time, duration, create_user, create_date, modify_user, modify_date) VALUES (80018200, 80018017, 3, 3, null, CURRENT + -5040 UNITS MINUTE, CURRENT + -4320 UNITS MINUTE, CURRENT + -5040 UNITS MINUTE, CURRENT + -4320 UNITS MINUTE, 43200000, 132456, CURRENT, 132456, CURRENT);
INSERT INTO project_phase (project_phase_id, project_id, phase_type_id, phase_status_id, fixed_start_time, scheduled_start_time, scheduled_end_time, actual_start_time, actual_end_time, duration, create_user, create_date, modify_user, modify_date) VALUES (80018201, 80018017, 4, 2, null, CURRENT + -4320 UNITS MINUTE, CURRENT + -1440 UNITS MINUTE, CURRENT + -4320 UNITS MINUTE, null, 172800000, 132456, CURRENT, 132456, CURRENT);
INSERT INTO project_phase (project_phase_id, project_id, phase_type_id, phase_status_id, fixed_start_time, scheduled_start_time, scheduled_end_time, actual_start_time, actual_end_time, duration, create_user, create_date, modify_user, modify_date) VALUES (80018202, 80018017, 5, 1, null, CURRENT + -1440 UNITS MINUTE, CURRENT + 0 UNITS MINUTE, null, null, 86400000, 132456, CURRENT, 132456, CURRENT);
INSERT INTO project_phase (project_phase_id, project_id, phase_type_id, phase_status_id, fixed_start_time, scheduled_start_time, scheduled_end_time, actual_start_time, actual_end_time, duration, create_user, create_date, modify_user, modify_date) VALUES (80018203, 80018017, 6, 1, null, CURRENT + 0 UNITS MINUTE, CURRENT + 720 UNITS MINUTE, null, null, 43200000, 132456, CURRENT, 132456, CURRENT);
INSERT INTO project_phase (project_phase_id, project_id, phase_type_id, phase_status_id, fixed_start_time, scheduled_start_time, scheduled_end_time, actual_start_time, actual_end_time, duration, create_user, create_date, modify_user, modify_date) VALUES (80018204, 80018017, 7, 1, null, CURRENT + 720 UNITS MINUTE, CURRENT + 1440 UNITS MINUTE, null, null, 43200000, 132456, CURRENT, 132456, CURRENT);
INSERT INTO project_phase (project_phase_id, project_id, phase_type_id, phase_status_id, fixed_start_time, scheduled_start_time, scheduled_end_time, actual_start_time, actual_end_time, duration, create_user, create_date, modify_user, modify_date) VALUES (80018205, 80018017, 9, 1, null, CURRENT + 1440 UNITS MINUTE, CURRENT + 2880 UNITS MINUTE, null, null, 86400000, 132456, CURRENT, 132456, CURRENT);
INSERT INTO project_phase (project_phase_id, project_id, phase_type_id, phase_status_id, fixed_start_time, scheduled_start_time, scheduled_end_time, actual_start_time, actual_end_time, duration, create_user, create_date, modify_user, modify_date) VALUES (80018206, 80018017, 10, 1, null, CURRENT + 2880 UNITS MINUTE, CURRENT + 3600 UNITS MINUTE, null, null, 43200000, 132456, CURRENT, 132456, CURRENT);
INSERT INTO project_phase (project_phase_id, project_id, phase_type_id, phase_status_id, fixed_start_time, scheduled_start_time, scheduled_end_time, actual_start_time, actual_end_time, duration, create_user, create_date, modify_user, modify_date) VALUES (80018207, 80018017, 11, 1, null, CURRENT + 3600 UNITS MINUTE, CURRENT + 10800 UNITS MINUTE, null, null, 432000000, 132456, CURRENT, 132456, CURRENT);
INSERT INTO phase_dependency (dependency_phase_id, dependent_phase_id, dependency_start, dependent_start, lag_time, create_user, create_date, modify_user, modify_date) VALUES (80018193, 80018194, 0, 1, 0, 132456, CURRENT, 132456, CURRENT);
INSERT INTO phase_dependency (dependency_phase_id, dependent_phase_id, dependency_start, dependent_start, lag_time, create_user, create_date, modify_user, modify_date) VALUES (80018194, 80018195, 0, 1, 0, 132456, CURRENT, 132456, CURRENT);
INSERT INTO phase_dependency (dependency_phase_id, dependent_phase_id, dependency_start, dependent_start, lag_time, create_user, create_date, modify_user, modify_date) VALUES (80018195, 80018196, 1, 1, 0, 132456, CURRENT, 132456, CURRENT);
INSERT INTO phase_dependency (dependency_phase_id, dependent_phase_id, dependency_start, dependent_start, lag_time, create_user, create_date, modify_user, modify_date) VALUES (80018196, 80018197, 0, 1, 0, 132456, CURRENT, 132456, CURRENT);
INSERT INTO phase_dependency (dependency_phase_id, dependent_phase_id, dependency_start, dependent_start, lag_time, create_user, create_date, modify_user, modify_date) VALUES (80018197, 80018198, 0, 1, 0, 132456, CURRENT, 132456, CURRENT);
INSERT INTO phase_dependency (dependency_phase_id, dependent_phase_id, dependency_start, dependent_start, lag_time, create_user, create_date, modify_user, modify_date) VALUES (80018195, 80018199, 1, 1, 0, 132456, CURRENT, 132456, CURRENT);
INSERT INTO phase_dependency (dependency_phase_id, dependent_phase_id, dependency_start, dependent_start, lag_time, create_user, create_date, modify_user, modify_date) VALUES (80018199, 80018200, 0, 1, 0, 132456, CURRENT, 132456, CURRENT);
INSERT INTO phase_dependency (dependency_phase_id, dependent_phase_id, dependency_start, dependent_start, lag_time, create_user, create_date, modify_user, modify_date) VALUES (80018200, 80018201, 0, 1, 0, 132456, CURRENT, 132456, CURRENT);
INSERT INTO phase_dependency (dependency_phase_id, dependent_phase_id, dependency_start, dependent_start, lag_time, create_user, create_date, modify_user, modify_date) VALUES (80018201, 80018202, 0, 1, 0, 132456, CURRENT, 132456, CURRENT);
INSERT INTO phase_dependency (dependency_phase_id, dependent_phase_id, dependency_start, dependent_start, lag_time, create_user, create_date, modify_user, modify_date) VALUES (80018202, 80018203, 0, 1, 0, 132456, CURRENT, 132456, CURRENT);
INSERT INTO phase_dependency (dependency_phase_id, dependent_phase_id, dependency_start, dependent_start, lag_time, create_user, create_date, modify_user, modify_date) VALUES (80018203, 80018204, 0, 1, 0, 132456, CURRENT, 132456, CURRENT);
INSERT INTO phase_dependency (dependency_phase_id, dependent_phase_id, dependency_start, dependent_start, lag_time, create_user, create_date, modify_user, modify_date) VALUES (80018204, 80018205, 0, 1, 0, 132456, CURRENT, 132456, CURRENT);
INSERT INTO phase_dependency (dependency_phase_id, dependent_phase_id, dependency_start, dependent_start, lag_time, create_user, create_date, modify_user, modify_date) VALUES (80018205, 80018206, 0, 1, 0, 132456, CURRENT, 132456, CURRENT);
INSERT INTO phase_dependency (dependency_phase_id, dependent_phase_id, dependency_start, dependent_start, lag_time, create_user, create_date, modify_user, modify_date) VALUES (80018206, 80018207, 0, 1, 0, 132456, CURRENT, 132456, CURRENT);
INSERT INTO phase_criteria (project_phase_id, phase_criteria_type_id, parameter, create_user, create_date, modify_user, modify_date) VALUES (80018194, 1, '30000722', 132456, CURRENT, 132456, CURRENT);
INSERT INTO phase_criteria (project_phase_id, phase_criteria_type_id, parameter, create_user, create_date, modify_user, modify_date) VALUES (80018194, 6, '1', 132456, CURRENT, 132456, CURRENT);
INSERT INTO phase_criteria (project_phase_id, phase_criteria_type_id, parameter, create_user, create_date, modify_user, modify_date) VALUES (80018195, 2, '0', 132456, CURRENT, 132456, CURRENT);
INSERT INTO phase_criteria (project_phase_id, phase_criteria_type_id, parameter, create_user, create_date, modify_user, modify_date) VALUES (80018195, 5, 'No', 132456, CURRENT, 132456, CURRENT);
INSERT INTO phase_criteria (project_phase_id, phase_criteria_type_id, parameter, create_user, create_date, modify_user, modify_date) VALUES (80018196, 3, '0', 132456, CURRENT, 132456, CURRENT);
INSERT INTO phase_criteria (project_phase_id, phase_criteria_type_id, parameter, create_user, create_date, modify_user, modify_date) VALUES (80018196, 5, 'Yes', 132456, CURRENT, 132456, CURRENT);
INSERT INTO phase_criteria (project_phase_id, phase_criteria_type_id, parameter, create_user, create_date, modify_user, modify_date) VALUES (80018197, 1, '30000416', 132456, CURRENT, 132456, CURRENT);
INSERT INTO phase_criteria (project_phase_id, phase_criteria_type_id, parameter, create_user, create_date, modify_user, modify_date) VALUES (80018197, 5, 'No', 132456, CURRENT, 132456, CURRENT);
INSERT INTO phase_criteria (project_phase_id, phase_criteria_type_id, parameter, create_user, create_date, modify_user, modify_date) VALUES (80018198, 1, '30000417', 132456, CURRENT, 132456, CURRENT);
INSERT INTO phase_criteria (project_phase_id, phase_criteria_type_id, parameter, create_user, create_date, modify_user, modify_date) VALUES (80018198, 5, 'No', 132456, CURRENT, 132456, CURRENT);
INSERT INTO phase_criteria (project_phase_id, phase_criteria_type_id, parameter, create_user, create_date, modify_user, modify_date) VALUES (80018198, 6, '3', 132456, CURRENT, 132456, CURRENT);
INSERT INTO phase_criteria (project_phase_id, phase_criteria_type_id, parameter, create_user, create_date, modify_user, modify_date) VALUES (80018199, 3, '0', 132456, CURRENT, 132456, CURRENT);
INSERT INTO phase_criteria (project_phase_id, phase_criteria_type_id, parameter, create_user, create_date, modify_user, modify_date) VALUES (80018199, 5, 'Yes', 132456, CURRENT, 132456, CURRENT);
INSERT INTO phase_criteria (project_phase_id, phase_criteria_type_id, parameter, create_user, create_date, modify_user, modify_date) VALUES (80018200, 1, '30000410', 132456, CURRENT, 132456, CURRENT);
INSERT INTO phase_criteria (project_phase_id, phase_criteria_type_id, parameter, create_user, create_date, modify_user, modify_date) VALUES (80018200, 5, 'No', 132456, CURRENT, 132456, CURRENT);
INSERT INTO phase_criteria (project_phase_id, phase_criteria_type_id, parameter, create_user, create_date, modify_user, modify_date) VALUES (80018201, 1, '30000411', 132456, CURRENT, 132456, CURRENT);
INSERT INTO phase_criteria (project_phase_id, phase_criteria_type_id, parameter, create_user, create_date, modify_user, modify_date) VALUES (80018201, 5, 'No', 132456, CURRENT, 132456, CURRENT);
INSERT INTO phase_criteria (project_phase_id, phase_criteria_type_id, parameter, create_user, create_date, modify_user, modify_date) VALUES (80018201, 6, '3', 132456, CURRENT, 132456, CURRENT);
INSERT INTO phase_criteria (project_phase_id, phase_criteria_type_id, parameter, create_user, create_date, modify_user, modify_date) VALUES (80018202, 4, 'No', 132456, CURRENT, 132456, CURRENT);
INSERT INTO phase_criteria (project_phase_id, phase_criteria_type_id, parameter, create_user, create_date, modify_user, modify_date) VALUES (80018202, 5, 'No', 132456, CURRENT, 132456, CURRENT);
INSERT INTO phase_criteria (project_phase_id, phase_criteria_type_id, parameter, create_user, create_date, modify_user, modify_date) VALUES (80018203, 5, 'No', 132456, CURRENT, 132456, CURRENT);
INSERT INTO phase_criteria (project_phase_id, phase_criteria_type_id, parameter, create_user, create_date, modify_user, modify_date) VALUES (80018204, 5, 'No', 132456, CURRENT, 132456, CURRENT);
INSERT INTO phase_criteria (project_phase_id, phase_criteria_type_id, parameter, create_user, create_date, modify_user, modify_date) VALUES (80018205, 5, 'No', 132456, CURRENT, 132456, CURRENT);
INSERT INTO phase_criteria (project_phase_id, phase_criteria_type_id, parameter, create_user, create_date, modify_user, modify_date) VALUES (80018206, 5, 'No', 132456, CURRENT, 132456, CURRENT);
INSERT INTO phase_criteria (project_phase_id, phase_criteria_type_id, parameter, create_user, create_date, modify_user, modify_date) VALUES (80018207, 1, '30000720', 132456, CURRENT, 132456, CURRENT);
INSERT INTO phase_criteria (project_phase_id, phase_criteria_type_id, parameter, create_user, create_date, modify_user, modify_date) VALUES (80018207, 6, '1', 132456, CURRENT, 132456, CURRENT);
INSERT INTO resource (resource_id, resource_role_id, project_id, project_phase_id, create_user, create_date, modify_user, modify_date, user_id) VALUES (80018199, 13, 80018017, NULL, 132456, CURRENT, 132456, CURRENT, 132456);
INSERT INTO resource (resource_id, resource_role_id, project_id, project_phase_id, create_user, create_date, modify_user, modify_date, user_id) VALUES (80018200, 13, 80018017, NULL, 132456, CURRENT, 132456, CURRENT, 22770213);
INSERT INTO resource (resource_id, resource_role_id, project_id, project_phase_id, create_user, create_date, modify_user, modify_date, user_id) VALUES (80018201, 17, 80018017, NULL, 132456, CURRENT, 132456, CURRENT, 132458);
INSERT INTO resource (resource_id, resource_role_id, project_id, project_phase_id, create_user, create_date, modify_user, modify_date, user_id) VALUES (80018202, 18, 80018017, 80018194, 132456, CURRENT, 132456, CURRENT, 132457);
INSERT INTO resource (resource_id, resource_role_id, project_id, project_phase_id, create_user, create_date, modify_user, modify_date, user_id) VALUES (80018203, 1, 80018017, NULL, 132456, CURRENT, 132456, CURRENT, 80018019);
INSERT INTO component_inquiry (component_inquiry_id, component_id, user_id, comment, agreed_to_terms, rating, phase, tc_user_id, version, create_time, project_id) VALUES (80018045, 80018017, 80018019, null, 1, 128, 130, 80018019, 0, CURRENT, 80018017);
INSERT INTO project_result (user_id, project_id, old_rating, new_rating, raw_score, final_score, payment, placed, rating_ind, valid_submission_ind, create_date, modify_date, passed_review_ind, point_adjustment, rating_order) VALUES (80018019, 80018017, 128, null, null, null, null, null, 0, 0, CURRENT, CURRENT, null, null, null);
UPDATE user_rating SET rating = 128 WHERE user_id = 80018019 AND phase_id = 130;
INSERT INTO resource (resource_id, resource_role_id, project_id, project_phase_id, create_user, create_date, modify_user, modify_date, user_id) VALUES (80018204, 1, 80018017, NULL, 132456, CURRENT, 132456, CURRENT, 80018023);
INSERT INTO component_inquiry (component_inquiry_id, component_id, user_id, comment, agreed_to_terms, rating, phase, tc_user_id, version, create_time, project_id) VALUES (80018046, 80018017, 80018023, null, 1, 0, 130, 80018023, 0, CURRENT, 80018017);
INSERT INTO project_result (user_id, project_id, old_rating, new_rating, raw_score, final_score, payment, placed, rating_ind, valid_submission_ind, create_date, modify_date, passed_review_ind, point_adjustment, rating_order) VALUES (80018023, 80018017, null, null, null, null, null, null, 0, 0, CURRENT, CURRENT, null, null, null);
UPDATE user_rating SET rating = 0 WHERE user_id = 80018023 AND phase_id = 130;
INSERT INTO resource (resource_id, resource_role_id, project_id, project_phase_id, create_user, create_date, modify_user, modify_date, user_id) VALUES (80018205, 1, 80018017, NULL, 132456, CURRENT, 132456, CURRENT, 80018006);
INSERT INTO component_inquiry (component_inquiry_id, component_id, user_id, comment, agreed_to_terms, rating, phase, tc_user_id, version, create_time, project_id) VALUES (80018047, 80018017, 80018006, null, 1, 0, 130, 80018006, 0, CURRENT, 80018017);
INSERT INTO project_result (user_id, project_id, old_rating, new_rating, raw_score, final_score, payment, placed, rating_ind, valid_submission_ind, create_date, modify_date, passed_review_ind, point_adjustment, rating_order) VALUES (80018006, 80018017, null, null, null, null, null, null, 0, 0, CURRENT, CURRENT, null, null, null);
UPDATE user_rating SET rating = 0 WHERE user_id = 80018006 AND phase_id = 130;
INSERT INTO resource (resource_id, resource_role_id, project_id, project_phase_id, create_user, create_date, modify_user, modify_date, user_id) VALUES (80018206, 1, 80018017, NULL, 132456, CURRENT, 132456, CURRENT, 80018009);
INSERT INTO component_inquiry (component_inquiry_id, component_id, user_id, comment, agreed_to_terms, rating, phase, tc_user_id, version, create_time, project_id) VALUES (80018048, 80018017, 80018009, null, 1, 1832, 130, 80018009, 0, CURRENT, 80018017);
INSERT INTO project_result (user_id, project_id, old_rating, new_rating, raw_score, final_score, payment, placed, rating_ind, valid_submission_ind, create_date, modify_date, passed_review_ind, point_adjustment, rating_order) VALUES (80018009, 80018017, 1832, null, null, null, null, null, 0, 0, CURRENT, CURRENT, null, null, null);
UPDATE user_rating SET rating = 1832 WHERE user_id = 80018009 AND phase_id = 130;
INSERT INTO resource (resource_id, resource_role_id, project_id, project_phase_id, create_user, create_date, modify_user, modify_date, user_id) VALUES (80018207, 19, 80018017, 80018197, 132456, CURRENT, 132456, CURRENT, 124852);
INSERT INTO resource (resource_id, resource_role_id, project_id, project_phase_id, create_user, create_date, modify_user, modify_date, user_id) VALUES (80018208, 20, 80018017, 80018198, 132456, CURRENT, 132456, CURRENT, 124852);
INSERT INTO resource (resource_id, resource_role_id, project_id, project_phase_id, create_user, create_date, modify_user, modify_date, user_id) VALUES (80018209, 2, 80018017, 80018200, 132456, CURRENT, 132456, CURRENT, 124835);
INSERT INTO resource (resource_id, resource_role_id, project_id, project_phase_id, create_user, create_date, modify_user, modify_date, user_id) VALUES (80018210, 4, 80018017, 80018201, 132456, CURRENT, 132456, CURRENT, 124835);
INSERT INTO resource (resource_id, resource_role_id, project_id, project_phase_id, create_user, create_date, modify_user, modify_date, user_id) VALUES (80018211, 8, 80018017, 80018204, 132456, CURRENT, 132456, CURRENT, 124835);
INSERT INTO resource (resource_id, resource_role_id, project_id, project_phase_id, create_user, create_date, modify_user, modify_date, user_id) VALUES (80018212, 9, 80018017, 80018206, 132456, CURRENT, 132456, CURRENT, 124835);
INSERT INTO resource (resource_id, resource_role_id, project_id, project_phase_id, create_user, create_date, modify_user, modify_date, user_id) VALUES (80018213, 14, 80018017, NULL, 132456, CURRENT, 132456, CURRENT, 132456);
INSERT INTO resource (resource_id, resource_role_id, project_id, project_phase_id, create_user, create_date, modify_user, modify_date, user_id) VALUES (80018214, 10, 80018017, NULL, 132456, CURRENT, 132456, CURRENT, 132458);
INSERT INTO resource_info (resource_id, resource_info_type_id, value, create_user, create_date, modify_user, modify_date) VALUES (80018199, 1, '132456', 132456, CURRENT, 132456, CURRENT);
INSERT INTO resource_info (resource_id, resource_info_type_id, value, create_user, create_date, modify_user, modify_date) VALUES (80018199, 2, 'heffan', 132456, CURRENT, 132456, CURRENT);
INSERT INTO resource_info (resource_id, resource_info_type_id, value, create_user, create_date, modify_user, modify_date) VALUES (80018199, 8, 'N/A', 132456, CURRENT, 132456, CURRENT);
INSERT INTO resource_info (resource_id, resource_info_type_id, value, create_user, create_date, modify_user, modify_date) VALUES (80018199, 6, '05.12.2016 03:16 AM', 132456, CURRENT, 132456, CURRENT);
INSERT INTO resource_info (resource_id, resource_info_type_id, value, create_user, create_date, modify_user, modify_date) VALUES (80018200, 1, '22770213', 132456, CURRENT, 132456, CURRENT);
INSERT INTO resource_info (resource_id, resource_info_type_id, value, create_user, create_date, modify_user, modify_date) VALUES (80018200, 2, 'Applications', 132456, CURRENT, 132456, CURRENT);
INSERT INTO resource_info (resource_id, resource_info_type_id, value, create_user, create_date, modify_user, modify_date) VALUES (80018200, 8, 'N/A', 132456, CURRENT, 132456, CURRENT);
INSERT INTO resource_info (resource_id, resource_info_type_id, value, create_user, create_date, modify_user, modify_date) VALUES (80018200, 6, '05.12.2016 03:17 AM', 132456, CURRENT, 132456, CURRENT);
INSERT INTO resource_info (resource_id, resource_info_type_id, value, create_user, create_date, modify_user, modify_date) VALUES (80018201, 1, '132458', 132456, CURRENT, 132456, CURRENT);
INSERT INTO resource_info (resource_id, resource_info_type_id, value, create_user, create_date, modify_user, modify_date) VALUES (80018201, 2, 'user', 132456, CURRENT, 132456, CURRENT);
INSERT INTO resource_info (resource_id, resource_info_type_id, value, create_user, create_date, modify_user, modify_date) VALUES (80018201, 8, 'N/A', 132456, CURRENT, 132456, CURRENT);
INSERT INTO resource_info (resource_id, resource_info_type_id, value, create_user, create_date, modify_user, modify_date) VALUES (80018201, 6, '05.12.2016 03:18 AM', 132456, CURRENT, 132456, CURRENT);
INSERT INTO resource_info (resource_id, resource_info_type_id, value, create_user, create_date, modify_user, modify_date) VALUES (80018202, 1, '132457', 132456, CURRENT, 132456, CURRENT);
INSERT INTO resource_info (resource_id, resource_info_type_id, value, create_user, create_date, modify_user, modify_date) VALUES (80018202, 2, 'super', 132456, CURRENT, 132456, CURRENT);
INSERT INTO resource_info (resource_id, resource_info_type_id, value, create_user, create_date, modify_user, modify_date) VALUES (80018202, 8, 'N/A', 132456, CURRENT, 132456, CURRENT);
INSERT INTO resource_info (resource_id, resource_info_type_id, value, create_user, create_date, modify_user, modify_date) VALUES (80018202, 6, '05.03.2016 01:19 PM', 132456, CURRENT, 132456, CURRENT);
INSERT INTO resource_info (resource_id, resource_info_type_id, value, create_user, create_date, modify_user, modify_date) VALUES (80018203, 1, '80018019', 132456, CURRENT, 132456, CURRENT);
INSERT INTO resource_info (resource_id, resource_info_type_id, value, create_user, create_date, modify_user, modify_date) VALUES (80018203, 2, 'marcg80018019', 132456, CURRENT, 132456, CURRENT);
INSERT INTO resource_info (resource_id, resource_info_type_id, value, create_user, create_date, modify_user, modify_date) VALUES (80018203, 3, 'test@test.com', 132456, CURRENT, 132456, CURRENT);
INSERT INTO resource_info (resource_id, resource_info_type_id, value, create_user, create_date, modify_user, modify_date) VALUES (80018203, 4, '128', 132456, CURRENT, 132456, CURRENT);
INSERT INTO resource_info (resource_id, resource_info_type_id, value, create_user, create_date, modify_user, modify_date) VALUES (80018203, 5, '86', 132456, CURRENT, 132456, CURRENT);
INSERT INTO resource_info (resource_id, resource_info_type_id, value, create_user, create_date, modify_user, modify_date) VALUES (80018203, 8, 'N/A', 132456, CURRENT, 132456, CURRENT);
INSERT INTO resource_info (resource_id, resource_info_type_id, value, create_user, create_date, modify_user, modify_date) VALUES (80018203, 6, '05.12.2016 03:20 AM', 132456, CURRENT, 132456, CURRENT);
INSERT INTO resource_info (resource_id, resource_info_type_id, value, create_user, create_date, modify_user, modify_date) VALUES (80018203, 13, 'No', 132456, CURRENT, 132456, CURRENT);
INSERT INTO resource_info (resource_id, resource_info_type_id, value, create_user, create_date, modify_user, modify_date) VALUES (80018204, 1, '80018023', 132456, CURRENT, 132456, CURRENT);
INSERT INTO resource_info (resource_id, resource_info_type_id, value, create_user, create_date, modify_user, modify_date) VALUES (80018204, 2, 'mess80018023', 132456, CURRENT, 132456, CURRENT);
INSERT INTO resource_info (resource_id, resource_info_type_id, value, create_user, create_date, modify_user, modify_date) VALUES (80018204, 3, 'test@test.com', 132456, CURRENT, 132456, CURRENT);
INSERT INTO resource_info (resource_id, resource_info_type_id, value, create_user, create_date, modify_user, modify_date) VALUES (80018204, 8, 'N/A', 132456, CURRENT, 132456, CURRENT);
INSERT INTO resource_info (resource_id, resource_info_type_id, value, create_user, create_date, modify_user, modify_date) VALUES (80018204, 6, '05.12.2016 03:21 AM', 132456, CURRENT, 132456, CURRENT);
INSERT INTO resource_info (resource_id, resource_info_type_id, value, create_user, create_date, modify_user, modify_date) VALUES (80018204, 13, 'No', 132456, CURRENT, 132456, CURRENT);
INSERT INTO resource_info (resource_id, resource_info_type_id, value, create_user, create_date, modify_user, modify_date) VALUES (80018205, 1, '80018006', 132456, CURRENT, 132456, CURRENT);
INSERT INTO resource_info (resource_id, resource_info_type_id, value, create_user, create_date, modify_user, modify_date) VALUES (80018205, 2, 'TonyJ80018006', 132456, CURRENT, 132456, CURRENT);
INSERT INTO resource_info (resource_id, resource_info_type_id, value, create_user, create_date, modify_user, modify_date) VALUES (80018205, 3, 'test@test.com', 132456, CURRENT, 132456, CURRENT);
INSERT INTO resource_info (resource_id, resource_info_type_id, value, create_user, create_date, modify_user, modify_date) VALUES (80018205, 8, 'N/A', 132456, CURRENT, 132456, CURRENT);
INSERT INTO resource_info (resource_id, resource_info_type_id, value, create_user, create_date, modify_user, modify_date) VALUES (80018205, 6, '05.12.2016 03:22 AM', 132456, CURRENT, 132456, CURRENT);
INSERT INTO resource_info (resource_id, resource_info_type_id, value, create_user, create_date, modify_user, modify_date) VALUES (80018205, 13, 'No', 132456, CURRENT, 132456, CURRENT);
INSERT INTO resource_info (resource_id, resource_info_type_id, value, create_user, create_date, modify_user, modify_date) VALUES (80018206, 1, '80018009', 132456, CURRENT, 132456, CURRENT);
INSERT INTO resource_info (resource_id, resource_info_type_id, value, create_user, create_date, modify_user, modify_date) VALUES (80018206, 2, 'Pops80018009', 132456, CURRENT, 132456, CURRENT);
INSERT INTO resource_info (resource_id, resource_info_type_id, value, create_user, create_date, modify_user, modify_date) VALUES (80018206, 3, 'test@test.com', 132456, CURRENT, 132456, CURRENT);
INSERT INTO resource_info (resource_id, resource_info_type_id, value, create_user, create_date, modify_user, modify_date) VALUES (80018206, 4, '1832', 132456, CURRENT, 132456, CURRENT);
INSERT INTO resource_info (resource_id, resource_info_type_id, value, create_user, create_date, modify_user, modify_date) VALUES (80018206, 5, '81', 132456, CURRENT, 132456, CURRENT);
INSERT INTO resource_info (resource_id, resource_info_type_id, value, create_user, create_date, modify_user, modify_date) VALUES (80018206, 8, 'N/A', 132456, CURRENT, 132456, CURRENT);
INSERT INTO resource_info (resource_id, resource_info_type_id, value, create_user, create_date, modify_user, modify_date) VALUES (80018206, 6, '05.12.2016 03:23 AM', 132456, CURRENT, 132456, CURRENT);
INSERT INTO resource_info (resource_id, resource_info_type_id, value, create_user, create_date, modify_user, modify_date) VALUES (80018206, 13, 'No', 132456, CURRENT, 132456, CURRENT);
INSERT INTO resource_info (resource_id, resource_info_type_id, value, create_user, create_date, modify_user, modify_date) VALUES (80018207, 1, '124852', 132456, CURRENT, 132456, CURRENT);
INSERT INTO resource_info (resource_id, resource_info_type_id, value, create_user, create_date, modify_user, modify_date) VALUES (80018207, 2, 'plinehan', 132456, CURRENT, 132456, CURRENT);
INSERT INTO resource_info (resource_id, resource_info_type_id, value, create_user, create_date, modify_user, modify_date) VALUES (80018207, 8, 'N/A', 132456, CURRENT, 132456, CURRENT);
INSERT INTO resource_info (resource_id, resource_info_type_id, value, create_user, create_date, modify_user, modify_date) VALUES (80018207, 6, '05.06.2016 03:24 PM', 132456, CURRENT, 132456, CURRENT);
INSERT INTO resource_info (resource_id, resource_info_type_id, value, create_user, create_date, modify_user, modify_date) VALUES (80018208, 1, '124852', 132456, CURRENT, 132456, CURRENT);
INSERT INTO resource_info (resource_id, resource_info_type_id, value, create_user, create_date, modify_user, modify_date) VALUES (80018208, 2, 'plinehan', 132456, CURRENT, 132456, CURRENT);
INSERT INTO resource_info (resource_id, resource_info_type_id, value, create_user, create_date, modify_user, modify_date) VALUES (80018208, 8, 'N/A', 132456, CURRENT, 132456, CURRENT);
INSERT INTO resource_info (resource_id, resource_info_type_id, value, create_user, create_date, modify_user, modify_date) VALUES (80018208, 6, '05.09.2016 03:25 PM', 132456, CURRENT, 132456, CURRENT);
INSERT INTO resource_info (resource_id, resource_info_type_id, value, create_user, create_date, modify_user, modify_date) VALUES (80018209, 1, '124835', 132456, CURRENT, 132456, CURRENT);
INSERT INTO resource_info (resource_id, resource_info_type_id, value, create_user, create_date, modify_user, modify_date) VALUES (80018209, 2, 'reassembler', 132456, CURRENT, 132456, CURRENT);
INSERT INTO resource_info (resource_id, resource_info_type_id, value, create_user, create_date, modify_user, modify_date) VALUES (80018209, 8, 'N/A', 132456, CURRENT, 132456, CURRENT);
INSERT INTO resource_info (resource_id, resource_info_type_id, value, create_user, create_date, modify_user, modify_date) VALUES (80018209, 6, '05.08.2016 03:26 PM', 132456, CURRENT, 132456, CURRENT);
INSERT INTO resource_info (resource_id, resource_info_type_id, value, create_user, create_date, modify_user, modify_date) VALUES (80018210, 1, '124835', 132456, CURRENT, 132456, CURRENT);
INSERT INTO resource_info (resource_id, resource_info_type_id, value, create_user, create_date, modify_user, modify_date) VALUES (80018210, 2, 'reassembler', 132456, CURRENT, 132456, CURRENT);
INSERT INTO resource_info (resource_id, resource_info_type_id, value, create_user, create_date, modify_user, modify_date) VALUES (80018210, 8, 'N/A', 132456, CURRENT, 132456, CURRENT);
INSERT INTO resource_info (resource_id, resource_info_type_id, value, create_user, create_date, modify_user, modify_date) VALUES (80018210, 6, '05.09.2016 03:27 AM', 132456, CURRENT, 132456, CURRENT);
INSERT INTO resource_info (resource_id, resource_info_type_id, value, create_user, create_date, modify_user, modify_date) VALUES (80018211, 1, '124835', 132456, CURRENT, 132456, CURRENT);
INSERT INTO resource_info (resource_id, resource_info_type_id, value, create_user, create_date, modify_user, modify_date) VALUES (80018211, 2, 'reassembler', 132456, CURRENT, 132456, CURRENT);
INSERT INTO resource_info (resource_id, resource_info_type_id, value, create_user, create_date, modify_user, modify_date) VALUES (80018211, 8, 'N/A', 132456, CURRENT, 132456, CURRENT);
INSERT INTO resource_info (resource_id, resource_info_type_id, value, create_user, create_date, modify_user, modify_date) VALUES (80018211, 6, '05.12.2016 03:28 PM', 132456, CURRENT, 132456, CURRENT);
INSERT INTO resource_info (resource_id, resource_info_type_id, value, create_user, create_date, modify_user, modify_date) VALUES (80018212, 1, '124835', 132456, CURRENT, 132456, CURRENT);
INSERT INTO resource_info (resource_id, resource_info_type_id, value, create_user, create_date, modify_user, modify_date) VALUES (80018212, 2, 'reassembler', 132456, CURRENT, 132456, CURRENT);
INSERT INTO resource_info (resource_id, resource_info_type_id, value, create_user, create_date, modify_user, modify_date) VALUES (80018212, 8, 'N/A', 132456, CURRENT, 132456, CURRENT);
INSERT INTO resource_info (resource_id, resource_info_type_id, value, create_user, create_date, modify_user, modify_date) VALUES (80018212, 6, '05.14.2016 03:29 AM', 132456, CURRENT, 132456, CURRENT);
INSERT INTO resource_info (resource_id, resource_info_type_id, value, create_user, create_date, modify_user, modify_date) VALUES (80018213, 1, '132456', 132456, CURRENT, 132456, CURRENT);
INSERT INTO resource_info (resource_id, resource_info_type_id, value, create_user, create_date, modify_user, modify_date) VALUES (80018213, 2, 'heffan', 132456, CURRENT, 132456, CURRENT);
INSERT INTO resource_info (resource_id, resource_info_type_id, value, create_user, create_date, modify_user, modify_date) VALUES (80018213, 8, 'N/A', 132456, CURRENT, 132456, CURRENT);
INSERT INTO resource_info (resource_id, resource_info_type_id, value, create_user, create_date, modify_user, modify_date) VALUES (80018213, 6, '05.12.2016 03:30 AM', 132456, CURRENT, 132456, CURRENT);
INSERT INTO resource_info (resource_id, resource_info_type_id, value, create_user, create_date, modify_user, modify_date) VALUES (80018214, 1, '132458', 132456, CURRENT, 132456, CURRENT);
INSERT INTO resource_info (resource_id, resource_info_type_id, value, create_user, create_date, modify_user, modify_date) VALUES (80018214, 2, 'user', 132456, CURRENT, 132456, CURRENT);
INSERT INTO resource_info (resource_id, resource_info_type_id, value, create_user, create_date, modify_user, modify_date) VALUES (80018214, 8, 'N/A', 132456, CURRENT, 132456, CURRENT);
INSERT INTO resource_info (resource_id, resource_info_type_id, value, create_user, create_date, modify_user, modify_date) VALUES (80018214, 6, '05.12.2016 03:31 AM', 132456, CURRENT, 132456, CURRENT);
INSERT INTO upload (upload_id, project_id, resource_id, upload_type_id, upload_status_id, parameter, create_user, create_date, modify_user, modify_date, project_phase_id) VALUES (80018052, 80018017, 80018201, 1, 1, '80018017_80018201_80018052.zip', 132458, '2016-05-12 03:18:09', 132458, CURRENT, 80018193);
INSERT INTO upload (upload_id, project_id, resource_id, upload_type_id, upload_status_id, parameter, create_user, create_date, modify_user, modify_date, project_phase_id) VALUES (80018053, 80018017, 80018203, 1, 1, '80018017_80018203_80018053.zip', 80018019, '2016-05-12 03:20:09', 80018019, CURRENT, 80018199);
INSERT INTO upload (upload_id, project_id, resource_id, upload_type_id, upload_status_id, parameter, create_user, create_date, modify_user, modify_date, project_phase_id) VALUES (80018054, 80018017, 80018203, 1, 1, '80018017_80018203_80018054.zip', 80018019, '2016-05-12 03:20:09', 80018019, CURRENT, 80018196);
INSERT INTO upload (upload_id, project_id, resource_id, upload_type_id, upload_status_id, parameter, create_user, create_date, modify_user, modify_date, project_phase_id) VALUES (80018055, 80018017, 80018204, 1, 1, '80018017_80018204_80018055.zip', 80018023, '2016-05-12 03:21:09', 80018023, CURRENT, 80018199);
INSERT INTO upload (upload_id, project_id, resource_id, upload_type_id, upload_status_id, parameter, create_user, create_date, modify_user, modify_date, project_phase_id) VALUES (80018056, 80018017, 80018204, 1, 1, '80018017_80018204_80018056.zip', 80018023, '2016-05-12 03:21:09', 80018023, CURRENT, 80018196);
INSERT INTO upload (upload_id, project_id, resource_id, upload_type_id, upload_status_id, parameter, create_user, create_date, modify_user, modify_date, project_phase_id) VALUES (80018057, 80018017, 80018205, 1, 1, '80018017_80018205_80018057.zip', 80018006, '2016-05-12 03:22:09', 80018006, CURRENT, 80018199);
INSERT INTO upload (upload_id, project_id, resource_id, upload_type_id, upload_status_id, parameter, create_user, create_date, modify_user, modify_date, project_phase_id) VALUES (80018058, 80018017, 80018205, 1, 1, '80018017_80018205_80018058.zip', 80018006, '2016-05-12 03:22:09', 80018006, CURRENT, 80018196);
INSERT INTO upload (upload_id, project_id, resource_id, upload_type_id, upload_status_id, parameter, create_user, create_date, modify_user, modify_date, project_phase_id) VALUES (80018059, 80018017, 80018206, 1, 1, '80018017_80018206_80018059.zip', 80018009, '2016-05-12 03:23:09', 80018009, CURRENT, 80018199);
INSERT INTO upload (upload_id, project_id, resource_id, upload_type_id, upload_status_id, parameter, create_user, create_date, modify_user, modify_date, project_phase_id) VALUES (80018060, 80018017, 80018206, 1, 1, '80018017_80018206_80018060.zip', 80018009, '2016-05-12 03:23:09', 80018009, CURRENT, 80018196);
INSERT INTO upload (upload_id, project_id, resource_id, upload_type_id, upload_status_id, parameter, create_user, create_date, modify_user, modify_date, project_phase_id) VALUES (80018061, 80018017, 80018210, 4, 1, '80018017_80018210_80018061_screenshots.zip', 124835, '2016-05-12 03:15:09', 124835, CURRENT, 80018201);
INSERT INTO submission (submission_id, upload_id, submission_status_id, screening_score, initial_score, final_score, placement, submission_type_id, create_user, create_date, modify_user, modify_date, prize_id) VALUES (80018042, 80018052, 1, null, null, null, null, 2, 132458, '2016-05-12 11:29:06', 132458, '2016-05-12 11:29:06', null);
INSERT INTO resource_submission (resource_id, submission_id, create_user, create_date, modify_user, modify_date) VALUES (80018201, 80018042, 132458, CURRENT, 132458, CURRENT);
INSERT INTO submission (submission_id, upload_id, submission_status_id, screening_score, initial_score, final_score, placement, submission_type_id, create_user, create_date, modify_user, modify_date, prize_id) VALUES (80018043, 80018053, 1, 100.0, null, null, null, 1, 80018019, '2016-05-12 11:14:01', 80018019, '2016-05-12 11:14:01', null);
INSERT INTO resource_submission (resource_id, submission_id, create_user, create_date, modify_user, modify_date) VALUES (80018203, 80018043, 80018019, CURRENT, 80018019, CURRENT);
INSERT INTO submission (submission_id, upload_id, submission_status_id, screening_score, initial_score, final_score, placement, submission_type_id, create_user, create_date, modify_user, modify_date, prize_id) VALUES (80018044, 80018054, 1, 100.0, null, 75.0, 2, 3, 80018019, '2016-05-12 11:36:52', 80018019, '2016-05-12 11:36:52', null);
INSERT INTO resource_submission (resource_id, submission_id, create_user, create_date, modify_user, modify_date) VALUES (80018203, 80018044, 80018019, CURRENT, 80018019, CURRENT);
INSERT INTO submission (submission_id, upload_id, submission_status_id, screening_score, initial_score, final_score, placement, submission_type_id, create_user, create_date, modify_user, modify_date, prize_id) VALUES (80018045, 80018055, 1, 100.0, null, null, null, 1, 80018023, '2016-05-12 13:06:11', 80018023, '2016-05-12 13:06:11', null);
INSERT INTO resource_submission (resource_id, submission_id, create_user, create_date, modify_user, modify_date) VALUES (80018204, 80018045, 80018023, CURRENT, 80018023, CURRENT);
INSERT INTO submission (submission_id, upload_id, submission_status_id, screening_score, initial_score, final_score, placement, submission_type_id, create_user, create_date, modify_user, modify_date, prize_id) VALUES (80018046, 80018056, 6, 75.0, null, 75.0, 3, 3, 80018023, '2016-05-12 13:00:36', 80018023, '2016-05-12 13:00:36', null);
INSERT INTO resource_submission (resource_id, submission_id, create_user, create_date, modify_user, modify_date) VALUES (80018204, 80018046, 80018023, CURRENT, 80018023, CURRENT);
INSERT INTO submission (submission_id, upload_id, submission_status_id, screening_score, initial_score, final_score, placement, submission_type_id, create_user, create_date, modify_user, modify_date, prize_id) VALUES (80018047, 80018057, 1, 75.0, null, null, null, 1, 80018006, '2016-05-12 12:08:12', 80018006, '2016-05-12 12:08:12', null);
INSERT INTO resource_submission (resource_id, submission_id, create_user, create_date, modify_user, modify_date) VALUES (80018205, 80018047, 80018006, CURRENT, 80018006, CURRENT);
INSERT INTO submission (submission_id, upload_id, submission_status_id, screening_score, initial_score, final_score, placement, submission_type_id, create_user, create_date, modify_user, modify_date, prize_id) VALUES (80018048, 80018058, 6, 75.0, null, 100.0, 1, 3, 80018006, '2016-05-12 10:32:20', 80018006, '2016-05-12 10:32:20', 80018040);
INSERT INTO resource_submission (resource_id, submission_id, create_user, create_date, modify_user, modify_date) VALUES (80018205, 80018048, 80018006, CURRENT, 80018006, CURRENT);
INSERT INTO submission (submission_id, upload_id, submission_status_id, screening_score, initial_score, final_score, placement, submission_type_id, create_user, create_date, modify_user, modify_date, prize_id) VALUES (80018049, 80018059, 1, 75.0, null, null, null, 1, 80018009, '2016-05-12 12:48:18', 80018009, '2016-05-12 12:48:18', null);
INSERT INTO resource_submission (resource_id, submission_id, create_user, create_date, modify_user, modify_date) VALUES (80018206, 80018049, 80018009, CURRENT, 80018009, CURRENT);
INSERT INTO submission (submission_id, upload_id, submission_status_id, screening_score, initial_score, final_score, placement, submission_type_id, create_user, create_date, modify_user, modify_date, prize_id) VALUES (80018050, 80018060, 6, 75.0, null, 75.0, 4, 3, 80018009, '2016-05-12 13:13:16', 80018009, '2016-05-12 13:13:16', null);
INSERT INTO resource_submission (resource_id, submission_id, create_user, create_date, modify_user, modify_date) VALUES (80018206, 80018050, 80018009, CURRENT, 80018009, CURRENT);
INSERT INTO review (review_id, resource_id, submission_id, scorecard_id, committed, initial_score, score, create_user, create_date, modify_user, modify_date, project_phase_id) VALUES (80018072, 80018202, 80018042, 30000722, 1, 100.0, 100.0, 132457, CURRENT, 132457, CURRENT, 80018194);
INSERT INTO review_comment (review_comment_id, resource_id, review_id, comment_type_id, content, extra_info, sort, create_user, create_date, modify_user, modify_date) VALUES (80018020, 80018202, 80018072, 14, '', 'Approved', 0, 132457, CURRENT, 132457, CURRENT);
INSERT INTO review_item (review_item_id, review_id, scorecard_question_id, upload_id, answer, sort, create_user, create_date, modify_user, modify_date) VALUES (80018072, 80018072, 30001008, null, '4/4', 0, 132457, CURRENT, 132457, CURRENT);
INSERT INTO review_item_comment (review_item_comment_id, resource_id, review_item_id, comment_type_id, content, extra_info, sort, create_user, create_date, modify_user, modify_date) VALUES (80018111, 80018202, 80018072, 1, 'OK', NULL, 0, 132457, CURRENT, 132457, CURRENT);
INSERT INTO review (review_id, resource_id, submission_id, scorecard_id, committed, initial_score, score, create_user, create_date, modify_user, modify_date, project_phase_id) VALUES (80018073, 80018207, 80018044, 30000416, 1, 100.0, 100.0, 124852, CURRENT, 124852, CURRENT, 80018197);
INSERT INTO review_item (review_item_id, review_id, scorecard_question_id, upload_id, answer, sort, create_user, create_date, modify_user, modify_date) VALUES (80018073, 80018073, 30003112, null, '4/4', 0, 124852, CURRENT, 124852, CURRENT);
INSERT INTO review_item_comment (review_item_comment_id, resource_id, review_item_id, comment_type_id, content, extra_info, sort, create_user, create_date, modify_user, modify_date) VALUES (80018112, 80018207, 80018073, 1, '/direct/scorecard web module is not workable. When trying to access it the server responds with error like:  There is no Action mapped for namespace [/] and action name [scorecard] associated with context path [/direct]. - [unknown location]', NULL, 0, 124852, CURRENT, 124852, CURRENT);
INSERT INTO review (review_id, resource_id, submission_id, scorecard_id, committed, initial_score, score, create_user, create_date, modify_user, modify_date, project_phase_id) VALUES (80018074, 80018207, 80018046, 30000416, 1, 75.0, 75.0, 124852, CURRENT, 124852, CURRENT, 80018197);
INSERT INTO review_item (review_item_id, review_id, scorecard_question_id, upload_id, answer, sort, create_user, create_date, modify_user, modify_date) VALUES (80018074, 80018074, 30003112, null, '3/4', 0, 124852, CURRENT, 124852, CURRENT);
INSERT INTO review_item_comment (review_item_comment_id, resource_id, review_item_id, comment_type_id, content, extra_info, sort, create_user, create_date, modify_user, modify_date) VALUES (80018113, 80018207, 80018074, 1, 'analytics web module is not workable. When trying to access it the server responds with HTTP 404 error.', NULL, 0, 124852, CURRENT, 124852, CURRENT);
INSERT INTO review (review_id, resource_id, submission_id, scorecard_id, committed, initial_score, score, create_user, create_date, modify_user, modify_date, project_phase_id) VALUES (80018075, 80018207, 80018048, 30000416, 1, 75.0, 75.0, 124852, CURRENT, 124852, CURRENT, 80018197);
INSERT INTO review_item (review_item_id, review_id, scorecard_question_id, upload_id, answer, sort, create_user, create_date, modify_user, modify_date) VALUES (80018075, 80018075, 30003112, null, '3/4', 0, 124852, CURRENT, 124852, CURRENT);
INSERT INTO review_item_comment (review_item_comment_id, resource_id, review_item_id, comment_type_id, content, extra_info, sort, create_user, create_date, modify_user, modify_date) VALUES (80018114, 80018207, 80018075, 1, 'the string should be more like *check "I want to Compete on TopCoder" option* ', NULL, 0, 124852, CURRENT, 124852, CURRENT);
INSERT INTO review (review_id, resource_id, submission_id, scorecard_id, committed, initial_score, score, create_user, create_date, modify_user, modify_date, project_phase_id) VALUES (80018076, 80018207, 80018050, 30000416, 1, 75.0, 75.0, 124852, CURRENT, 124852, CURRENT, 80018197);
INSERT INTO review_item (review_item_id, review_id, scorecard_question_id, upload_id, answer, sort, create_user, create_date, modify_user, modify_date) VALUES (80018076, 80018076, 30003112, null, '3/4', 0, 124852, CURRENT, 124852, CURRENT);
INSERT INTO review_item_comment (review_item_comment_id, resource_id, review_item_id, comment_type_id, content, extra_info, sort, create_user, create_date, modify_user, modify_date) VALUES (80018115, 80018207, 80018076, 1, 'Using the registration steps, I can not get any activation emails, I used outlook.com and qq.com.  I manually update it through database. ', NULL, 0, 124852, CURRENT, 124852, CURRENT);
INSERT INTO review (review_id, resource_id, submission_id, scorecard_id, committed, initial_score, score, create_user, create_date, modify_user, modify_date, project_phase_id) VALUES (80018077, 80018208, 80018044, 30000417, 1, 75.0, 75.0, 124852, CURRENT, 124852, CURRENT, 80018198);
INSERT INTO review_item (review_item_id, review_id, scorecard_question_id, upload_id, answer, sort, create_user, create_date, modify_user, modify_date) VALUES (80018077, 80018077, 30003113, null, '3/4', 0, 124852, CURRENT, 124852, CURRENT);
INSERT INTO review_item_comment (review_item_comment_id, resource_id, review_item_id, comment_type_id, content, extra_info, sort, create_user, create_date, modify_user, modify_date) VALUES (80018116, 80018208, 80018077, 1, 'Some requirments are not addressed. ', NULL, 0, 124852, CURRENT, 124852, CURRENT);
INSERT INTO review (review_id, resource_id, submission_id, scorecard_id, committed, initial_score, score, create_user, create_date, modify_user, modify_date, project_phase_id) VALUES (80018078, 80018208, 80018046, 30000417, 1, 75.0, 75.0, 124852, CURRENT, 124852, CURRENT, 80018198);
INSERT INTO review_item (review_item_id, review_id, scorecard_question_id, upload_id, answer, sort, create_user, create_date, modify_user, modify_date) VALUES (80018078, 80018078, 30003113, null, '3/4', 0, 124852, CURRENT, 124852, CURRENT);
INSERT INTO review_item_comment (review_item_comment_id, resource_id, review_item_id, comment_type_id, content, extra_info, sort, create_user, create_date, modify_user, modify_date) VALUES (80018117, 80018208, 80018078, 1, 'web_trunk\src\main\com\topcoder\web\tc\Constants.java, seems has some encoding problem.  ------------------------- The number of seconds the ?Resend Token? button should be disabled after a click. ------------------------ *It supports a variable ?{token}? which is supposed to be replaced by the real token. --------------------------- *It supports variables - ?{userId}?, ?{key}? and ?{expiredAt}? ? that are used to construct the verification link. ------------------------- ', NULL, 0, 124852, CURRENT, 124852, CURRENT);
INSERT INTO review (review_id, resource_id, submission_id, scorecard_id, committed, initial_score, score, create_user, create_date, modify_user, modify_date, project_phase_id) VALUES (80018079, 80018208, 80018048, 30000417, 1, 100.0, 100.0, 124852, CURRENT, 124852, CURRENT, 80018198);
INSERT INTO review_item (review_item_id, review_id, scorecard_question_id, upload_id, answer, sort, create_user, create_date, modify_user, modify_date) VALUES (80018079, 80018079, 30003113, null, '4/4', 0, 124852, CURRENT, 124852, CURRENT);
INSERT INTO review_item_comment (review_item_comment_id, resource_id, review_item_id, comment_type_id, content, extra_info, sort, create_user, create_date, modify_user, modify_date) VALUES (80018118, 80018208, 80018079, 1, 'Direct web module: server responds with error when trying to visit https://localhost/direct/allProjects.action', NULL, 0, 124852, CURRENT, 124852, CURRENT);
INSERT INTO review (review_id, resource_id, submission_id, scorecard_id, committed, initial_score, score, create_user, create_date, modify_user, modify_date, project_phase_id) VALUES (80018080, 80018208, 80018050, 30000417, 1, 75.0, 75.0, 124852, CURRENT, 124852, CURRENT, 80018198);
INSERT INTO review_item (review_item_id, review_id, scorecard_question_id, upload_id, answer, sort, create_user, create_date, modify_user, modify_date) VALUES (80018080, 80018080, 30003113, null, '3/4', 0, 124852, CURRENT, 124852, CURRENT);
INSERT INTO review_item_comment (review_item_comment_id, resource_id, review_item_id, comment_type_id, content, extra_info, sort, create_user, create_date, modify_user, modify_date) VALUES (80018119, 80018208, 80018080, 1, '/direct/scorecard web module is not workable. When trying to access it the server responds with error like:  There is no Action mapped for namespace [/] and action name [scorecard] associated with context path [/direct]. - [unknown location]', NULL, 0, 124852, CURRENT, 124852, CURRENT);
INSERT INTO review (review_id, resource_id, submission_id, scorecard_id, committed, initial_score, score, create_user, create_date, modify_user, modify_date, project_phase_id) VALUES (80018081, 80018209, 80018043, 30000410, 1, 100.0, 100.0, 124835, CURRENT, 124835, CURRENT, 80018200);
INSERT INTO review_item (review_item_id, review_id, scorecard_question_id, upload_id, answer, sort, create_user, create_date, modify_user, modify_date) VALUES (80018081, 80018081, 30001000, null, '4/4', 0, 124835, CURRENT, 124835, CURRENT);
INSERT INTO review_item_comment (review_item_comment_id, resource_id, review_item_id, comment_type_id, content, extra_info, sort, create_user, create_date, modify_user, modify_date) VALUES (80018120, 80018209, 80018081, 1, 'the string should be more like *check "I want to Compete on TopCoder" option* ', NULL, 0, 124835, CURRENT, 124835, CURRENT);
INSERT INTO review (review_id, resource_id, submission_id, scorecard_id, committed, initial_score, score, create_user, create_date, modify_user, modify_date, project_phase_id) VALUES (80018082, 80018209, 80018045, 30000410, 1, 100.0, 100.0, 124835, CURRENT, 124835, CURRENT, 80018200);
INSERT INTO review_item (review_item_id, review_id, scorecard_question_id, upload_id, answer, sort, create_user, create_date, modify_user, modify_date) VALUES (80018082, 80018082, 30001000, null, '4/4', 0, 124835, CURRENT, 124835, CURRENT);
INSERT INTO review_item_comment (review_item_comment_id, resource_id, review_item_id, comment_type_id, content, extra_info, sort, create_user, create_date, modify_user, modify_date) VALUES (80018121, 80018209, 80018082, 1, 'Direct web module: server responds with error when trying to visit https://localhost/direct/allProjects.action', NULL, 0, 124835, CURRENT, 124835, CURRENT);
INSERT INTO review (review_id, resource_id, submission_id, scorecard_id, committed, initial_score, score, create_user, create_date, modify_user, modify_date, project_phase_id) VALUES (80018083, 80018209, 80018047, 30000410, 1, 75.0, 75.0, 124835, CURRENT, 124835, CURRENT, 80018200);
INSERT INTO review_item (review_item_id, review_id, scorecard_question_id, upload_id, answer, sort, create_user, create_date, modify_user, modify_date) VALUES (80018083, 80018083, 30001000, null, '3/4', 0, 124835, CURRENT, 124835, CURRENT);
INSERT INTO review_item_comment (review_item_comment_id, resource_id, review_item_id, comment_type_id, content, extra_info, sort, create_user, create_date, modify_user, modify_date) VALUES (80018122, 80018209, 80018083, 1, 'Verification section provides the instructions just for testing the Direct web module while there are other web modules deployed and to be tested as well like /mobile, /present', NULL, 0, 124835, CURRENT, 124835, CURRENT);
INSERT INTO review (review_id, resource_id, submission_id, scorecard_id, committed, initial_score, score, create_user, create_date, modify_user, modify_date, project_phase_id) VALUES (80018084, 80018209, 80018049, 30000410, 1, 75.0, 75.0, 124835, CURRENT, 124835, CURRENT, 80018200);
INSERT INTO review_item (review_item_id, review_id, scorecard_question_id, upload_id, answer, sort, create_user, create_date, modify_user, modify_date) VALUES (80018084, 80018084, 30001000, null, '3/4', 0, 124835, CURRENT, 124835, CURRENT);
INSERT INTO review_item_comment (review_item_comment_id, resource_id, review_item_id, comment_type_id, content, extra_info, sort, create_user, create_date, modify_user, modify_date) VALUES (80018123, 80018209, 80018084, 1, 'visit http://tc.cloud.topcoder.com/tc?module=ProjectDetail&pj=7700001 anonymously, click the Registration button, then enter with user without checking the compete options, it return back to contest detail page, but no popup shows information to check options in profile. ', NULL, 0, 124835, CURRENT, 124835, CURRENT);
INSERT INTO review (review_id, resource_id, submission_id, scorecard_id, committed, initial_score, score, create_user, create_date, modify_user, modify_date, project_phase_id) VALUES (80018085, 80018210, 80018043, 30000411, 0, null, null, 124835, CURRENT, 124835, CURRENT, 80018201);
INSERT INTO review_item (review_item_id, review_id, scorecard_question_id, upload_id, answer, sort, create_user, create_date, modify_user, modify_date) VALUES (80018085, 80018085, 30001001, 80018061, '4/4', 0, 124835, CURRENT, 124835, CURRENT);
INSERT INTO review_item_comment (review_item_comment_id, resource_id, review_item_id, comment_type_id, content, extra_info, sort, create_user, create_date, modify_user, modify_date) VALUES (80018124, 80018210, 80018085, 1, 'Direct web module: server responds with error when trying to visit https://localhost/direct/allProjects.action', NULL, 0, 124835, CURRENT, 124835, CURRENT);
INSERT INTO review_item_comment (review_item_comment_id, resource_id, review_item_id, comment_type_id, content, extra_info, sort, create_user, create_date, modify_user, modify_date) VALUES (80018125, 80018210, 80018085, 1, 'Using the registration steps, I can not get any activation emails, I used outlook.com and qq.com.  I manually update it through database. ', NULL, 0, 124835, CURRENT, 124835, CURRENT);
INSERT INTO review_item_comment (review_item_comment_id, resource_id, review_item_id, comment_type_id, content, extra_info, sort, create_user, create_date, modify_user, modify_date) VALUES (80018126, 80018210, 80018085, 1, 'Not all web modules are deployed successfullu as requested. Also there are issues with deployed Direct application.', NULL, 0, 124835, CURRENT, 124835, CURRENT);
INSERT INTO review_item_comment (review_item_comment_id, resource_id, review_item_id, comment_type_id, content, extra_info, sort, create_user, create_date, modify_user, modify_date) VALUES (80018127, 80018210, 80018085, 1, 'web_trunk\src\main\com\topcoder\web\tc\Constants.java, seems has some encoding problem.  ------------------------- The number of seconds the ?Resend Token? button should be disabled after a click. ------------------------ *It supports a variable ?{token}? which is supposed to be replaced by the real token. --------------------------- *It supports variables - ?{userId}?, ?{key}? and ?{expiredAt}? ? that are used to construct the verification link. ------------------------- ', NULL, 0, 124835, CURRENT, 124835, CURRENT);
INSERT INTO review (review_id, resource_id, submission_id, scorecard_id, committed, initial_score, score, create_user, create_date, modify_user, modify_date, project_phase_id) VALUES (80018086, 80018210, 80018045, 30000411, 0, null, null, 124835, CURRENT, 124835, CURRENT, 80018201);
INSERT INTO review_item (review_item_id, review_id, scorecard_question_id, upload_id, answer, sort, create_user, create_date, modify_user, modify_date) VALUES (80018086, 80018086, 30001001, null, '3/4', 0, 124835, CURRENT, 124835, CURRENT);
INSERT INTO review_item_comment (review_item_comment_id, resource_id, review_item_id, comment_type_id, content, extra_info, sort, create_user, create_date, modify_user, modify_date) VALUES (80018128, 80018210, 80018086, 1, 'Direct web module: server responds with error when trying to visit https://localhost/direct/allProjects.action', NULL, 0, 124835, CURRENT, 124835, CURRENT);
INSERT INTO review_item_comment (review_item_comment_id, resource_id, review_item_id, comment_type_id, content, extra_info, sort, create_user, create_date, modify_user, modify_date) VALUES (80018129, 80018210, 80018086, 1, 'the string should be more like *check "I want to Compete on TopCoder" option* ', NULL, 0, 124835, CURRENT, 124835, CURRENT);
INSERT INTO review (review_id, resource_id, submission_id, scorecard_id, committed, initial_score, score, create_user, create_date, modify_user, modify_date, project_phase_id) VALUES (80018087, 80018210, 80018047, 30000411, 0, null, null, 124835, CURRENT, 124835, CURRENT, 80018201);
INSERT INTO review_item (review_item_id, review_id, scorecard_question_id, upload_id, answer, sort, create_user, create_date, modify_user, modify_date) VALUES (80018087, 80018087, 30001001, null, '3/4', 0, 124835, CURRENT, 124835, CURRENT);
INSERT INTO review_item_comment (review_item_comment_id, resource_id, review_item_id, comment_type_id, content, extra_info, sort, create_user, create_date, modify_user, modify_date) VALUES (80018130, 80018210, 80018087, 1, 'Using the registration steps, I can not get any activation emails, I used outlook.com and qq.com.  I manually update it through database. ', NULL, 0, 124835, CURRENT, 124835, CURRENT);
INSERT INTO review_item_comment (review_item_comment_id, resource_id, review_item_id, comment_type_id, content, extra_info, sort, create_user, create_date, modify_user, modify_date) VALUES (80018131, 80018210, 80018087, 1, 'Direct web module: server responds with error when trying to visit https://localhost/direct/allProjects.action', NULL, 0, 124835, CURRENT, 124835, CURRENT);
INSERT INTO review_item_comment (review_item_comment_id, resource_id, review_item_id, comment_type_id, content, extra_info, sort, create_user, create_date, modify_user, modify_date) VALUES (80018132, 80018210, 80018087, 1, 'Some requirments are not addressed. ', NULL, 0, 124835, CURRENT, 124835, CURRENT);
INSERT INTO review (review_id, resource_id, submission_id, scorecard_id, committed, initial_score, score, create_user, create_date, modify_user, modify_date, project_phase_id) VALUES (80018088, 80018210, 80018049, 30000411, 0, null, null, 124835, CURRENT, 124835, CURRENT, 80018201);
INSERT INTO review_item (review_item_id, review_id, scorecard_question_id, upload_id, answer, sort, create_user, create_date, modify_user, modify_date) VALUES (80018088, 80018088, 30001001, null, '3/4', 0, 124835, CURRENT, 124835, CURRENT);
INSERT INTO review_item_comment (review_item_comment_id, resource_id, review_item_id, comment_type_id, content, extra_info, sort, create_user, create_date, modify_user, modify_date) VALUES (80018133, 80018210, 80018088, 1, 'Some requirments are not addressed. ', NULL, 0, 124835, CURRENT, 124835, CURRENT);
INSERT INTO review_item_comment (review_item_comment_id, resource_id, review_item_id, comment_type_id, content, extra_info, sort, create_user, create_date, modify_user, modify_date) VALUES (80018134, 80018210, 80018088, 1, 'Using the registration steps, I can not get any activation emails, I used outlook.com and qq.com.  I manually update it through database. ', NULL, 0, 124835, CURRENT, 124835, CURRENT);
INSERT INTO review_item_comment (review_item_comment_id, resource_id, review_item_id, comment_type_id, content, extra_info, sort, create_user, create_date, modify_user, modify_date) VALUES (80018135, 80018210, 80018088, 1, 'analytics web module is not workable. When trying to access it the server responds with HTTP 404 error.', NULL, 0, 124835, CURRENT, 124835, CURRENT);
INSERT INTO notification (project_id, external_ref_id, notification_type_id, create_user, create_date, modify_user, modify_date) VALUES (80018017, 80018006, 1, 132456, CURRENT, 132456, CURRENT);
INSERT INTO notification (project_id, external_ref_id, notification_type_id, create_user, create_date, modify_user, modify_date) VALUES (80018017, 124835, 1, 132456, CURRENT, 132456, CURRENT);
INSERT INTO notification (project_id, external_ref_id, notification_type_id, create_user, create_date, modify_user, modify_date) VALUES (80018017, 80018023, 1, 132456, CURRENT, 132456, CURRENT);
INSERT INTO notification (project_id, external_ref_id, notification_type_id, create_user, create_date, modify_user, modify_date) VALUES (80018017, 124852, 1, 132456, CURRENT, 132456, CURRENT);
INSERT INTO notification (project_id, external_ref_id, notification_type_id, create_user, create_date, modify_user, modify_date) VALUES (80018017, 80018019, 1, 132456, CURRENT, 132456, CURRENT);
INSERT INTO notification (project_id, external_ref_id, notification_type_id, create_user, create_date, modify_user, modify_date) VALUES (80018017, 132458, 1, 132456, CURRENT, 132456, CURRENT);
INSERT INTO notification (project_id, external_ref_id, notification_type_id, create_user, create_date, modify_user, modify_date) VALUES (80018017, 132456, 1, 132456, CURRENT, 132456, CURRENT);
INSERT INTO notification (project_id, external_ref_id, notification_type_id, create_user, create_date, modify_user, modify_date) VALUES (80018017, 132457, 1, 132456, CURRENT, 132456, CURRENT);
INSERT INTO notification (project_id, external_ref_id, notification_type_id, create_user, create_date, modify_user, modify_date) VALUES (80018017, 80018009, 1, 132456, CURRENT, 132456, CURRENT);
INSERT INTO notification (project_id, external_ref_id, notification_type_id, create_user, create_date, modify_user, modify_date) VALUES (80018017, 22770213, 1, 132456, CURRENT, 132456, CURRENT);
INSERT INTO contest_sale (contest_sale_id, contest_id, sale_status_id, price, paypal_order_id, create_date, sale_reference_id, sale_type_id) VALUES (80018017, 80018017, 1, 9512.0, 'PO BOX 80018001', CURRENT, 'PO BOX 80018001', 2);
INSERT INTO project_payment (project_payment_id, project_payment_type_id, resource_id, submission_id, amount, pacts_payment_id, create_user,create_date, modify_user, modify_date) VALUES (80018067, 3, 80018202, null, 50.0, null, 132456, CURRENT, 132456, CURRENT);
INSERT INTO project_payment (project_payment_id, project_payment_type_id, resource_id, submission_id, amount, pacts_payment_id, create_user,create_date, modify_user, modify_date) VALUES (80018072, 2, 80018203, 80018044, 53.0, null, 132456, CURRENT, 132456, CURRENT);
INSERT INTO project_payment (project_payment_id, project_payment_type_id, resource_id, submission_id, amount, pacts_payment_id, create_user,create_date, modify_user, modify_date) VALUES (80018071, 2, 80018205, 80018048, 89.0, null, 132456, CURRENT, 132456, CURRENT);
INSERT INTO project_payment (project_payment_id, project_payment_type_id, resource_id, submission_id, amount, pacts_payment_id, create_user,create_date, modify_user, modify_date) VALUES (80018068, 3, 80018207, null, 20.0, null, 132456, CURRENT, 132456, CURRENT);
INSERT INTO project_payment (project_payment_id, project_payment_type_id, resource_id, submission_id, amount, pacts_payment_id, create_user,create_date, modify_user, modify_date) VALUES (80018069, 3, 80018208, null, 50.0, null, 132456, CURRENT, 132456, CURRENT);
INSERT INTO project_payment (project_payment_id, project_payment_type_id, resource_id, submission_id, amount, pacts_payment_id, create_user,create_date, modify_user, modify_date) VALUES (80018070, 3, 80018209, null, 50.0, null, 132456, CURRENT, 132456, CURRENT);
INSERT INTO project_payment (project_payment_id, project_payment_type_id, resource_id, submission_id, amount, pacts_payment_id, create_user,create_date, modify_user, modify_date) VALUES (80018073, 4, 80018213, null, 350.0, null, 132456, CURRENT, 132456, CURRENT);
INSERT INTO contest_milestone_xref (contest_id, project_milestone_id, create_user, create_date, modify_user, modify_date) VALUES (80018017, 800180011, 132456, CURRENT, 132456, CURRENT);
INSERT INTO review_auction (review_auction_id, project_id, review_auction_type_id) VALUES (80028017, 80018017, 3);
INSERT INTO review_auction (review_auction_id, project_id, review_auction_type_id) VALUES (80018017, 80018017, 1);
INSERT INTO comp_catalog (component_id, current_version, short_desc, component_name, description, function_desc, create_time, status_id, root_category_id, modify_date, public_ind)  VALUES (80018018, 1, 'Short description for Assembly Competition Contest 18', 'Assembly Competition Contest 18', 'Description for Assembly Competition Contest 18', 'Functional description for Assembly Competition Contest 18', CURRENT, 1, 27355736, CURRENT, 1);
INSERT INTO comp_categories (comp_categories_id, component_id, category_id)  VALUES (80018018, 80018018, 27355736);
INSERT INTO comp_versions (comp_vers_id, component_id, version, version_text, create_time, phase_id, phase_time, price, comments, modify_date, suspended_ind) VALUES (80018018, 80018018, 1, '1.0', CURRENT, 112, CURRENT, 1200.0, 'Comments for version #1', CURRENT, 0);
INSERT INTO comp_version_dates (comp_version_dates_id, comp_vers_id, phase_id, posting_date, initial_submission_date, winner_announced_date, final_submission_date, estimated_dev_date, price, total_submissions, status_id, create_time, level_id, screening_complete_date, review_complete_date, aggregation_complete_date, phase_complete_date, production_date, aggregation_complete_date_comment, phase_complete_date_comment, review_complete_date_comment, winner_announced_date_comment, initial_submission_date_comment, screening_complete_date_comment, final_submission_date_comment, production_date_comment, modify_date) VALUES (80018018, 80018018, 112, '1976-06-05', '2000-02-01', '2000-02-01', '2000-02-01', '2000-02-01', 0.00, 0, 301, CURRENT, 100, '2000-02-01', '2000-02-01', '2000-02-01', '2000-02-01', null, null, null, null, null, null, null, null, null, CURRENT);
INSERT INTO comp_technology (comp_tech_id, comp_vers_id, technology_type_id) VALUES (800180180, 80018018, 4202327);
INSERT INTO comp_technology (comp_tech_id, comp_vers_id, technology_type_id) VALUES (800180181, 80018018, 5905414);
INSERT INTO comp_technology (comp_tech_id, comp_vers_id, technology_type_id) VALUES (800180182, 80018018, 14999206);
INSERT INTO comp_technology (comp_tech_id, comp_vers_id, technology_type_id) VALUES (800180183, 80018018, 27094426);
INSERT INTO comp_technology (comp_tech_id, comp_vers_id, technology_type_id) VALUES (800180184, 80018018, 24665371);
INSERT INTO project (project_id, project_status_id, project_category_id, create_user, create_date, modify_user, modify_date, tc_direct_project_id, project_studio_spec_id) VALUES (80018018, 1, 14, 132456, CURRENT, 132456, CURRENT, 80018001, NULL);
INSERT INTO project_info (project_id, project_info_type_id, value, create_user, create_date, modify_user, modify_date) VALUES (80018018, 1, '80018018', 132456, CURRENT, 132456, CURRENT);
INSERT INTO project_info (project_id, project_info_type_id, value, create_user, create_date, modify_user, modify_date) VALUES (80018018, 2, '80018018', 132456, CURRENT, 132456, CURRENT);
INSERT INTO project_info (project_id, project_info_type_id, value, create_user, create_date, modify_user, modify_date) VALUES (80018018, 3, '80018018', 132456, CURRENT, 132456, CURRENT);
INSERT INTO project_info (project_id, project_info_type_id, value, create_user, create_date, modify_user, modify_date) VALUES (80018018, 4, '80018019', 132456, CURRENT, 132456, CURRENT);
INSERT INTO comp_jive_category_xref (comp_vers_id, jive_category_id) VALUES (80018018, 0);
INSERT INTO project_info (project_id, project_info_type_id, value, create_user, create_date, modify_user, modify_date) VALUES (80018018, 5, '27355736', 132456, CURRENT, 132456, CURRENT);
INSERT INTO project_info (project_id, project_info_type_id, value, create_user, create_date, modify_user, modify_date) VALUES (80018018, 6, 'Assembly Competition Contest 18', 132456, CURRENT, 132456, CURRENT);
INSERT INTO project_info (project_id, project_info_type_id, value, create_user, create_date, modify_user, modify_date) VALUES (80018018, 7, '1.0', 132456, CURRENT, 132456, CURRENT);
INSERT INTO project_info (project_id, project_info_type_id, value, create_user, create_date, modify_user, modify_date) VALUES (80018018, 8, '', 132456, CURRENT, 132456, CURRENT);
INSERT INTO project_info (project_id, project_info_type_id, value, create_user, create_date, modify_user, modify_date) VALUES (80018018, 11, 'On', 132456, CURRENT, 132456, CURRENT);
INSERT INTO project_info (project_id, project_info_type_id, value, create_user, create_date, modify_user, modify_date) VALUES (80018018, 9, 'On', 132456, CURRENT, 132456, CURRENT);
INSERT INTO project_info (project_id, project_info_type_id, value, create_user, create_date, modify_user, modify_date) VALUES (80018018, 10, 'On', 132456, CURRENT, 132456, CURRENT);
INSERT INTO project_info (project_id, project_info_type_id, value, create_user, create_date, modify_user, modify_date) VALUES (80018018, 12, 'Yes', 132456, CURRENT, 132456, CURRENT);
INSERT INTO project_info (project_id, project_info_type_id, value, create_user, create_date, modify_user, modify_date) VALUES (80018018, 13, 'Yes', 132456, CURRENT, 132456, CURRENT);
INSERT INTO project_info (project_id, project_info_type_id, value, create_user, create_date, modify_user, modify_date) VALUES (80018018, 14, 'Open', 132456, CURRENT, 132456, CURRENT);
INSERT INTO project_info (project_id, project_info_type_id, value, create_user, create_date, modify_user, modify_date) VALUES (80018018, 16, '1200.0', 132456, CURRENT, 132456, CURRENT);
INSERT INTO project_info (project_id, project_info_type_id, value, create_user, create_date, modify_user, modify_date) VALUES (80018018, 17, '', 132456, CURRENT, 132456, CURRENT);
INSERT INTO project_info (project_id, project_info_type_id, value, create_user, create_date, modify_user, modify_date) VALUES (80018018, 26, 'On', 132456, CURRENT, 132456, CURRENT);
INSERT INTO project_info (project_id, project_info_type_id, value, create_user, create_date, modify_user, modify_date) VALUES (80018018, 30, '540.0', 132456, CURRENT, 132456, CURRENT);
INSERT INTO project_info (project_id, project_info_type_id, value, create_user, create_date, modify_user, modify_date) VALUES (80018018, 31, '6001.0', 132456, CURRENT, 132456, CURRENT);
INSERT INTO project_info (project_id, project_info_type_id, value, create_user, create_date, modify_user, modify_date) VALUES (80018018, 33, '761.0', 132456, CURRENT, 132456, CURRENT);
INSERT INTO project_info (project_id, project_info_type_id, value, create_user, create_date, modify_user, modify_date) VALUES (80018018, 35, '30.0', 132456, CURRENT, 132456, CURRENT);
INSERT INTO project_info (project_id, project_info_type_id, value, create_user, create_date, modify_user, modify_date) VALUES (80018018, 36, '1200.0', 132456, CURRENT, 132456, CURRENT);
INSERT INTO project_info (project_id, project_info_type_id, value, create_user, create_date, modify_user, modify_date) VALUES (80018018, 37, '600.0', 132456, CURRENT, 132456, CURRENT);
INSERT INTO project_info (project_id, project_info_type_id, value, create_user, create_date, modify_user, modify_date) VALUES (80018018, 45, 'true', 132456, CURRENT, 132456, CURRENT);
INSERT INTO project_info (project_id, project_info_type_id, value, create_user, create_date, modify_user, modify_date) VALUES (80018018, 47, 'true', 132456, CURRENT, 132456, CURRENT);
INSERT INTO project_info (project_id, project_info_type_id, value, create_user, create_date, modify_user, modify_date) VALUES (80018018, 38, '380.0', 132456, CURRENT, 132456, CURRENT);
INSERT INTO project_info (project_id, project_info_type_id, value, create_user, create_date, modify_user, modify_date) VALUES (80018018, 39, '0.0', 132456, CURRENT, 132456, CURRENT);
INSERT INTO project_info (project_id, project_info_type_id, value, create_user, create_date, modify_user, modify_date) VALUES (80018018, 40, 'C', 132456, CURRENT, 132456, CURRENT);
INSERT INTO project_info (project_id, project_info_type_id, value, create_user, create_date, modify_user, modify_date) VALUES (80018018, 32, '80018001', 132456, CURRENT, 132456, CURRENT);
INSERT INTO project_info (project_id, project_info_type_id, value, create_user, create_date, modify_user, modify_date) VALUES (80018018, 41, 'true', 132456, CURRENT, 132456, CURRENT);
INSERT INTO project_info (project_id, project_info_type_id, value, create_user, create_date, modify_user, modify_date) VALUES (80018018, 43, 'true', 132456, CURRENT, 132456, CURRENT);
INSERT INTO project_info (project_id, project_info_type_id, value, create_user, create_date, modify_user, modify_date) VALUES (80018018, 44, 'false', 132456, CURRENT, 132456, CURRENT);
INSERT INTO project_info (project_id, project_info_type_id, value, create_user, create_date, modify_user, modify_date) VALUES (80018018, 46, 'true', 132456, CURRENT, 132456, CURRENT);
INSERT INTO project_info (project_id, project_info_type_id, value, create_user, create_date, modify_user, modify_date) VALUES (80018018, 48, 'true', 132456, CURRENT, 132456, CURRENT);
INSERT INTO project_info (project_id, project_info_type_id, value, create_user, create_date, modify_user, modify_date) VALUES (80018018, 49, '500', 132456, CURRENT, 132456, CURRENT);
INSERT INTO project_info (project_id, project_info_type_id, value, create_user, create_date, modify_user, modify_date) VALUES (80018018, 59, 'true', 132456, CURRENT, 132456, CURRENT);
INSERT INTO prize (prize_id, place, prize_amount, prize_type_id, number_of_submissions,                    create_user, create_date, modify_user, modify_date, project_id) VALUES (80018041, 1, 1200.0, 15, 1, 132456, CURRENT, 132456, CURRENT, 80018018);
INSERT INTO prize (prize_id, place, prize_amount, prize_type_id, number_of_submissions,                    create_user, create_date, modify_user, modify_date, project_id) VALUES (80018042, 2, 600.0, 15, 1, 132456, CURRENT, 132456, CURRENT, 80018018);
INSERT INTO project_spec (project_spec_id, project_id, version, detailed_requirements, submission_deliverables, environment_setup_instruction, final_submission_guidelines, private_description, create_user, create_date, modify_user, modify_date) VALUES (80018018, 80018018, 1, 'Detailed requirements for Assembly Competition Contest 18', '', '', 'Final submission guidelines for Assembly Competition Contest 18', '', 132456, CURRENT, 132456, CURRENT);
INSERT INTO project_phase (project_phase_id, project_id, phase_type_id, phase_status_id, fixed_start_time, scheduled_start_time, scheduled_end_time, actual_start_time, actual_end_time, duration, create_user, create_date, modify_user, modify_date) VALUES (80018208, 80018018, 13, 3, CURRENT + -9480 UNITS MINUTE, CURRENT + -9480 UNITS MINUTE, CURRENT + -6600 UNITS MINUTE, CURRENT + -9480 UNITS MINUTE, CURRENT + -6600 UNITS MINUTE, 172800000, 132456, CURRENT, 132456, CURRENT);
INSERT INTO project_phase (project_phase_id, project_id, phase_type_id, phase_status_id, fixed_start_time, scheduled_start_time, scheduled_end_time, actual_start_time, actual_end_time, duration, create_user, create_date, modify_user, modify_date) VALUES (80018209, 80018018, 14, 3, null, CURRENT + -6600 UNITS MINUTE, CURRENT + -6480 UNITS MINUTE, CURRENT + -6600 UNITS MINUTE, CURRENT + -6480 UNITS MINUTE, 7200000, 132456, CURRENT, 132456, CURRENT);
INSERT INTO project_phase (project_phase_id, project_id, phase_type_id, phase_status_id, fixed_start_time, scheduled_start_time, scheduled_end_time, actual_start_time, actual_end_time, duration, create_user, create_date, modify_user, modify_date) VALUES (80018210, 80018018, 1, 3, CURRENT + -6480 UNITS MINUTE, CURRENT + -6480 UNITS MINUTE, CURRENT + -3600 UNITS MINUTE, CURRENT + -6480 UNITS MINUTE, CURRENT + -3600 UNITS MINUTE, 172800000, 132456, CURRENT, 132456, CURRENT);
INSERT INTO project_phase (project_phase_id, project_id, phase_type_id, phase_status_id, fixed_start_time, scheduled_start_time, scheduled_end_time, actual_start_time, actual_end_time, duration, create_user, create_date, modify_user, modify_date) VALUES (80018211, 80018018, 2, 2, null, CURRENT + -6480 UNITS MINUTE, CURRENT + 720 UNITS MINUTE, CURRENT + -6480 UNITS MINUTE, null, 432000000, 132456, CURRENT, 132456, CURRENT);
INSERT INTO project_phase (project_phase_id, project_id, phase_type_id, phase_status_id, fixed_start_time, scheduled_start_time, scheduled_end_time, actual_start_time, actual_end_time, duration, create_user, create_date, modify_user, modify_date) VALUES (80018212, 80018018, 3, 1, null, CURRENT + 720 UNITS MINUTE, CURRENT + 1440 UNITS MINUTE, null, null, 43200000, 132456, CURRENT, 132456, CURRENT);
INSERT INTO project_phase (project_phase_id, project_id, phase_type_id, phase_status_id, fixed_start_time, scheduled_start_time, scheduled_end_time, actual_start_time, actual_end_time, duration, create_user, create_date, modify_user, modify_date) VALUES (80018213, 80018018, 4, 1, null, CURRENT + 1440 UNITS MINUTE, CURRENT + 4320 UNITS MINUTE, null, null, 172800000, 132456, CURRENT, 132456, CURRENT);
INSERT INTO project_phase (project_phase_id, project_id, phase_type_id, phase_status_id, fixed_start_time, scheduled_start_time, scheduled_end_time, actual_start_time, actual_end_time, duration, create_user, create_date, modify_user, modify_date) VALUES (80018214, 80018018, 5, 1, null, CURRENT + 4320 UNITS MINUTE, CURRENT + 5760 UNITS MINUTE, null, null, 86400000, 132456, CURRENT, 132456, CURRENT);
INSERT INTO project_phase (project_phase_id, project_id, phase_type_id, phase_status_id, fixed_start_time, scheduled_start_time, scheduled_end_time, actual_start_time, actual_end_time, duration, create_user, create_date, modify_user, modify_date) VALUES (80018215, 80018018, 6, 1, null, CURRENT + 5760 UNITS MINUTE, CURRENT + 6480 UNITS MINUTE, null, null, 43200000, 132456, CURRENT, 132456, CURRENT);
INSERT INTO project_phase (project_phase_id, project_id, phase_type_id, phase_status_id, fixed_start_time, scheduled_start_time, scheduled_end_time, actual_start_time, actual_end_time, duration, create_user, create_date, modify_user, modify_date) VALUES (80018216, 80018018, 7, 1, null, CURRENT + 6480 UNITS MINUTE, CURRENT + 7200 UNITS MINUTE, null, null, 43200000, 132456, CURRENT, 132456, CURRENT);
INSERT INTO project_phase (project_phase_id, project_id, phase_type_id, phase_status_id, fixed_start_time, scheduled_start_time, scheduled_end_time, actual_start_time, actual_end_time, duration, create_user, create_date, modify_user, modify_date) VALUES (80018217, 80018018, 9, 1, null, CURRENT + 7200 UNITS MINUTE, CURRENT + 8640 UNITS MINUTE, null, null, 86400000, 132456, CURRENT, 132456, CURRENT);
INSERT INTO project_phase (project_phase_id, project_id, phase_type_id, phase_status_id, fixed_start_time, scheduled_start_time, scheduled_end_time, actual_start_time, actual_end_time, duration, create_user, create_date, modify_user, modify_date) VALUES (80018218, 80018018, 10, 1, null, CURRENT + 8640 UNITS MINUTE, CURRENT + 9360 UNITS MINUTE, null, null, 43200000, 132456, CURRENT, 132456, CURRENT);
INSERT INTO project_phase (project_phase_id, project_id, phase_type_id, phase_status_id, fixed_start_time, scheduled_start_time, scheduled_end_time, actual_start_time, actual_end_time, duration, create_user, create_date, modify_user, modify_date) VALUES (80018219, 80018018, 11, 1, null, CURRENT + 9360 UNITS MINUTE, CURRENT + 16560 UNITS MINUTE, null, null, 432000000, 132456, CURRENT, 132456, CURRENT);
INSERT INTO phase_dependency (dependency_phase_id, dependent_phase_id, dependency_start, dependent_start, lag_time, create_user, create_date, modify_user, modify_date) VALUES (80018208, 80018209, 0, 1, 0, 132456, CURRENT, 132456, CURRENT);
INSERT INTO phase_dependency (dependency_phase_id, dependent_phase_id, dependency_start, dependent_start, lag_time, create_user, create_date, modify_user, modify_date) VALUES (80018209, 80018210, 0, 1, 0, 132456, CURRENT, 132456, CURRENT);
INSERT INTO phase_dependency (dependency_phase_id, dependent_phase_id, dependency_start, dependent_start, lag_time, create_user, create_date, modify_user, modify_date) VALUES (80018210, 80018211, 1, 1, 0, 132456, CURRENT, 132456, CURRENT);
INSERT INTO phase_dependency (dependency_phase_id, dependent_phase_id, dependency_start, dependent_start, lag_time, create_user, create_date, modify_user, modify_date) VALUES (80018211, 80018212, 0, 1, 0, 132456, CURRENT, 132456, CURRENT);
INSERT INTO phase_dependency (dependency_phase_id, dependent_phase_id, dependency_start, dependent_start, lag_time, create_user, create_date, modify_user, modify_date) VALUES (80018212, 80018213, 0, 1, 0, 132456, CURRENT, 132456, CURRENT);
INSERT INTO phase_dependency (dependency_phase_id, dependent_phase_id, dependency_start, dependent_start, lag_time, create_user, create_date, modify_user, modify_date) VALUES (80018213, 80018214, 0, 1, 0, 132456, CURRENT, 132456, CURRENT);
INSERT INTO phase_dependency (dependency_phase_id, dependent_phase_id, dependency_start, dependent_start, lag_time, create_user, create_date, modify_user, modify_date) VALUES (80018214, 80018215, 0, 1, 0, 132456, CURRENT, 132456, CURRENT);
INSERT INTO phase_dependency (dependency_phase_id, dependent_phase_id, dependency_start, dependent_start, lag_time, create_user, create_date, modify_user, modify_date) VALUES (80018215, 80018216, 0, 1, 0, 132456, CURRENT, 132456, CURRENT);
INSERT INTO phase_dependency (dependency_phase_id, dependent_phase_id, dependency_start, dependent_start, lag_time, create_user, create_date, modify_user, modify_date) VALUES (80018216, 80018217, 0, 1, 0, 132456, CURRENT, 132456, CURRENT);
INSERT INTO phase_dependency (dependency_phase_id, dependent_phase_id, dependency_start, dependent_start, lag_time, create_user, create_date, modify_user, modify_date) VALUES (80018217, 80018218, 0, 1, 0, 132456, CURRENT, 132456, CURRENT);
INSERT INTO phase_dependency (dependency_phase_id, dependent_phase_id, dependency_start, dependent_start, lag_time, create_user, create_date, modify_user, modify_date) VALUES (80018218, 80018219, 0, 1, 0, 132456, CURRENT, 132456, CURRENT);
INSERT INTO phase_criteria (project_phase_id, phase_criteria_type_id, parameter, create_user, create_date, modify_user, modify_date) VALUES (80018209, 1, '30000722', 132456, CURRENT, 132456, CURRENT);
INSERT INTO phase_criteria (project_phase_id, phase_criteria_type_id, parameter, create_user, create_date, modify_user, modify_date) VALUES (80018209, 6, '1', 132456, CURRENT, 132456, CURRENT);
INSERT INTO phase_criteria (project_phase_id, phase_criteria_type_id, parameter, create_user, create_date, modify_user, modify_date) VALUES (80018210, 2, '0', 132456, CURRENT, 132456, CURRENT);
INSERT INTO phase_criteria (project_phase_id, phase_criteria_type_id, parameter, create_user, create_date, modify_user, modify_date) VALUES (80018210, 5, 'No', 132456, CURRENT, 132456, CURRENT);
INSERT INTO phase_criteria (project_phase_id, phase_criteria_type_id, parameter, create_user, create_date, modify_user, modify_date) VALUES (80018211, 3, '0', 132456, CURRENT, 132456, CURRENT);
INSERT INTO phase_criteria (project_phase_id, phase_criteria_type_id, parameter, create_user, create_date, modify_user, modify_date) VALUES (80018211, 5, 'Yes', 132456, CURRENT, 132456, CURRENT);
INSERT INTO phase_criteria (project_phase_id, phase_criteria_type_id, parameter, create_user, create_date, modify_user, modify_date) VALUES (80018212, 1, '30000410', 132456, CURRENT, 132456, CURRENT);
INSERT INTO phase_criteria (project_phase_id, phase_criteria_type_id, parameter, create_user, create_date, modify_user, modify_date) VALUES (80018212, 5, 'No', 132456, CURRENT, 132456, CURRENT);
INSERT INTO phase_criteria (project_phase_id, phase_criteria_type_id, parameter, create_user, create_date, modify_user, modify_date) VALUES (80018213, 1, '30000411', 132456, CURRENT, 132456, CURRENT);
INSERT INTO phase_criteria (project_phase_id, phase_criteria_type_id, parameter, create_user, create_date, modify_user, modify_date) VALUES (80018213, 5, 'No', 132456, CURRENT, 132456, CURRENT);
INSERT INTO phase_criteria (project_phase_id, phase_criteria_type_id, parameter, create_user, create_date, modify_user, modify_date) VALUES (80018213, 6, '3', 132456, CURRENT, 132456, CURRENT);
INSERT INTO phase_criteria (project_phase_id, phase_criteria_type_id, parameter, create_user, create_date, modify_user, modify_date) VALUES (80018214, 4, 'No', 132456, CURRENT, 132456, CURRENT);
INSERT INTO phase_criteria (project_phase_id, phase_criteria_type_id, parameter, create_user, create_date, modify_user, modify_date) VALUES (80018214, 5, 'No', 132456, CURRENT, 132456, CURRENT);
INSERT INTO phase_criteria (project_phase_id, phase_criteria_type_id, parameter, create_user, create_date, modify_user, modify_date) VALUES (80018215, 5, 'No', 132456, CURRENT, 132456, CURRENT);
INSERT INTO phase_criteria (project_phase_id, phase_criteria_type_id, parameter, create_user, create_date, modify_user, modify_date) VALUES (80018216, 5, 'No', 132456, CURRENT, 132456, CURRENT);
INSERT INTO phase_criteria (project_phase_id, phase_criteria_type_id, parameter, create_user, create_date, modify_user, modify_date) VALUES (80018217, 5, 'No', 132456, CURRENT, 132456, CURRENT);
INSERT INTO phase_criteria (project_phase_id, phase_criteria_type_id, parameter, create_user, create_date, modify_user, modify_date) VALUES (80018218, 5, 'No', 132456, CURRENT, 132456, CURRENT);
INSERT INTO phase_criteria (project_phase_id, phase_criteria_type_id, parameter, create_user, create_date, modify_user, modify_date) VALUES (80018219, 1, '30000720', 132456, CURRENT, 132456, CURRENT);
INSERT INTO phase_criteria (project_phase_id, phase_criteria_type_id, parameter, create_user, create_date, modify_user, modify_date) VALUES (80018219, 6, '1', 132456, CURRENT, 132456, CURRENT);
INSERT INTO resource (resource_id, resource_role_id, project_id, project_phase_id, create_user, create_date, modify_user, modify_date, user_id) VALUES (80018215, 13, 80018018, NULL, 132456, CURRENT, 132456, CURRENT, 132456);
INSERT INTO resource (resource_id, resource_role_id, project_id, project_phase_id, create_user, create_date, modify_user, modify_date, user_id) VALUES (80018216, 13, 80018018, NULL, 132456, CURRENT, 132456, CURRENT, 22770213);
INSERT INTO resource (resource_id, resource_role_id, project_id, project_phase_id, create_user, create_date, modify_user, modify_date, user_id) VALUES (80018217, 17, 80018018, NULL, 132456, CURRENT, 132456, CURRENT, 132458);
INSERT INTO resource (resource_id, resource_role_id, project_id, project_phase_id, create_user, create_date, modify_user, modify_date, user_id) VALUES (80018218, 18, 80018018, 80018209, 132456, CURRENT, 132456, CURRENT, 132457);
INSERT INTO resource (resource_id, resource_role_id, project_id, project_phase_id, create_user, create_date, modify_user, modify_date, user_id) VALUES (80018219, 1, 80018018, NULL, 132456, CURRENT, 132456, CURRENT, 80018020);
INSERT INTO component_inquiry (component_inquiry_id, component_id, user_id, comment, agreed_to_terms, rating, phase, tc_user_id, version, create_time, project_id) VALUES (80018049, 80018018, 80018020, null, 1, 420, 125, 80018020, 0, CURRENT, 80018018);
INSERT INTO project_result (user_id, project_id, old_rating, new_rating, raw_score, final_score, payment, placed, rating_ind, valid_submission_ind, create_date, modify_date, passed_review_ind, point_adjustment, rating_order) VALUES (80018020, 80018018, 420, null, null, null, null, null, 0, 0, CURRENT, CURRENT, null, null, null);
UPDATE user_rating SET rating = 420 WHERE user_id = 80018020 AND phase_id = 125;
INSERT INTO resource (resource_id, resource_role_id, project_id, project_phase_id, create_user, create_date, modify_user, modify_date, user_id) VALUES (80018220, 1, 80018018, NULL, 132456, CURRENT, 132456, CURRENT, 80018019);
INSERT INTO component_inquiry (component_inquiry_id, component_id, user_id, comment, agreed_to_terms, rating, phase, tc_user_id, version, create_time, project_id) VALUES (80018050, 80018018, 80018019, null, 1, 118, 125, 80018019, 0, CURRENT, 80018018);
INSERT INTO project_result (user_id, project_id, old_rating, new_rating, raw_score, final_score, payment, placed, rating_ind, valid_submission_ind, create_date, modify_date, passed_review_ind, point_adjustment, rating_order) VALUES (80018019, 80018018, 118, null, null, null, null, null, 0, 0, CURRENT, CURRENT, null, null, null);
UPDATE user_rating SET rating = 118 WHERE user_id = 80018019 AND phase_id = 125;
INSERT INTO resource (resource_id, resource_role_id, project_id, project_phase_id, create_user, create_date, modify_user, modify_date, user_id) VALUES (80018221, 2, 80018018, 80018212, 132456, CURRENT, 132456, CURRENT, 124852);
INSERT INTO resource (resource_id, resource_role_id, project_id, project_phase_id, create_user, create_date, modify_user, modify_date, user_id) VALUES (80018222, 4, 80018018, 80018213, 132456, CURRENT, 132456, CURRENT, 124852);
INSERT INTO resource (resource_id, resource_role_id, project_id, project_phase_id, create_user, create_date, modify_user, modify_date, user_id) VALUES (80018223, 8, 80018018, 80018216, 132456, CURRENT, 132456, CURRENT, 124852);
INSERT INTO resource (resource_id, resource_role_id, project_id, project_phase_id, create_user, create_date, modify_user, modify_date, user_id) VALUES (80018224, 9, 80018018, 80018218, 132456, CURRENT, 132456, CURRENT, 124852);
INSERT INTO resource (resource_id, resource_role_id, project_id, project_phase_id, create_user, create_date, modify_user, modify_date, user_id) VALUES (80018225, 14, 80018018, NULL, 132456, CURRENT, 132456, CURRENT, 132456);
INSERT INTO resource (resource_id, resource_role_id, project_id, project_phase_id, create_user, create_date, modify_user, modify_date, user_id) VALUES (80018226, 10, 80018018, NULL, 132456, CURRENT, 132456, CURRENT, 132458);
INSERT INTO resource_info (resource_id, resource_info_type_id, value, create_user, create_date, modify_user, modify_date) VALUES (80018215, 1, '132456', 132456, CURRENT, 132456, CURRENT);
INSERT INTO resource_info (resource_id, resource_info_type_id, value, create_user, create_date, modify_user, modify_date) VALUES (80018215, 2, 'heffan', 132456, CURRENT, 132456, CURRENT);
INSERT INTO resource_info (resource_id, resource_info_type_id, value, create_user, create_date, modify_user, modify_date) VALUES (80018215, 8, 'N/A', 132456, CURRENT, 132456, CURRENT);
INSERT INTO resource_info (resource_id, resource_info_type_id, value, create_user, create_date, modify_user, modify_date) VALUES (80018215, 6, '05.12.2016 03:16 AM', 132456, CURRENT, 132456, CURRENT);
INSERT INTO resource_info (resource_id, resource_info_type_id, value, create_user, create_date, modify_user, modify_date) VALUES (80018216, 1, '22770213', 132456, CURRENT, 132456, CURRENT);
INSERT INTO resource_info (resource_id, resource_info_type_id, value, create_user, create_date, modify_user, modify_date) VALUES (80018216, 2, 'Applications', 132456, CURRENT, 132456, CURRENT);
INSERT INTO resource_info (resource_id, resource_info_type_id, value, create_user, create_date, modify_user, modify_date) VALUES (80018216, 8, 'N/A', 132456, CURRENT, 132456, CURRENT);
INSERT INTO resource_info (resource_id, resource_info_type_id, value, create_user, create_date, modify_user, modify_date) VALUES (80018216, 6, '05.12.2016 03:17 AM', 132456, CURRENT, 132456, CURRENT);
INSERT INTO resource_info (resource_id, resource_info_type_id, value, create_user, create_date, modify_user, modify_date) VALUES (80018217, 1, '132458', 132456, CURRENT, 132456, CURRENT);
INSERT INTO resource_info (resource_id, resource_info_type_id, value, create_user, create_date, modify_user, modify_date) VALUES (80018217, 2, 'user', 132456, CURRENT, 132456, CURRENT);
INSERT INTO resource_info (resource_id, resource_info_type_id, value, create_user, create_date, modify_user, modify_date) VALUES (80018217, 8, 'N/A', 132456, CURRENT, 132456, CURRENT);
INSERT INTO resource_info (resource_id, resource_info_type_id, value, create_user, create_date, modify_user, modify_date) VALUES (80018217, 6, '05.12.2016 03:18 AM', 132456, CURRENT, 132456, CURRENT);
INSERT INTO resource_info (resource_id, resource_info_type_id, value, create_user, create_date, modify_user, modify_date) VALUES (80018218, 1, '132457', 132456, CURRENT, 132456, CURRENT);
INSERT INTO resource_info (resource_id, resource_info_type_id, value, create_user, create_date, modify_user, modify_date) VALUES (80018218, 2, 'super', 132456, CURRENT, 132456, CURRENT);
INSERT INTO resource_info (resource_id, resource_info_type_id, value, create_user, create_date, modify_user, modify_date) VALUES (80018218, 8, 'N/A', 132456, CURRENT, 132456, CURRENT);
INSERT INTO resource_info (resource_id, resource_info_type_id, value, create_user, create_date, modify_user, modify_date) VALUES (80018218, 6, '05.07.2016 01:19 PM', 132456, CURRENT, 132456, CURRENT);
INSERT INTO resource_info (resource_id, resource_info_type_id, value, create_user, create_date, modify_user, modify_date) VALUES (80018219, 1, '80018020', 132456, CURRENT, 132456, CURRENT);
INSERT INTO resource_info (resource_id, resource_info_type_id, value, create_user, create_date, modify_user, modify_date) VALUES (80018219, 2, 'dok80018020', 132456, CURRENT, 132456, CURRENT);
INSERT INTO resource_info (resource_id, resource_info_type_id, value, create_user, create_date, modify_user, modify_date) VALUES (80018219, 3, 'test@test.com', 132456, CURRENT, 132456, CURRENT);
INSERT INTO resource_info (resource_id, resource_info_type_id, value, create_user, create_date, modify_user, modify_date) VALUES (80018219, 4, '420', 132456, CURRENT, 132456, CURRENT);
INSERT INTO resource_info (resource_id, resource_info_type_id, value, create_user, create_date, modify_user, modify_date) VALUES (80018219, 5, '40', 132456, CURRENT, 132456, CURRENT);
INSERT INTO resource_info (resource_id, resource_info_type_id, value, create_user, create_date, modify_user, modify_date) VALUES (80018219, 8, 'N/A', 132456, CURRENT, 132456, CURRENT);
INSERT INTO resource_info (resource_id, resource_info_type_id, value, create_user, create_date, modify_user, modify_date) VALUES (80018219, 6, '05.12.2016 03:20 AM', 132456, CURRENT, 132456, CURRENT);
INSERT INTO resource_info (resource_id, resource_info_type_id, value, create_user, create_date, modify_user, modify_date) VALUES (80018219, 13, 'No', 132456, CURRENT, 132456, CURRENT);
INSERT INTO resource_info (resource_id, resource_info_type_id, value, create_user, create_date, modify_user, modify_date) VALUES (80018220, 1, '80018019', 132456, CURRENT, 132456, CURRENT);
INSERT INTO resource_info (resource_id, resource_info_type_id, value, create_user, create_date, modify_user, modify_date) VALUES (80018220, 2, 'marcg80018019', 132456, CURRENT, 132456, CURRENT);
INSERT INTO resource_info (resource_id, resource_info_type_id, value, create_user, create_date, modify_user, modify_date) VALUES (80018220, 3, 'test@test.com', 132456, CURRENT, 132456, CURRENT);
INSERT INTO resource_info (resource_id, resource_info_type_id, value, create_user, create_date, modify_user, modify_date) VALUES (80018220, 4, '118', 132456, CURRENT, 132456, CURRENT);
INSERT INTO resource_info (resource_id, resource_info_type_id, value, create_user, create_date, modify_user, modify_date) VALUES (80018220, 5, '92', 132456, CURRENT, 132456, CURRENT);
INSERT INTO resource_info (resource_id, resource_info_type_id, value, create_user, create_date, modify_user, modify_date) VALUES (80018220, 8, 'N/A', 132456, CURRENT, 132456, CURRENT);
INSERT INTO resource_info (resource_id, resource_info_type_id, value, create_user, create_date, modify_user, modify_date) VALUES (80018220, 6, '05.12.2016 03:21 AM', 132456, CURRENT, 132456, CURRENT);
INSERT INTO resource_info (resource_id, resource_info_type_id, value, create_user, create_date, modify_user, modify_date) VALUES (80018220, 13, 'No', 132456, CURRENT, 132456, CURRENT);
INSERT INTO resource_info (resource_id, resource_info_type_id, value, create_user, create_date, modify_user, modify_date) VALUES (80018221, 1, '124852', 132456, CURRENT, 132456, CURRENT);
INSERT INTO resource_info (resource_id, resource_info_type_id, value, create_user, create_date, modify_user, modify_date) VALUES (80018221, 2, 'plinehan', 132456, CURRENT, 132456, CURRENT);
INSERT INTO resource_info (resource_id, resource_info_type_id, value, create_user, create_date, modify_user, modify_date) VALUES (80018221, 8, 'N/A', 132456, CURRENT, 132456, CURRENT);
INSERT INTO resource_info (resource_id, resource_info_type_id, value, create_user, create_date, modify_user, modify_date) VALUES (80018221, 6, '05.12.2016 03:22 PM', 132456, CURRENT, 132456, CURRENT);
INSERT INTO resource_info (resource_id, resource_info_type_id, value, create_user, create_date, modify_user, modify_date) VALUES (80018222, 1, '124852', 132456, CURRENT, 132456, CURRENT);
INSERT INTO resource_info (resource_id, resource_info_type_id, value, create_user, create_date, modify_user, modify_date) VALUES (80018222, 2, 'plinehan', 132456, CURRENT, 132456, CURRENT);
INSERT INTO resource_info (resource_id, resource_info_type_id, value, create_user, create_date, modify_user, modify_date) VALUES (80018222, 8, 'N/A', 132456, CURRENT, 132456, CURRENT);
INSERT INTO resource_info (resource_id, resource_info_type_id, value, create_user, create_date, modify_user, modify_date) VALUES (80018222, 6, '05.13.2016 03:23 AM', 132456, CURRENT, 132456, CURRENT);
INSERT INTO resource_info (resource_id, resource_info_type_id, value, create_user, create_date, modify_user, modify_date) VALUES (80018223, 1, '124852', 132456, CURRENT, 132456, CURRENT);
INSERT INTO resource_info (resource_id, resource_info_type_id, value, create_user, create_date, modify_user, modify_date) VALUES (80018223, 2, 'plinehan', 132456, CURRENT, 132456, CURRENT);
INSERT INTO resource_info (resource_id, resource_info_type_id, value, create_user, create_date, modify_user, modify_date) VALUES (80018223, 8, 'N/A', 132456, CURRENT, 132456, CURRENT);
INSERT INTO resource_info (resource_id, resource_info_type_id, value, create_user, create_date, modify_user, modify_date) VALUES (80018223, 6, '05.16.2016 03:24 PM', 132456, CURRENT, 132456, CURRENT);
INSERT INTO resource_info (resource_id, resource_info_type_id, value, create_user, create_date, modify_user, modify_date) VALUES (80018224, 1, '124852', 132456, CURRENT, 132456, CURRENT);
INSERT INTO resource_info (resource_id, resource_info_type_id, value, create_user, create_date, modify_user, modify_date) VALUES (80018224, 2, 'plinehan', 132456, CURRENT, 132456, CURRENT);
INSERT INTO resource_info (resource_id, resource_info_type_id, value, create_user, create_date, modify_user, modify_date) VALUES (80018224, 8, 'N/A', 132456, CURRENT, 132456, CURRENT);
INSERT INTO resource_info (resource_id, resource_info_type_id, value, create_user, create_date, modify_user, modify_date) VALUES (80018224, 6, '05.18.2016 03:25 AM', 132456, CURRENT, 132456, CURRENT);
INSERT INTO resource_info (resource_id, resource_info_type_id, value, create_user, create_date, modify_user, modify_date) VALUES (80018225, 1, '132456', 132456, CURRENT, 132456, CURRENT);
INSERT INTO resource_info (resource_id, resource_info_type_id, value, create_user, create_date, modify_user, modify_date) VALUES (80018225, 2, 'heffan', 132456, CURRENT, 132456, CURRENT);
INSERT INTO resource_info (resource_id, resource_info_type_id, value, create_user, create_date, modify_user, modify_date) VALUES (80018225, 8, 'N/A', 132456, CURRENT, 132456, CURRENT);
INSERT INTO resource_info (resource_id, resource_info_type_id, value, create_user, create_date, modify_user, modify_date) VALUES (80018225, 6, '05.12.2016 03:26 AM', 132456, CURRENT, 132456, CURRENT);
INSERT INTO resource_info (resource_id, resource_info_type_id, value, create_user, create_date, modify_user, modify_date) VALUES (80018226, 1, '132458', 132456, CURRENT, 132456, CURRENT);
INSERT INTO resource_info (resource_id, resource_info_type_id, value, create_user, create_date, modify_user, modify_date) VALUES (80018226, 2, 'user', 132456, CURRENT, 132456, CURRENT);
INSERT INTO resource_info (resource_id, resource_info_type_id, value, create_user, create_date, modify_user, modify_date) VALUES (80018226, 8, 'N/A', 132456, CURRENT, 132456, CURRENT);
INSERT INTO resource_info (resource_id, resource_info_type_id, value, create_user, create_date, modify_user, modify_date) VALUES (80018226, 6, '05.12.2016 03:27 AM', 132456, CURRENT, 132456, CURRENT);
INSERT INTO upload (upload_id, project_id, resource_id, upload_type_id, upload_status_id, parameter, create_user, create_date, modify_user, modify_date, project_phase_id) VALUES (80018062, 80018018, 80018217, 1, 1, '80018018_80018217_80018062.zip', 132458, '2016-05-12 03:18:09', 132458, CURRENT, 80018208);
INSERT INTO submission (submission_id, upload_id, submission_status_id, screening_score, initial_score, final_score, placement, submission_type_id, create_user, create_date, modify_user, modify_date, prize_id) VALUES (80018051, 80018062, 1, null, null, null, null, 2, 132458, '2016-05-12 13:00:48', 132458, '2016-05-12 13:00:48', null);
INSERT INTO resource_submission (resource_id, submission_id, create_user, create_date, modify_user, modify_date) VALUES (80018217, 80018051, 132458, CURRENT, 132458, CURRENT);
INSERT INTO review (review_id, resource_id, submission_id, scorecard_id, committed, initial_score, score, create_user, create_date, modify_user, modify_date, project_phase_id) VALUES (80018089, 80018218, 80018051, 30000722, 1, 100.0, 100.0, 132457, CURRENT, 132457, CURRENT, 80018209);
INSERT INTO review_comment (review_comment_id, resource_id, review_id, comment_type_id, content, extra_info, sort, create_user, create_date, modify_user, modify_date) VALUES (80018021, 80018218, 80018089, 14, '', 'Approved', 0, 132457, CURRENT, 132457, CURRENT);
INSERT INTO review_item (review_item_id, review_id, scorecard_question_id, upload_id, answer, sort, create_user, create_date, modify_user, modify_date) VALUES (80018089, 80018089, 30001008, null, '4/4', 0, 132457, CURRENT, 132457, CURRENT);
INSERT INTO review_item_comment (review_item_comment_id, resource_id, review_item_id, comment_type_id, content, extra_info, sort, create_user, create_date, modify_user, modify_date) VALUES (80018136, 80018218, 80018089, 1, 'The documentation must be updated to provide more details on the topic', NULL, 0, 132457, CURRENT, 132457, CURRENT);
INSERT INTO notification (project_id, external_ref_id, notification_type_id, create_user, create_date, modify_user, modify_date) VALUES (80018018, 80018020, 1, 132456, CURRENT, 132456, CURRENT);
INSERT INTO notification (project_id, external_ref_id, notification_type_id, create_user, create_date, modify_user, modify_date) VALUES (80018018, 124852, 1, 132456, CURRENT, 132456, CURRENT);
INSERT INTO notification (project_id, external_ref_id, notification_type_id, create_user, create_date, modify_user, modify_date) VALUES (80018018, 80018019, 1, 132456, CURRENT, 132456, CURRENT);
INSERT INTO notification (project_id, external_ref_id, notification_type_id, create_user, create_date, modify_user, modify_date) VALUES (80018018, 132458, 1, 132456, CURRENT, 132456, CURRENT);
INSERT INTO notification (project_id, external_ref_id, notification_type_id, create_user, create_date, modify_user, modify_date) VALUES (80018018, 132456, 1, 132456, CURRENT, 132456, CURRENT);
INSERT INTO notification (project_id, external_ref_id, notification_type_id, create_user, create_date, modify_user, modify_date) VALUES (80018018, 132457, 1, 132456, CURRENT, 132456, CURRENT);
INSERT INTO notification (project_id, external_ref_id, notification_type_id, create_user, create_date, modify_user, modify_date) VALUES (80018018, 22770213, 1, 132456, CURRENT, 132456, CURRENT);
INSERT INTO contest_sale (contest_sale_id, contest_id, sale_status_id, price, paypal_order_id, create_date, sale_reference_id, sale_type_id) VALUES (80018018, 80018018, 1, 9512.0, 'PO BOX 80018001', CURRENT, 'PO BOX 80018001', 2);
INSERT INTO project_payment (project_payment_id, project_payment_type_id, resource_id, submission_id, amount, pacts_payment_id, create_user,create_date, modify_user, modify_date) VALUES (80018074, 3, 80018218, null, 50.0, null, 132456, CURRENT, 132456, CURRENT);
INSERT INTO project_payment (project_payment_id, project_payment_type_id, resource_id, submission_id, amount, pacts_payment_id, create_user,create_date, modify_user, modify_date) VALUES (80018075, 4, 80018225, null, 350.0, null, 132456, CURRENT, 132456, CURRENT);
INSERT INTO contest_milestone_xref (contest_id, project_milestone_id, create_user, create_date, modify_user, modify_date) VALUES (80018018, 800180011, 132456, CURRENT, 132456, CURRENT);
INSERT INTO review_auction (review_auction_id, project_id, review_auction_type_id) VALUES (80028018, 80018018, 3);
INSERT INTO review_auction (review_auction_id, project_id, review_auction_type_id) VALUES (80018018, 80018018, 1);
INSERT INTO comp_catalog (component_id, current_version, short_desc, component_name, description, function_desc, create_time, status_id, root_category_id, modify_date, public_ind)  VALUES (80018019, 1, 'Short description for Code Contest 19', 'Code Contest 19', 'Description for Code Contest 19', 'Functional description for Code Contest 19', CURRENT, 1, 27355736, CURRENT, 1);
INSERT INTO comp_categories (comp_categories_id, component_id, category_id)  VALUES (80018019, 80018019, 27355736);
INSERT INTO comp_versions (comp_vers_id, component_id, version, version_text, create_time, phase_id, phase_time, price, comments, modify_date, suspended_ind) VALUES (80018019, 80018019, 1, '1.0', CURRENT, 112, CURRENT, 800.0, 'Comments for version #1', CURRENT, 0);
INSERT INTO comp_version_dates (comp_version_dates_id, comp_vers_id, phase_id, posting_date, initial_submission_date, winner_announced_date, final_submission_date, estimated_dev_date, price, total_submissions, status_id, create_time, level_id, screening_complete_date, review_complete_date, aggregation_complete_date, phase_complete_date, production_date, aggregation_complete_date_comment, phase_complete_date_comment, review_complete_date_comment, winner_announced_date_comment, initial_submission_date_comment, screening_complete_date_comment, final_submission_date_comment, production_date_comment, modify_date) VALUES (80018019, 80018019, 112, '1976-06-05', '2000-02-01', '2000-02-01', '2000-02-01', '2000-02-01', 0.00, 0, 301, CURRENT, 100, '2000-02-01', '2000-02-01', '2000-02-01', '2000-02-01', null, null, null, null, null, null, null, null, null, CURRENT);
INSERT INTO comp_technology (comp_tech_id, comp_vers_id, technology_type_id) VALUES (800180190, 80018019, 26951707);
INSERT INTO project (project_id, project_status_id, project_category_id, create_user, create_date, modify_user, modify_date, tc_direct_project_id, project_studio_spec_id) VALUES (80018019, 1, 39, 132456, CURRENT, 132456, CURRENT, 80018001, NULL);
INSERT INTO project_info (project_id, project_info_type_id, value, create_user, create_date, modify_user, modify_date) VALUES (80018019, 1, '80018019', 132456, CURRENT, 132456, CURRENT);
INSERT INTO project_info (project_id, project_info_type_id, value, create_user, create_date, modify_user, modify_date) VALUES (80018019, 2, '80018019', 132456, CURRENT, 132456, CURRENT);
INSERT INTO project_info (project_id, project_info_type_id, value, create_user, create_date, modify_user, modify_date) VALUES (80018019, 3, '80018019', 132456, CURRENT, 132456, CURRENT);
INSERT INTO project_info (project_id, project_info_type_id, value, create_user, create_date, modify_user, modify_date) VALUES (80018019, 4, '80018020', 132456, CURRENT, 132456, CURRENT);
INSERT INTO comp_jive_category_xref (comp_vers_id, jive_category_id) VALUES (80018019, 0);
INSERT INTO project_info (project_id, project_info_type_id, value, create_user, create_date, modify_user, modify_date) VALUES (80018019, 5, '27355736', 132456, CURRENT, 132456, CURRENT);
INSERT INTO project_info (project_id, project_info_type_id, value, create_user, create_date, modify_user, modify_date) VALUES (80018019, 6, 'Code Contest 19', 132456, CURRENT, 132456, CURRENT);
INSERT INTO project_info (project_id, project_info_type_id, value, create_user, create_date, modify_user, modify_date) VALUES (80018019, 7, '1.0', 132456, CURRENT, 132456, CURRENT);
INSERT INTO project_info (project_id, project_info_type_id, value, create_user, create_date, modify_user, modify_date) VALUES (80018019, 8, '', 132456, CURRENT, 132456, CURRENT);
INSERT INTO project_info (project_id, project_info_type_id, value, create_user, create_date, modify_user, modify_date) VALUES (80018019, 11, 'On', 132456, CURRENT, 132456, CURRENT);
INSERT INTO project_info (project_id, project_info_type_id, value, create_user, create_date, modify_user, modify_date) VALUES (80018019, 9, 'On', 132456, CURRENT, 132456, CURRENT);
INSERT INTO project_info (project_id, project_info_type_id, value, create_user, create_date, modify_user, modify_date) VALUES (80018019, 10, 'On', 132456, CURRENT, 132456, CURRENT);
INSERT INTO project_info (project_id, project_info_type_id, value, create_user, create_date, modify_user, modify_date) VALUES (80018019, 12, 'Yes', 132456, CURRENT, 132456, CURRENT);
INSERT INTO project_info (project_id, project_info_type_id, value, create_user, create_date, modify_user, modify_date) VALUES (80018019, 13, 'Yes', 132456, CURRENT, 132456, CURRENT);
INSERT INTO project_info (project_id, project_info_type_id, value, create_user, create_date, modify_user, modify_date) VALUES (80018019, 14, 'Open', 132456, CURRENT, 132456, CURRENT);
INSERT INTO project_info (project_id, project_info_type_id, value, create_user, create_date, modify_user, modify_date) VALUES (80018019, 16, '800.0', 132456, CURRENT, 132456, CURRENT);
INSERT INTO project_info (project_id, project_info_type_id, value, create_user, create_date, modify_user, modify_date) VALUES (80018019, 17, '', 132456, CURRENT, 132456, CURRENT);
INSERT INTO project_info (project_id, project_info_type_id, value, create_user, create_date, modify_user, modify_date) VALUES (80018019, 26, 'On', 132456, CURRENT, 132456, CURRENT);
INSERT INTO project_info (project_id, project_info_type_id, value, create_user, create_date, modify_user, modify_date) VALUES (80018019, 30, '360.0', 132456, CURRENT, 132456, CURRENT);
INSERT INTO project_info (project_id, project_info_type_id, value, create_user, create_date, modify_user, modify_date) VALUES (80018019, 31, '6001.0', 132456, CURRENT, 132456, CURRENT);
INSERT INTO project_info (project_id, project_info_type_id, value, create_user, create_date, modify_user, modify_date) VALUES (80018019, 33, '605.0', 132456, CURRENT, 132456, CURRENT);
INSERT INTO project_info (project_id, project_info_type_id, value, create_user, create_date, modify_user, modify_date) VALUES (80018019, 35, '30.0', 132456, CURRENT, 132456, CURRENT);
INSERT INTO project_info (project_id, project_info_type_id, value, create_user, create_date, modify_user, modify_date) VALUES (80018019, 36, '800.0', 132456, CURRENT, 132456, CURRENT);
INSERT INTO project_info (project_id, project_info_type_id, value, create_user, create_date, modify_user, modify_date) VALUES (80018019, 37, '400.0', 132456, CURRENT, 132456, CURRENT);
INSERT INTO project_info (project_id, project_info_type_id, value, create_user, create_date, modify_user, modify_date) VALUES (80018019, 45, 'true', 132456, CURRENT, 132456, CURRENT);
INSERT INTO project_info (project_id, project_info_type_id, value, create_user, create_date, modify_user, modify_date) VALUES (80018019, 47, 'true', 132456, CURRENT, 132456, CURRENT);
INSERT INTO project_info (project_id, project_info_type_id, value, create_user, create_date, modify_user, modify_date) VALUES (80018019, 38, '240.0', 132456, CURRENT, 132456, CURRENT);
INSERT INTO project_info (project_id, project_info_type_id, value, create_user, create_date, modify_user, modify_date) VALUES (80018019, 39, '0.0', 132456, CURRENT, 132456, CURRENT);
INSERT INTO project_info (project_id, project_info_type_id, value, create_user, create_date, modify_user, modify_date) VALUES (80018019, 40, 'A', 132456, CURRENT, 132456, CURRENT);
INSERT INTO project_info (project_id, project_info_type_id, value, create_user, create_date, modify_user, modify_date) VALUES (80018019, 32, '80018001', 132456, CURRENT, 132456, CURRENT);
INSERT INTO project_info (project_id, project_info_type_id, value, create_user, create_date, modify_user, modify_date) VALUES (80018019, 41, 'true', 132456, CURRENT, 132456, CURRENT);
INSERT INTO project_info (project_id, project_info_type_id, value, create_user, create_date, modify_user, modify_date) VALUES (80018019, 43, 'true', 132456, CURRENT, 132456, CURRENT);
INSERT INTO project_info (project_id, project_info_type_id, value, create_user, create_date, modify_user, modify_date) VALUES (80018019, 44, 'false', 132456, CURRENT, 132456, CURRENT);
INSERT INTO project_info (project_id, project_info_type_id, value, create_user, create_date, modify_user, modify_date) VALUES (80018019, 46, 'true', 132456, CURRENT, 132456, CURRENT);
INSERT INTO project_info (project_id, project_info_type_id, value, create_user, create_date, modify_user, modify_date) VALUES (80018019, 48, 'true', 132456, CURRENT, 132456, CURRENT);
INSERT INTO project_info (project_id, project_info_type_id, value, create_user, create_date, modify_user, modify_date) VALUES (80018019, 23, '80018002', 132456, CURRENT, 132456, CURRENT);
INSERT INTO project_info (project_id, project_info_type_id, value, create_user, create_date, modify_user, modify_date) VALUES (80018019, 49, '500', 132456, CURRENT, 132456, CURRENT);
INSERT INTO project_info (project_id, project_info_type_id, value, create_user, create_date, modify_user, modify_date) VALUES (80018019, 59, 'true', 132456, CURRENT, 132456, CURRENT);
INSERT INTO project_info (project_id, project_info_type_id, value, create_user, create_date, modify_user, modify_date) VALUES (80018019, 64, '29670', 132456, CURRENT, 132456, CURRENT);
INSERT INTO prize (prize_id, place, prize_amount, prize_type_id, number_of_submissions,                    create_user, create_date, modify_user, modify_date, project_id) VALUES (80018043, 1, 800.0, 15, 1, 132456, CURRENT, 132456, CURRENT, 80018019);
INSERT INTO prize (prize_id, place, prize_amount, prize_type_id, number_of_submissions,                    create_user, create_date, modify_user, modify_date, project_id) VALUES (80018044, 2, 400.0, 15, 1, 132456, CURRENT, 132456, CURRENT, 80018019);
INSERT INTO project_spec (project_spec_id, project_id, version, detailed_requirements, submission_deliverables, environment_setup_instruction, final_submission_guidelines, private_description, create_user, create_date, modify_user, modify_date) VALUES (80018019, 80018019, 1, 'Detailed requirements for Code Contest 19', '', '', 'Final submission guidelines for Code Contest 19', '', 132456, CURRENT, 132456, CURRENT);
INSERT INTO project_phase (project_phase_id, project_id, phase_type_id, phase_status_id, fixed_start_time, scheduled_start_time, scheduled_end_time, actual_start_time, actual_end_time, duration, create_user, create_date, modify_user, modify_date) VALUES (80018220, 80018019, 13, 3, CURRENT + -21360 UNITS MINUTE, CURRENT + -21360 UNITS MINUTE, CURRENT + -18480 UNITS MINUTE, CURRENT + -21360 UNITS MINUTE, CURRENT + -18480 UNITS MINUTE, 172800000, 132456, CURRENT, 132456, CURRENT);
INSERT INTO project_phase (project_phase_id, project_id, phase_type_id, phase_status_id, fixed_start_time, scheduled_start_time, scheduled_end_time, actual_start_time, actual_end_time, duration, create_user, create_date, modify_user, modify_date) VALUES (80018221, 80018019, 14, 3, null, CURRENT + -18480 UNITS MINUTE, CURRENT + -18360 UNITS MINUTE, CURRENT + -18480 UNITS MINUTE, CURRENT + -18360 UNITS MINUTE, 7200000, 132456, CURRENT, 132456, CURRENT);
INSERT INTO project_phase (project_phase_id, project_id, phase_type_id, phase_status_id, fixed_start_time, scheduled_start_time, scheduled_end_time, actual_start_time, actual_end_time, duration, create_user, create_date, modify_user, modify_date) VALUES (80018222, 80018019, 1, 3, CURRENT + -18360 UNITS MINUTE, CURRENT + -18360 UNITS MINUTE, CURRENT + -15480 UNITS MINUTE, CURRENT + -18360 UNITS MINUTE, CURRENT + -15480 UNITS MINUTE, 172800000, 132456, CURRENT, 132456, CURRENT);
INSERT INTO project_phase (project_phase_id, project_id, phase_type_id, phase_status_id, fixed_start_time, scheduled_start_time, scheduled_end_time, actual_start_time, actual_end_time, duration, create_user, create_date, modify_user, modify_date) VALUES (80018223, 80018019, 2, 3, null, CURRENT + -18360 UNITS MINUTE, CURRENT + -11160 UNITS MINUTE, CURRENT + -18360 UNITS MINUTE, CURRENT + -11160 UNITS MINUTE, 432000000, 132456, CURRENT, 132456, CURRENT);
INSERT INTO project_phase (project_phase_id, project_id, phase_type_id, phase_status_id, fixed_start_time, scheduled_start_time, scheduled_end_time, actual_start_time, actual_end_time, duration, create_user, create_date, modify_user, modify_date) VALUES (80018224, 80018019, 3, 3, null, CURRENT + -11160 UNITS MINUTE, CURRENT + -10440 UNITS MINUTE, CURRENT + -11160 UNITS MINUTE, CURRENT + -10440 UNITS MINUTE, 43200000, 132456, CURRENT, 132456, CURRENT);
INSERT INTO project_phase (project_phase_id, project_id, phase_type_id, phase_status_id, fixed_start_time, scheduled_start_time, scheduled_end_time, actual_start_time, actual_end_time, duration, create_user, create_date, modify_user, modify_date) VALUES (80018225, 80018019, 4, 3, null, CURRENT + -10440 UNITS MINUTE, CURRENT + -7560 UNITS MINUTE, CURRENT + -10440 UNITS MINUTE, CURRENT + -7560 UNITS MINUTE, 172800000, 132456, CURRENT, 132456, CURRENT);
INSERT INTO project_phase (project_phase_id, project_id, phase_type_id, phase_status_id, fixed_start_time, scheduled_start_time, scheduled_end_time, actual_start_time, actual_end_time, duration, create_user, create_date, modify_user, modify_date) VALUES (80018226, 80018019, 5, 3, null, CURRENT + -7560 UNITS MINUTE, CURRENT + -6120 UNITS MINUTE, CURRENT + -7560 UNITS MINUTE, CURRENT + -6120 UNITS MINUTE, 86400000, 132456, CURRENT, 132456, CURRENT);
INSERT INTO project_phase (project_phase_id, project_id, phase_type_id, phase_status_id, fixed_start_time, scheduled_start_time, scheduled_end_time, actual_start_time, actual_end_time, duration, create_user, create_date, modify_user, modify_date) VALUES (80018227, 80018019, 6, 3, null, CURRENT + -6120 UNITS MINUTE, CURRENT + -5400 UNITS MINUTE, CURRENT + -6120 UNITS MINUTE, CURRENT + -5400 UNITS MINUTE, 43200000, 132456, CURRENT, 132456, CURRENT);
INSERT INTO project_phase (project_phase_id, project_id, phase_type_id, phase_status_id, fixed_start_time, scheduled_start_time, scheduled_end_time, actual_start_time, actual_end_time, duration, create_user, create_date, modify_user, modify_date) VALUES (80018228, 80018019, 7, 3, null, CURRENT + -5400 UNITS MINUTE, CURRENT + -4680 UNITS MINUTE, CURRENT + -5400 UNITS MINUTE, CURRENT + -4680 UNITS MINUTE, 43200000, 132456, CURRENT, 132456, CURRENT);
INSERT INTO project_phase (project_phase_id, project_id, phase_type_id, phase_status_id, fixed_start_time, scheduled_start_time, scheduled_end_time, actual_start_time, actual_end_time, duration, create_user, create_date, modify_user, modify_date) VALUES (80018229, 80018019, 9, 3, null, CURRENT + -4680 UNITS MINUTE, CURRENT + -3240 UNITS MINUTE, CURRENT + -4680 UNITS MINUTE, CURRENT + -3240 UNITS MINUTE, 86400000, 132456, CURRENT, 132456, CURRENT);
INSERT INTO project_phase (project_phase_id, project_id, phase_type_id, phase_status_id, fixed_start_time, scheduled_start_time, scheduled_end_time, actual_start_time, actual_end_time, duration, create_user, create_date, modify_user, modify_date) VALUES (80018230, 80018019, 10, 2, null, CURRENT + -3240 UNITS MINUTE, CURRENT + -2520 UNITS MINUTE, CURRENT + -3240 UNITS MINUTE, null, 43200000, 132456, CURRENT, 132456, CURRENT);
INSERT INTO project_phase (project_phase_id, project_id, phase_type_id, phase_status_id, fixed_start_time, scheduled_start_time, scheduled_end_time, actual_start_time, actual_end_time, duration, create_user, create_date, modify_user, modify_date) VALUES (80018231, 80018019, 11, 1, null, CURRENT + -2520 UNITS MINUTE, CURRENT + 4680 UNITS MINUTE, null, null, 432000000, 132456, CURRENT, 132456, CURRENT);
INSERT INTO phase_dependency (dependency_phase_id, dependent_phase_id, dependency_start, dependent_start, lag_time, create_user, create_date, modify_user, modify_date) VALUES (80018220, 80018221, 0, 1, 0, 132456, CURRENT, 132456, CURRENT);
INSERT INTO phase_dependency (dependency_phase_id, dependent_phase_id, dependency_start, dependent_start, lag_time, create_user, create_date, modify_user, modify_date) VALUES (80018221, 80018222, 0, 1, 0, 132456, CURRENT, 132456, CURRENT);
INSERT INTO phase_dependency (dependency_phase_id, dependent_phase_id, dependency_start, dependent_start, lag_time, create_user, create_date, modify_user, modify_date) VALUES (80018222, 80018223, 1, 1, 0, 132456, CURRENT, 132456, CURRENT);
INSERT INTO phase_dependency (dependency_phase_id, dependent_phase_id, dependency_start, dependent_start, lag_time, create_user, create_date, modify_user, modify_date) VALUES (80018223, 80018224, 0, 1, 0, 132456, CURRENT, 132456, CURRENT);
INSERT INTO phase_dependency (dependency_phase_id, dependent_phase_id, dependency_start, dependent_start, lag_time, create_user, create_date, modify_user, modify_date) VALUES (80018224, 80018225, 0, 1, 0, 132456, CURRENT, 132456, CURRENT);
INSERT INTO phase_dependency (dependency_phase_id, dependent_phase_id, dependency_start, dependent_start, lag_time, create_user, create_date, modify_user, modify_date) VALUES (80018225, 80018226, 0, 1, 0, 132456, CURRENT, 132456, CURRENT);
INSERT INTO phase_dependency (dependency_phase_id, dependent_phase_id, dependency_start, dependent_start, lag_time, create_user, create_date, modify_user, modify_date) VALUES (80018226, 80018227, 0, 1, 0, 132456, CURRENT, 132456, CURRENT);
INSERT INTO phase_dependency (dependency_phase_id, dependent_phase_id, dependency_start, dependent_start, lag_time, create_user, create_date, modify_user, modify_date) VALUES (80018227, 80018228, 0, 1, 0, 132456, CURRENT, 132456, CURRENT);
INSERT INTO phase_dependency (dependency_phase_id, dependent_phase_id, dependency_start, dependent_start, lag_time, create_user, create_date, modify_user, modify_date) VALUES (80018228, 80018229, 0, 1, 0, 132456, CURRENT, 132456, CURRENT);
INSERT INTO phase_dependency (dependency_phase_id, dependent_phase_id, dependency_start, dependent_start, lag_time, create_user, create_date, modify_user, modify_date) VALUES (80018229, 80018230, 0, 1, 0, 132456, CURRENT, 132456, CURRENT);
INSERT INTO phase_dependency (dependency_phase_id, dependent_phase_id, dependency_start, dependent_start, lag_time, create_user, create_date, modify_user, modify_date) VALUES (80018230, 80018231, 0, 1, 0, 132456, CURRENT, 132456, CURRENT);
INSERT INTO phase_criteria (project_phase_id, phase_criteria_type_id, parameter, create_user, create_date, modify_user, modify_date) VALUES (80018221, 1, '30000722', 132456, CURRENT, 132456, CURRENT);
INSERT INTO phase_criteria (project_phase_id, phase_criteria_type_id, parameter, create_user, create_date, modify_user, modify_date) VALUES (80018221, 6, '1', 132456, CURRENT, 132456, CURRENT);
INSERT INTO phase_criteria (project_phase_id, phase_criteria_type_id, parameter, create_user, create_date, modify_user, modify_date) VALUES (80018222, 2, '0', 132456, CURRENT, 132456, CURRENT);
INSERT INTO phase_criteria (project_phase_id, phase_criteria_type_id, parameter, create_user, create_date, modify_user, modify_date) VALUES (80018222, 5, 'No', 132456, CURRENT, 132456, CURRENT);
INSERT INTO phase_criteria (project_phase_id, phase_criteria_type_id, parameter, create_user, create_date, modify_user, modify_date) VALUES (80018223, 3, '0', 132456, CURRENT, 132456, CURRENT);
INSERT INTO phase_criteria (project_phase_id, phase_criteria_type_id, parameter, create_user, create_date, modify_user, modify_date) VALUES (80018223, 5, 'Yes', 132456, CURRENT, 132456, CURRENT);
INSERT INTO phase_criteria (project_phase_id, phase_criteria_type_id, parameter, create_user, create_date, modify_user, modify_date) VALUES (80018224, 1, '30000410', 132456, CURRENT, 132456, CURRENT);
INSERT INTO phase_criteria (project_phase_id, phase_criteria_type_id, parameter, create_user, create_date, modify_user, modify_date) VALUES (80018224, 5, 'No', 132456, CURRENT, 132456, CURRENT);
INSERT INTO phase_criteria (project_phase_id, phase_criteria_type_id, parameter, create_user, create_date, modify_user, modify_date) VALUES (80018225, 1, '30000411', 132456, CURRENT, 132456, CURRENT);
INSERT INTO phase_criteria (project_phase_id, phase_criteria_type_id, parameter, create_user, create_date, modify_user, modify_date) VALUES (80018225, 5, 'No', 132456, CURRENT, 132456, CURRENT);
INSERT INTO phase_criteria (project_phase_id, phase_criteria_type_id, parameter, create_user, create_date, modify_user, modify_date) VALUES (80018225, 6, '3', 132456, CURRENT, 132456, CURRENT);
INSERT INTO phase_criteria (project_phase_id, phase_criteria_type_id, parameter, create_user, create_date, modify_user, modify_date) VALUES (80018226, 4, 'No', 132456, CURRENT, 132456, CURRENT);
INSERT INTO phase_criteria (project_phase_id, phase_criteria_type_id, parameter, create_user, create_date, modify_user, modify_date) VALUES (80018226, 5, 'No', 132456, CURRENT, 132456, CURRENT);
INSERT INTO phase_criteria (project_phase_id, phase_criteria_type_id, parameter, create_user, create_date, modify_user, modify_date) VALUES (80018227, 5, 'No', 132456, CURRENT, 132456, CURRENT);
INSERT INTO phase_criteria (project_phase_id, phase_criteria_type_id, parameter, create_user, create_date, modify_user, modify_date) VALUES (80018228, 5, 'No', 132456, CURRENT, 132456, CURRENT);
INSERT INTO phase_criteria (project_phase_id, phase_criteria_type_id, parameter, create_user, create_date, modify_user, modify_date) VALUES (80018229, 5, 'No', 132456, CURRENT, 132456, CURRENT);
INSERT INTO phase_criteria (project_phase_id, phase_criteria_type_id, parameter, create_user, create_date, modify_user, modify_date) VALUES (80018230, 5, 'No', 132456, CURRENT, 132456, CURRENT);
INSERT INTO phase_criteria (project_phase_id, phase_criteria_type_id, parameter, create_user, create_date, modify_user, modify_date) VALUES (80018231, 1, '30000720', 132456, CURRENT, 132456, CURRENT);
INSERT INTO phase_criteria (project_phase_id, phase_criteria_type_id, parameter, create_user, create_date, modify_user, modify_date) VALUES (80018231, 6, '1', 132456, CURRENT, 132456, CURRENT);
INSERT INTO resource (resource_id, resource_role_id, project_id, project_phase_id, create_user, create_date, modify_user, modify_date, user_id) VALUES (80018227, 13, 80018019, NULL, 132456, CURRENT, 132456, CURRENT, 132456);
INSERT INTO resource (resource_id, resource_role_id, project_id, project_phase_id, create_user, create_date, modify_user, modify_date, user_id) VALUES (80018228, 13, 80018019, NULL, 132456, CURRENT, 132456, CURRENT, 22770213);
INSERT INTO resource (resource_id, resource_role_id, project_id, project_phase_id, create_user, create_date, modify_user, modify_date, user_id) VALUES (80018229, 17, 80018019, NULL, 132456, CURRENT, 132456, CURRENT, 132458);
INSERT INTO resource (resource_id, resource_role_id, project_id, project_phase_id, create_user, create_date, modify_user, modify_date, user_id) VALUES (80018230, 18, 80018019, 80018221, 132456, CURRENT, 132456, CURRENT, 132457);
INSERT INTO resource (resource_id, resource_role_id, project_id, project_phase_id, create_user, create_date, modify_user, modify_date, user_id) VALUES (80018231, 1, 80018019, NULL, 132456, CURRENT, 132456, CURRENT, 80018002);
INSERT INTO component_inquiry (component_inquiry_id, component_id, user_id, comment, agreed_to_terms, rating, phase, tc_user_id, version, create_time, project_id) VALUES (80018051, 80018019, 80018002, null, 1, 2948, 150, 80018002, 0, CURRENT, 80018019);
INSERT INTO project_result (user_id, project_id, old_rating, new_rating, raw_score, final_score, payment, placed, rating_ind, valid_submission_ind, create_date, modify_date, passed_review_ind, point_adjustment, rating_order) VALUES (80018002, 80018019, 2948, null, null, null, null, null, 0, 0, CURRENT, CURRENT, null, null, null);
UPDATE user_rating SET rating = 2948 WHERE user_id = 80018002 AND phase_id = 150;
INSERT INTO resource (resource_id, resource_role_id, project_id, project_phase_id, create_user, create_date, modify_user, modify_date, user_id) VALUES (80018232, 1, 80018019, NULL, 132456, CURRENT, 132456, CURRENT, 80018017);
INSERT INTO component_inquiry (component_inquiry_id, component_id, user_id, comment, agreed_to_terms, rating, phase, tc_user_id, version, create_time, project_id) VALUES (80018052, 80018019, 80018017, null, 1, 1660, 150, 80018017, 0, CURRENT, 80018019);
INSERT INTO project_result (user_id, project_id, old_rating, new_rating, raw_score, final_score, payment, placed, rating_ind, valid_submission_ind, create_date, modify_date, passed_review_ind, point_adjustment, rating_order) VALUES (80018017, 80018019, 1660, null, null, null, null, null, 0, 0, CURRENT, CURRENT, null, null, null);
UPDATE user_rating SET rating = 1660 WHERE user_id = 80018017 AND phase_id = 150;
INSERT INTO resource (resource_id, resource_role_id, project_id, project_phase_id, create_user, create_date, modify_user, modify_date, user_id) VALUES (80018233, 1, 80018019, NULL, 132456, CURRENT, 132456, CURRENT, 80018009);
INSERT INTO component_inquiry (component_inquiry_id, component_id, user_id, comment, agreed_to_terms, rating, phase, tc_user_id, version, create_time, project_id) VALUES (80018053, 80018019, 80018009, null, 1, 2840, 150, 80018009, 0, CURRENT, 80018019);
INSERT INTO project_result (user_id, project_id, old_rating, new_rating, raw_score, final_score, payment, placed, rating_ind, valid_submission_ind, create_date, modify_date, passed_review_ind, point_adjustment, rating_order) VALUES (80018009, 80018019, 2840, null, null, null, null, null, 0, 0, CURRENT, CURRENT, null, null, null);
UPDATE user_rating SET rating = 2840 WHERE user_id = 80018009 AND phase_id = 150;
INSERT INTO resource (resource_id, resource_role_id, project_id, project_phase_id, create_user, create_date, modify_user, modify_date, user_id) VALUES (80018234, 2, 80018019, 80018224, 132456, CURRENT, 132456, CURRENT, 124835);
INSERT INTO resource (resource_id, resource_role_id, project_id, project_phase_id, create_user, create_date, modify_user, modify_date, user_id) VALUES (80018235, 4, 80018019, 80018225, 132456, CURRENT, 132456, CURRENT, 124835);
INSERT INTO resource (resource_id, resource_role_id, project_id, project_phase_id, create_user, create_date, modify_user, modify_date, user_id) VALUES (80018236, 8, 80018019, 80018228, 132456, CURRENT, 132456, CURRENT, 124835);
INSERT INTO resource (resource_id, resource_role_id, project_id, project_phase_id, create_user, create_date, modify_user, modify_date, user_id) VALUES (80018237, 9, 80018019, 80018230, 132456, CURRENT, 132456, CURRENT, 124835);
INSERT INTO resource (resource_id, resource_role_id, project_id, project_phase_id, create_user, create_date, modify_user, modify_date, user_id) VALUES (80018238, 14, 80018019, NULL, 132456, CURRENT, 132456, CURRENT, 132456);
INSERT INTO resource (resource_id, resource_role_id, project_id, project_phase_id, create_user, create_date, modify_user, modify_date, user_id) VALUES (80018239, 10, 80018019, NULL, 132456, CURRENT, 132456, CURRENT, 132458);
INSERT INTO resource_info (resource_id, resource_info_type_id, value, create_user, create_date, modify_user, modify_date) VALUES (80018227, 1, '132456', 132456, CURRENT, 132456, CURRENT);
INSERT INTO resource_info (resource_id, resource_info_type_id, value, create_user, create_date, modify_user, modify_date) VALUES (80018227, 2, 'heffan', 132456, CURRENT, 132456, CURRENT);
INSERT INTO resource_info (resource_id, resource_info_type_id, value, create_user, create_date, modify_user, modify_date) VALUES (80018227, 8, 'N/A', 132456, CURRENT, 132456, CURRENT);
INSERT INTO resource_info (resource_id, resource_info_type_id, value, create_user, create_date, modify_user, modify_date) VALUES (80018227, 6, '05.12.2016 03:16 AM', 132456, CURRENT, 132456, CURRENT);
INSERT INTO resource_info (resource_id, resource_info_type_id, value, create_user, create_date, modify_user, modify_date) VALUES (80018228, 1, '22770213', 132456, CURRENT, 132456, CURRENT);
INSERT INTO resource_info (resource_id, resource_info_type_id, value, create_user, create_date, modify_user, modify_date) VALUES (80018228, 2, 'Applications', 132456, CURRENT, 132456, CURRENT);
INSERT INTO resource_info (resource_id, resource_info_type_id, value, create_user, create_date, modify_user, modify_date) VALUES (80018228, 8, 'N/A', 132456, CURRENT, 132456, CURRENT);
INSERT INTO resource_info (resource_id, resource_info_type_id, value, create_user, create_date, modify_user, modify_date) VALUES (80018228, 6, '05.12.2016 03:17 AM', 132456, CURRENT, 132456, CURRENT);
INSERT INTO resource_info (resource_id, resource_info_type_id, value, create_user, create_date, modify_user, modify_date) VALUES (80018229, 1, '132458', 132456, CURRENT, 132456, CURRENT);
INSERT INTO resource_info (resource_id, resource_info_type_id, value, create_user, create_date, modify_user, modify_date) VALUES (80018229, 2, 'user', 132456, CURRENT, 132456, CURRENT);
INSERT INTO resource_info (resource_id, resource_info_type_id, value, create_user, create_date, modify_user, modify_date) VALUES (80018229, 8, 'N/A', 132456, CURRENT, 132456, CURRENT);
INSERT INTO resource_info (resource_id, resource_info_type_id, value, create_user, create_date, modify_user, modify_date) VALUES (80018229, 6, '05.12.2016 03:18 AM', 132456, CURRENT, 132456, CURRENT);
INSERT INTO resource_info (resource_id, resource_info_type_id, value, create_user, create_date, modify_user, modify_date) VALUES (80018230, 1, '132457', 132456, CURRENT, 132456, CURRENT);
INSERT INTO resource_info (resource_id, resource_info_type_id, value, create_user, create_date, modify_user, modify_date) VALUES (80018230, 2, 'super', 132456, CURRENT, 132456, CURRENT);
INSERT INTO resource_info (resource_id, resource_info_type_id, value, create_user, create_date, modify_user, modify_date) VALUES (80018230, 8, 'N/A', 132456, CURRENT, 132456, CURRENT);
INSERT INTO resource_info (resource_id, resource_info_type_id, value, create_user, create_date, modify_user, modify_date) VALUES (80018230, 6, '04.29.2016 07:19 AM', 132456, CURRENT, 132456, CURRENT);
INSERT INTO resource_info (resource_id, resource_info_type_id, value, create_user, create_date, modify_user, modify_date) VALUES (80018231, 1, '80018002', 132456, CURRENT, 132456, CURRENT);
INSERT INTO resource_info (resource_id, resource_info_type_id, value, create_user, create_date, modify_user, modify_date) VALUES (80018231, 2, 'WishingBone80018002', 132456, CURRENT, 132456, CURRENT);
INSERT INTO resource_info (resource_id, resource_info_type_id, value, create_user, create_date, modify_user, modify_date) VALUES (80018231, 3, 'test@test.com', 132456, CURRENT, 132456, CURRENT);
INSERT INTO resource_info (resource_id, resource_info_type_id, value, create_user, create_date, modify_user, modify_date) VALUES (80018231, 4, '2948', 132456, CURRENT, 132456, CURRENT);
INSERT INTO resource_info (resource_id, resource_info_type_id, value, create_user, create_date, modify_user, modify_date) VALUES (80018231, 5, '77', 132456, CURRENT, 132456, CURRENT);
INSERT INTO resource_info (resource_id, resource_info_type_id, value, create_user, create_date, modify_user, modify_date) VALUES (80018231, 7, '800.0', 132456, CURRENT, 132456, CURRENT);
INSERT INTO resource_info (resource_id, resource_info_type_id, value, create_user, create_date, modify_user, modify_date) VALUES (80018231, 8, 'No', 132456, CURRENT, 132456, CURRENT);
INSERT INTO resource_info (resource_id, resource_info_type_id, value, create_user, create_date, modify_user, modify_date) VALUES (80018231, 6, '05.12.2016 03:20 AM', 132456, CURRENT, 132456, CURRENT);
INSERT INTO resource_info (resource_id, resource_info_type_id, value, create_user, create_date, modify_user, modify_date) VALUES (80018231, 13, 'No', 132456, CURRENT, 132456, CURRENT);
INSERT INTO resource_info (resource_id, resource_info_type_id, value, create_user, create_date, modify_user, modify_date) VALUES (80018232, 1, '80018017', 132456, CURRENT, 132456, CURRENT);
INSERT INTO resource_info (resource_id, resource_info_type_id, value, create_user, create_date, modify_user, modify_date) VALUES (80018232, 2, 'WishingBone80018017', 132456, CURRENT, 132456, CURRENT);
INSERT INTO resource_info (resource_id, resource_info_type_id, value, create_user, create_date, modify_user, modify_date) VALUES (80018232, 3, 'test@test.com', 132456, CURRENT, 132456, CURRENT);
INSERT INTO resource_info (resource_id, resource_info_type_id, value, create_user, create_date, modify_user, modify_date) VALUES (80018232, 4, '1660', 132456, CURRENT, 132456, CURRENT);
INSERT INTO resource_info (resource_id, resource_info_type_id, value, create_user, create_date, modify_user, modify_date) VALUES (80018232, 5, '64', 132456, CURRENT, 132456, CURRENT);
INSERT INTO resource_info (resource_id, resource_info_type_id, value, create_user, create_date, modify_user, modify_date) VALUES (80018232, 8, 'N/A', 132456, CURRENT, 132456, CURRENT);
INSERT INTO resource_info (resource_id, resource_info_type_id, value, create_user, create_date, modify_user, modify_date) VALUES (80018232, 6, '05.12.2016 03:21 AM', 132456, CURRENT, 132456, CURRENT);
INSERT INTO resource_info (resource_id, resource_info_type_id, value, create_user, create_date, modify_user, modify_date) VALUES (80018232, 13, 'No', 132456, CURRENT, 132456, CURRENT);
INSERT INTO resource_info (resource_id, resource_info_type_id, value, create_user, create_date, modify_user, modify_date) VALUES (80018233, 1, '80018009', 132456, CURRENT, 132456, CURRENT);
INSERT INTO resource_info (resource_id, resource_info_type_id, value, create_user, create_date, modify_user, modify_date) VALUES (80018233, 2, 'Pops80018009', 132456, CURRENT, 132456, CURRENT);
INSERT INTO resource_info (resource_id, resource_info_type_id, value, create_user, create_date, modify_user, modify_date) VALUES (80018233, 3, 'test@test.com', 132456, CURRENT, 132456, CURRENT);
INSERT INTO resource_info (resource_id, resource_info_type_id, value, create_user, create_date, modify_user, modify_date) VALUES (80018233, 4, '2840', 132456, CURRENT, 132456, CURRENT);
INSERT INTO resource_info (resource_id, resource_info_type_id, value, create_user, create_date, modify_user, modify_date) VALUES (80018233, 5, '69', 132456, CURRENT, 132456, CURRENT);
INSERT INTO resource_info (resource_id, resource_info_type_id, value, create_user, create_date, modify_user, modify_date) VALUES (80018233, 8, 'N/A', 132456, CURRENT, 132456, CURRENT);
INSERT INTO resource_info (resource_id, resource_info_type_id, value, create_user, create_date, modify_user, modify_date) VALUES (80018233, 6, '05.12.2016 03:22 AM', 132456, CURRENT, 132456, CURRENT);
INSERT INTO resource_info (resource_id, resource_info_type_id, value, create_user, create_date, modify_user, modify_date) VALUES (80018233, 13, 'No', 132456, CURRENT, 132456, CURRENT);
INSERT INTO resource_info (resource_id, resource_info_type_id, value, create_user, create_date, modify_user, modify_date) VALUES (80018234, 1, '124835', 132456, CURRENT, 132456, CURRENT);
INSERT INTO resource_info (resource_id, resource_info_type_id, value, create_user, create_date, modify_user, modify_date) VALUES (80018234, 2, 'reassembler', 132456, CURRENT, 132456, CURRENT);
INSERT INTO resource_info (resource_id, resource_info_type_id, value, create_user, create_date, modify_user, modify_date) VALUES (80018234, 8, 'N/A', 132456, CURRENT, 132456, CURRENT);
INSERT INTO resource_info (resource_id, resource_info_type_id, value, create_user, create_date, modify_user, modify_date) VALUES (80018234, 6, '05.04.2016 09:23 AM', 132456, CURRENT, 132456, CURRENT);
INSERT INTO resource_info (resource_id, resource_info_type_id, value, create_user, create_date, modify_user, modify_date) VALUES (80018235, 1, '124835', 132456, CURRENT, 132456, CURRENT);
INSERT INTO resource_info (resource_id, resource_info_type_id, value, create_user, create_date, modify_user, modify_date) VALUES (80018235, 2, 'reassembler', 132456, CURRENT, 132456, CURRENT);
INSERT INTO resource_info (resource_id, resource_info_type_id, value, create_user, create_date, modify_user, modify_date) VALUES (80018235, 8, 'N/A', 132456, CURRENT, 132456, CURRENT);
INSERT INTO resource_info (resource_id, resource_info_type_id, value, create_user, create_date, modify_user, modify_date) VALUES (80018235, 6, '05.04.2016 09:24 PM', 132456, CURRENT, 132456, CURRENT);
INSERT INTO resource_info (resource_id, resource_info_type_id, value, create_user, create_date, modify_user, modify_date) VALUES (80018236, 1, '124835', 132456, CURRENT, 132456, CURRENT);
INSERT INTO resource_info (resource_id, resource_info_type_id, value, create_user, create_date, modify_user, modify_date) VALUES (80018236, 2, 'reassembler', 132456, CURRENT, 132456, CURRENT);
INSERT INTO resource_info (resource_id, resource_info_type_id, value, create_user, create_date, modify_user, modify_date) VALUES (80018236, 8, 'N/A', 132456, CURRENT, 132456, CURRENT);
INSERT INTO resource_info (resource_id, resource_info_type_id, value, create_user, create_date, modify_user, modify_date) VALUES (80018236, 6, '05.08.2016 09:25 AM', 132456, CURRENT, 132456, CURRENT);
INSERT INTO resource_info (resource_id, resource_info_type_id, value, create_user, create_date, modify_user, modify_date) VALUES (80018237, 1, '124835', 132456, CURRENT, 132456, CURRENT);
INSERT INTO resource_info (resource_id, resource_info_type_id, value, create_user, create_date, modify_user, modify_date) VALUES (80018237, 2, 'reassembler', 132456, CURRENT, 132456, CURRENT);
INSERT INTO resource_info (resource_id, resource_info_type_id, value, create_user, create_date, modify_user, modify_date) VALUES (80018237, 8, 'N/A', 132456, CURRENT, 132456, CURRENT);
INSERT INTO resource_info (resource_id, resource_info_type_id, value, create_user, create_date, modify_user, modify_date) VALUES (80018237, 6, '05.09.2016 09:26 PM', 132456, CURRENT, 132456, CURRENT);
INSERT INTO resource_info (resource_id, resource_info_type_id, value, create_user, create_date, modify_user, modify_date) VALUES (80018238, 1, '132456', 132456, CURRENT, 132456, CURRENT);
INSERT INTO resource_info (resource_id, resource_info_type_id, value, create_user, create_date, modify_user, modify_date) VALUES (80018238, 2, 'heffan', 132456, CURRENT, 132456, CURRENT);
INSERT INTO resource_info (resource_id, resource_info_type_id, value, create_user, create_date, modify_user, modify_date) VALUES (80018238, 8, 'N/A', 132456, CURRENT, 132456, CURRENT);
INSERT INTO resource_info (resource_id, resource_info_type_id, value, create_user, create_date, modify_user, modify_date) VALUES (80018238, 6, '05.12.2016 03:27 AM', 132456, CURRENT, 132456, CURRENT);
INSERT INTO resource_info (resource_id, resource_info_type_id, value, create_user, create_date, modify_user, modify_date) VALUES (80018239, 1, '132458', 132456, CURRENT, 132456, CURRENT);
INSERT INTO resource_info (resource_id, resource_info_type_id, value, create_user, create_date, modify_user, modify_date) VALUES (80018239, 2, 'user', 132456, CURRENT, 132456, CURRENT);
INSERT INTO resource_info (resource_id, resource_info_type_id, value, create_user, create_date, modify_user, modify_date) VALUES (80018239, 8, 'N/A', 132456, CURRENT, 132456, CURRENT);
INSERT INTO resource_info (resource_id, resource_info_type_id, value, create_user, create_date, modify_user, modify_date) VALUES (80018239, 6, '05.12.2016 03:28 AM', 132456, CURRENT, 132456, CURRENT);
INSERT INTO upload (upload_id, project_id, resource_id, upload_type_id, upload_status_id, parameter, create_user, create_date, modify_user, modify_date, project_phase_id) VALUES (80018063, 80018019, 80018229, 1, 1, '80018019_80018229_80018063.zip', 132458, '2016-05-12 03:18:09', 132458, CURRENT, 80018220);
INSERT INTO upload (upload_id, project_id, resource_id, upload_type_id, upload_status_id, parameter, create_user, create_date, modify_user, modify_date, project_phase_id) VALUES (80018065, 80018019, 80018231, 3, 1, '80018019_80018231_80018065_final_fix.zip', 80018002, '2016-05-12 03:15:09', 80018002, CURRENT, 80018229);
INSERT INTO upload (upload_id, project_id, resource_id, upload_type_id, upload_status_id, parameter, create_user, create_date, modify_user, modify_date, project_phase_id) VALUES (80018064, 80018019, 80018231, 1, 1, '80018019_80018231_80018064.zip', 80018002, '2016-05-12 03:20:09', 80018002, CURRENT, 80018223);
INSERT INTO submission (submission_id, upload_id, submission_status_id, screening_score, initial_score, final_score, placement, submission_type_id, create_user, create_date, modify_user, modify_date, prize_id) VALUES (80018052, 80018063, 1, null, null, null, null, 2, 132458, '2016-05-12 11:11:20', 132458, '2016-05-12 11:11:20', null);
INSERT INTO resource_submission (resource_id, submission_id, create_user, create_date, modify_user, modify_date) VALUES (80018229, 80018052, 132458, CURRENT, 132458, CURRENT);
INSERT INTO submission (submission_id, upload_id, submission_status_id, screening_score, initial_score, final_score, placement, submission_type_id, create_user, create_date, modify_user, modify_date, prize_id) VALUES (80018053, 80018064, 1, 100.0, 100.0, 100.0, 1, 1, 80018002, '2016-05-12 10:47:37', 80018002, '2016-05-12 10:47:37', 80018043);
INSERT INTO resource_submission (resource_id, submission_id, create_user, create_date, modify_user, modify_date) VALUES (80018231, 80018053, 80018002, CURRENT, 80018002, CURRENT);
INSERT INTO review (review_id, resource_id, submission_id, scorecard_id, committed, initial_score, score, create_user, create_date, modify_user, modify_date, project_phase_id) VALUES (80018090, 80018230, 80018052, 30000722, 1, 100.0, 100.0, 132457, CURRENT, 132457, CURRENT, 80018221);
INSERT INTO review_comment (review_comment_id, resource_id, review_id, comment_type_id, content, extra_info, sort, create_user, create_date, modify_user, modify_date) VALUES (80018022, 80018230, 80018090, 14, '', 'Approved', 0, 132457, CURRENT, 132457, CURRENT);
INSERT INTO review_item (review_item_id, review_id, scorecard_question_id, upload_id, answer, sort, create_user, create_date, modify_user, modify_date) VALUES (80018090, 80018090, 30001008, null, '4/4', 0, 132457, CURRENT, 132457, CURRENT);
INSERT INTO review_item_comment (review_item_comment_id, resource_id, review_item_id, comment_type_id, content, extra_info, sort, create_user, create_date, modify_user, modify_date) VALUES (80018137, 80018230, 80018090, 1, 'The documentation must be updated to provide more details on the topic', NULL, 0, 132457, CURRENT, 132457, CURRENT);
INSERT INTO review (review_id, resource_id, submission_id, scorecard_id, committed, initial_score, score, create_user, create_date, modify_user, modify_date, project_phase_id) VALUES (80018091, 80018234, 80018053, 30000410, 1, 100.0, 100.0, 124835, CURRENT, 124835, CURRENT, 80018224);
INSERT INTO review_item (review_item_id, review_id, scorecard_question_id, upload_id, answer, sort, create_user, create_date, modify_user, modify_date) VALUES (80018091, 80018091, 30001000, null, '4/4', 0, 124835, CURRENT, 124835, CURRENT);
INSERT INTO review_item_comment (review_item_comment_id, resource_id, review_item_id, comment_type_id, content, extra_info, sort, create_user, create_date, modify_user, modify_date) VALUES (80018138, 80018234, 80018091, 1, 'the string should be more like *check "I want to Compete on TopCoder" option* ', NULL, 0, 124835, CURRENT, 124835, CURRENT);
INSERT INTO review (review_id, resource_id, submission_id, scorecard_id, committed, initial_score, score, create_user, create_date, modify_user, modify_date, project_phase_id) VALUES (80018092, 80018235, 80018053, 30000411, 1, 100.0, 100.0, 124835, CURRENT, 124835, CURRENT, 80018225);
INSERT INTO review_item (review_item_id, review_id, scorecard_question_id, upload_id, answer, sort, create_user, create_date, modify_user, modify_date) VALUES (80018092, 80018092, 30001001, null, '4/4', 0, 124835, CURRENT, 124835, CURRENT);
INSERT INTO review_item_comment (review_item_comment_id, resource_id, review_item_id, comment_type_id, content, extra_info, sort, create_user, create_date, modify_user, modify_date) VALUES (80018139, 80018235, 80018092, 1, 'Verification section provides the instructions just for testing the Direct web module while there are other web modules deployed and to be tested as well like /mobile, /present', NULL, 0, 124835, CURRENT, 124835, CURRENT);
INSERT INTO review_item_comment (review_item_comment_id, resource_id, review_item_id, comment_type_id, content, extra_info, sort, create_user, create_date, modify_user, modify_date) VALUES (80018140, 80018235, 80018092, 1, 'Not all web modules are deployed successfullu as requested. Also there are issues with deployed Direct application.', NULL, 0, 124835, CURRENT, 124835, CURRENT);
INSERT INTO review_item_comment (review_item_comment_id, resource_id, review_item_id, comment_type_id, content, extra_info, sort, create_user, create_date, modify_user, modify_date) VALUES (80018141, 80018235, 80018092, 1, 'web_trunk\src\main\com\topcoder\web\tc\Constants.java, seems has some encoding problem.  ------------------------- The number of seconds the ?Resend Token? button should be disabled after a click. ------------------------ *It supports a variable ?{token}? which is supposed to be replaced by the real token. --------------------------- *It supports variables - ?{userId}?, ?{key}? and ?{expiredAt}? ? that are used to construct the verification link. ------------------------- ', NULL, 0, 124835, CURRENT, 124835, CURRENT);
INSERT INTO review_item_comment (review_item_comment_id, resource_id, review_item_id, comment_type_id, content, extra_info, sort, create_user, create_date, modify_user, modify_date) VALUES (80018142, 80018235, 80018092, 1, 'web_trunk\src\main\com\topcoder\web\tc\Constants.java, seems has some encoding problem.  ------------------------- The number of seconds the ?Resend Token? button should be disabled after a click. ------------------------ *It supports a variable ?{token}? which is supposed to be replaced by the real token. --------------------------- *It supports variables - ?{userId}?, ?{key}? and ?{expiredAt}? ? that are used to construct the verification link. ------------------------- ', NULL, 0, 124835, CURRENT, 124835, CURRENT);
INSERT INTO review (review_id, resource_id, submission_id, scorecard_id, committed, initial_score, score, create_user, create_date, modify_user, modify_date, project_phase_id) VALUES (80018093, 80018236, 80018053, 30000411, 1, null, null, 124835, CURRENT, 124835, CURRENT, 80018228);
INSERT INTO review_comment (review_comment_id, resource_id, review_id, comment_type_id, content, extra_info, sort, create_user, create_date, modify_user, modify_date) VALUES (80018023, 80018231, 80018093, 8, '', NULL, 0, 124835, CURRENT, 124835, CURRENT);
INSERT INTO review_item (review_item_id, review_id, scorecard_question_id, upload_id, answer, sort, create_user, create_date, modify_user, modify_date) VALUES (80018093, 80018093, 30001001, null, '4/4', 0, 124835, CURRENT, 124835, CURRENT);
INSERT INTO review_item_comment (review_item_comment_id, resource_id, review_item_id, comment_type_id, content, extra_info, sort, create_user, create_date, modify_user, modify_date) VALUES (80018143, 80018235, 80018093, 1, 'Verification section provides the instructions just for testing the Direct web module while there are other web modules deployed and to be tested as well like /mobile, /present', 'Accept', 0, 124835, CURRENT, 124835, CURRENT);
INSERT INTO review_item_comment (review_item_comment_id, resource_id, review_item_id, comment_type_id, content, extra_info, sort, create_user, create_date, modify_user, modify_date) VALUES (80018144, 80018235, 80018093, 1, 'Not all web modules are deployed successfullu as requested. Also there are issues with deployed Direct application.', 'Accept', 0, 124835, CURRENT, 124835, CURRENT);
INSERT INTO review_item_comment (review_item_comment_id, resource_id, review_item_id, comment_type_id, content, extra_info, sort, create_user, create_date, modify_user, modify_date) VALUES (80018145, 80018235, 80018093, 1, 'web_trunk\src\main\com\topcoder\web\tc\Constants.java, seems has some encoding problem.  ------------------------- The number of seconds the ?Resend Token? button should be disabled after a click. ------------------------ *It supports a variable ?{token}? which is supposed to be replaced by the real token. --------------------------- *It supports variables - ?{userId}?, ?{key}? and ?{expiredAt}? ? that are used to construct the verification link. ------------------------- ', 'Accept', 0, 124835, CURRENT, 124835, CURRENT);
INSERT INTO review_item_comment (review_item_comment_id, resource_id, review_item_id, comment_type_id, content, extra_info, sort, create_user, create_date, modify_user, modify_date) VALUES (80018146, 80018235, 80018093, 1, 'web_trunk\src\main\com\topcoder\web\tc\Constants.java, seems has some encoding problem.  ------------------------- The number of seconds the ?Resend Token? button should be disabled after a click. ------------------------ *It supports a variable ?{token}? which is supposed to be replaced by the real token. --------------------------- *It supports variables - ?{userId}?, ?{key}? and ?{expiredAt}? ? that are used to construct the verification link. ------------------------- ', 'Accept', 0, 124835, CURRENT, 124835, CURRENT);
INSERT INTO review_item_comment (review_item_comment_id, resource_id, review_item_id, comment_type_id, content, extra_info, sort, create_user, create_date, modify_user, modify_date) VALUES (80018147, 80018236, 80018093, 6, 'The last issue does not have to be fixed as clarified by PM', NULL, 1, 124835, CURRENT, 124835, CURRENT);
INSERT INTO review (review_id, resource_id, submission_id, scorecard_id, committed, initial_score, score, create_user, create_date, modify_user, modify_date, project_phase_id) VALUES (80018094, 80018237, 80018053, 30000411, 0, null, null, 124835, CURRENT, 124835, CURRENT, 80018230);
INSERT INTO review_comment (review_comment_id, resource_id, review_id, comment_type_id, content, extra_info, sort, create_user, create_date, modify_user, modify_date) VALUES (80018024, 80018231, 80018094, 8, '', NULL, 0, 124835, CURRENT, 124835, CURRENT);
INSERT INTO review_item (review_item_id, review_id, scorecard_question_id, upload_id, answer, sort, create_user, create_date, modify_user, modify_date) VALUES (80018094, 80018094, 30001001, null, '4/4', 0, 124835, CURRENT, 124835, CURRENT);
INSERT INTO review_item_comment (review_item_comment_id, resource_id, review_item_id, comment_type_id, content, extra_info, sort, create_user, create_date, modify_user, modify_date) VALUES (80018148, 80018235, 80018094, 1, 'Verification section provides the instructions just for testing the Direct web module while there are other web modules deployed and to be tested as well like /mobile, /present', NULL, 0, 124835, CURRENT, 124835, CURRENT);
INSERT INTO review_item_comment (review_item_comment_id, resource_id, review_item_id, comment_type_id, content, extra_info, sort, create_user, create_date, modify_user, modify_date) VALUES (80018149, 80018235, 80018094, 1, 'Not all web modules are deployed successfullu as requested. Also there are issues with deployed Direct application.', NULL, 1, 124835, CURRENT, 124835, CURRENT);
INSERT INTO review_item_comment (review_item_comment_id, resource_id, review_item_id, comment_type_id, content, extra_info, sort, create_user, create_date, modify_user, modify_date) VALUES (80018150, 80018235, 80018094, 1, 'web_trunk\src\main\com\topcoder\web\tc\Constants.java, seems has some encoding problem.  ------------------------- The number of seconds the ?Resend Token? button should be disabled after a click. ------------------------ *It supports a variable ?{token}? which is supposed to be replaced by the real token. --------------------------- *It supports variables - ?{userId}?, ?{key}? and ?{expiredAt}? ? that are used to construct the verification link. ------------------------- ', NULL, 2, 124835, CURRENT, 124835, CURRENT);
INSERT INTO review_item_comment (review_item_comment_id, resource_id, review_item_id, comment_type_id, content, extra_info, sort, create_user, create_date, modify_user, modify_date) VALUES (80018151, 80018235, 80018094, 1, 'web_trunk\src\main\com\topcoder\web\tc\Constants.java, seems has some encoding problem.  ------------------------- The number of seconds the ?Resend Token? button should be disabled after a click. ------------------------ *It supports a variable ?{token}? which is supposed to be replaced by the real token. --------------------------- *It supports variables - ?{userId}?, ?{key}? and ?{expiredAt}? ? that are used to construct the verification link. ------------------------- ', NULL, 3, 124835, CURRENT, 124835, CURRENT);
INSERT INTO review_item_comment (review_item_comment_id, resource_id, review_item_id, comment_type_id, content, extra_info, sort, create_user, create_date, modify_user, modify_date) VALUES (80018152, 80018236, 80018094, 6, 'The last issue does not have to be fixed as clarified by PM', NULL, 4, 124835, CURRENT, 124835, CURRENT);
INSERT INTO notification (project_id, external_ref_id, notification_type_id, create_user, create_date, modify_user, modify_date) VALUES (80018019, 124835, 1, 132456, CURRENT, 132456, CURRENT);
INSERT INTO notification (project_id, external_ref_id, notification_type_id, create_user, create_date, modify_user, modify_date) VALUES (80018019, 80018017, 1, 132456, CURRENT, 132456, CURRENT);
INSERT INTO notification (project_id, external_ref_id, notification_type_id, create_user, create_date, modify_user, modify_date) VALUES (80018019, 80018002, 1, 132456, CURRENT, 132456, CURRENT);
INSERT INTO notification (project_id, external_ref_id, notification_type_id, create_user, create_date, modify_user, modify_date) VALUES (80018019, 132458, 1, 132456, CURRENT, 132456, CURRENT);
INSERT INTO notification (project_id, external_ref_id, notification_type_id, create_user, create_date, modify_user, modify_date) VALUES (80018019, 132456, 1, 132456, CURRENT, 132456, CURRENT);
INSERT INTO notification (project_id, external_ref_id, notification_type_id, create_user, create_date, modify_user, modify_date) VALUES (80018019, 132457, 1, 132456, CURRENT, 132456, CURRENT);
INSERT INTO notification (project_id, external_ref_id, notification_type_id, create_user, create_date, modify_user, modify_date) VALUES (80018019, 80018009, 1, 132456, CURRENT, 132456, CURRENT);
INSERT INTO notification (project_id, external_ref_id, notification_type_id, create_user, create_date, modify_user, modify_date) VALUES (80018019, 22770213, 1, 132456, CURRENT, 132456, CURRENT);
INSERT INTO contest_sale (contest_sale_id, contest_id, sale_status_id, price, paypal_order_id, create_date, sale_reference_id, sale_type_id) VALUES (80018019, 80018019, 1, 8436.0, 'PO BOX 80018001', CURRENT, 'PO BOX 80018001', 2);
INSERT INTO project_payment (project_payment_id, project_payment_type_id, resource_id, submission_id, amount, pacts_payment_id, create_user,create_date, modify_user, modify_date) VALUES (80018076, 3, 80018230, null, 50.0, null, 132456, CURRENT, 132456, CURRENT);
INSERT INTO project_payment (project_payment_id, project_payment_type_id, resource_id, submission_id, amount, pacts_payment_id, create_user,create_date, modify_user, modify_date) VALUES (80018079, 1, 80018231, 80018053, 800.0, null, 132456, CURRENT, 132456, CURRENT);
INSERT INTO project_payment (project_payment_id, project_payment_type_id, resource_id, submission_id, amount, pacts_payment_id, create_user,create_date, modify_user, modify_date) VALUES (80018077, 3, 80018234, null, 50.0, null, 132456, CURRENT, 132456, CURRENT);
INSERT INTO project_payment (project_payment_id, project_payment_type_id, resource_id, submission_id, amount, pacts_payment_id, create_user,create_date, modify_user, modify_date) VALUES (80018078, 3, 80018235, null, 250.0, null, 132456, CURRENT, 132456, CURRENT);
INSERT INTO project_payment (project_payment_id, project_payment_type_id, resource_id, submission_id, amount, pacts_payment_id, create_user,create_date, modify_user, modify_date) VALUES (80018080, 3, 80018236, null, 10.0, null, 132456, CURRENT, 132456, CURRENT);
INSERT INTO project_payment (project_payment_id, project_payment_type_id, resource_id, submission_id, amount, pacts_payment_id, create_user,create_date, modify_user, modify_date) VALUES (80018081, 4, 80018238, null, 350.0, null, 132456, CURRENT, 132456, CURRENT);
INSERT INTO contest_milestone_xref (contest_id, project_milestone_id, create_user, create_date, modify_user, modify_date) VALUES (80018019, 800180010, 132456, CURRENT, 132456, CURRENT);
INSERT INTO project_platform (project_id, project_platform_id, create_user, create_date, modify_user, modify_date) VALUES (80018019, 3, 132456, CURRENT, 132456, CURRENT);
INSERT INTO project_platform (project_id, project_platform_id, create_user, create_date, modify_user, modify_date) VALUES (80018019, 9, 132456, CURRENT, 132456, CURRENT);
INSERT INTO project_platform (project_id, project_platform_id, create_user, create_date, modify_user, modify_date) VALUES (80018019, 12, 132456, CURRENT, 132456, CURRENT);
INSERT INTO review_auction (review_auction_id, project_id, review_auction_type_id) VALUES (80028019, 80018019, 3);
INSERT INTO review_auction (review_auction_id, project_id, review_auction_type_id) VALUES (80018019, 80018019, 1);
INSERT INTO comp_catalog (component_id, current_version, short_desc, component_name, description, function_desc, create_time, status_id, root_category_id, modify_date, public_ind)  VALUES (80018020, 1, 'Short description for First2Finish Contest 20', 'First2Finish Contest 20', 'Description for First2Finish Contest 20', 'Functional description for First2Finish Contest 20', CURRENT, 1, 5801776, CURRENT, 1);
INSERT INTO comp_categories (comp_categories_id, component_id, category_id)  VALUES (80018020, 80018020, 5801776);
INSERT INTO comp_versions (comp_vers_id, component_id, version, version_text, create_time, phase_id, phase_time, price, comments, modify_date, suspended_ind) VALUES (80018020, 80018020, 1, '1.0', CURRENT, 112, CURRENT, 1200.0, 'Comments for version #1', CURRENT, 0);
INSERT INTO comp_version_dates (comp_version_dates_id, comp_vers_id, phase_id, posting_date, initial_submission_date, winner_announced_date, final_submission_date, estimated_dev_date, price, total_submissions, status_id, create_time, level_id, screening_complete_date, review_complete_date, aggregation_complete_date, phase_complete_date, production_date, aggregation_complete_date_comment, phase_complete_date_comment, review_complete_date_comment, winner_announced_date_comment, initial_submission_date_comment, screening_complete_date_comment, final_submission_date_comment, production_date_comment, modify_date) VALUES (80018020, 80018020, 112, '1976-06-05', '2000-02-01', '2000-02-01', '2000-02-01', '2000-02-01', 0.00, 0, 301, CURRENT, 100, '2000-02-01', '2000-02-01', '2000-02-01', '2000-02-01', null, null, null, null, null, null, null, null, null, CURRENT);
INSERT INTO comp_technology (comp_tech_id, comp_vers_id, technology_type_id) VALUES (800180200, 80018020, 22839202);
INSERT INTO comp_technology (comp_tech_id, comp_vers_id, technology_type_id) VALUES (800180201, 80018020, 8490750);
INSERT INTO project (project_id, project_status_id, project_category_id, create_user, create_date, modify_user, modify_date, tc_direct_project_id, project_studio_spec_id) VALUES (80018020, 1, 38, 132456, CURRENT, 132456, CURRENT, 80018001, NULL);
INSERT INTO project_info (project_id, project_info_type_id, value, create_user, create_date, modify_user, modify_date) VALUES (80018020, 1, '80018020', 132456, CURRENT, 132456, CURRENT);
INSERT INTO project_info (project_id, project_info_type_id, value, create_user, create_date, modify_user, modify_date) VALUES (80018020, 2, '80018020', 132456, CURRENT, 132456, CURRENT);
INSERT INTO project_info (project_id, project_info_type_id, value, create_user, create_date, modify_user, modify_date) VALUES (80018020, 3, '80018020', 132456, CURRENT, 132456, CURRENT);
INSERT INTO project_info (project_id, project_info_type_id, value, create_user, create_date, modify_user, modify_date) VALUES (80018020, 4, '80018021', 132456, CURRENT, 132456, CURRENT);
INSERT INTO comp_jive_category_xref (comp_vers_id, jive_category_id) VALUES (80018020, 0);
INSERT INTO project_info (project_id, project_info_type_id, value, create_user, create_date, modify_user, modify_date) VALUES (80018020, 5, '5801776', 132456, CURRENT, 132456, CURRENT);
INSERT INTO project_info (project_id, project_info_type_id, value, create_user, create_date, modify_user, modify_date) VALUES (80018020, 6, 'First2Finish Contest 20', 132456, CURRENT, 132456, CURRENT);
INSERT INTO project_info (project_id, project_info_type_id, value, create_user, create_date, modify_user, modify_date) VALUES (80018020, 7, '1.0', 132456, CURRENT, 132456, CURRENT);
INSERT INTO project_info (project_id, project_info_type_id, value, create_user, create_date, modify_user, modify_date) VALUES (80018020, 8, '', 132456, CURRENT, 132456, CURRENT);
INSERT INTO project_info (project_id, project_info_type_id, value, create_user, create_date, modify_user, modify_date) VALUES (80018020, 11, 'On', 132456, CURRENT, 132456, CURRENT);
INSERT INTO project_info (project_id, project_info_type_id, value, create_user, create_date, modify_user, modify_date) VALUES (80018020, 9, 'On', 132456, CURRENT, 132456, CURRENT);
INSERT INTO project_info (project_id, project_info_type_id, value, create_user, create_date, modify_user, modify_date) VALUES (80018020, 10, 'On', 132456, CURRENT, 132456, CURRENT);
INSERT INTO project_info (project_id, project_info_type_id, value, create_user, create_date, modify_user, modify_date) VALUES (80018020, 12, 'Yes', 132456, CURRENT, 132456, CURRENT);
INSERT INTO project_info (project_id, project_info_type_id, value, create_user, create_date, modify_user, modify_date) VALUES (80018020, 13, 'Yes', 132456, CURRENT, 132456, CURRENT);
INSERT INTO project_info (project_id, project_info_type_id, value, create_user, create_date, modify_user, modify_date) VALUES (80018020, 14, 'Open', 132456, CURRENT, 132456, CURRENT);
INSERT INTO project_info (project_id, project_info_type_id, value, create_user, create_date, modify_user, modify_date) VALUES (80018020, 16, '1200.0', 132456, CURRENT, 132456, CURRENT);
INSERT INTO project_info (project_id, project_info_type_id, value, create_user, create_date, modify_user, modify_date) VALUES (80018020, 17, '', 132456, CURRENT, 132456, CURRENT);
INSERT INTO project_info (project_id, project_info_type_id, value, create_user, create_date, modify_user, modify_date) VALUES (80018020, 26, 'On', 132456, CURRENT, 132456, CURRENT);
INSERT INTO project_info (project_id, project_info_type_id, value, create_user, create_date, modify_user, modify_date) VALUES (80018020, 30, '540.0', 132456, CURRENT, 132456, CURRENT);
INSERT INTO project_info (project_id, project_info_type_id, value, create_user, create_date, modify_user, modify_date) VALUES (80018020, 31, '6001.0', 132456, CURRENT, 132456, CURRENT);
INSERT INTO project_info (project_id, project_info_type_id, value, create_user, create_date, modify_user, modify_date) VALUES (80018020, 33, '761.0', 132456, CURRENT, 132456, CURRENT);
INSERT INTO project_info (project_id, project_info_type_id, value, create_user, create_date, modify_user, modify_date) VALUES (80018020, 35, '30.0', 132456, CURRENT, 132456, CURRENT);
INSERT INTO project_info (project_id, project_info_type_id, value, create_user, create_date, modify_user, modify_date) VALUES (80018020, 36, '1200.0', 132456, CURRENT, 132456, CURRENT);
INSERT INTO project_info (project_id, project_info_type_id, value, create_user, create_date, modify_user, modify_date) VALUES (80018020, 37, '600.0', 132456, CURRENT, 132456, CURRENT);
INSERT INTO project_info (project_id, project_info_type_id, value, create_user, create_date, modify_user, modify_date) VALUES (80018020, 45, 'true', 132456, CURRENT, 132456, CURRENT);
INSERT INTO project_info (project_id, project_info_type_id, value, create_user, create_date, modify_user, modify_date) VALUES (80018020, 47, 'true', 132456, CURRENT, 132456, CURRENT);
INSERT INTO project_info (project_id, project_info_type_id, value, create_user, create_date, modify_user, modify_date) VALUES (80018020, 38, '380.0', 132456, CURRENT, 132456, CURRENT);
INSERT INTO project_info (project_id, project_info_type_id, value, create_user, create_date, modify_user, modify_date) VALUES (80018020, 39, '0.0', 132456, CURRENT, 132456, CURRENT);
INSERT INTO project_info (project_id, project_info_type_id, value, create_user, create_date, modify_user, modify_date) VALUES (80018020, 40, 'C', 132456, CURRENT, 132456, CURRENT);
INSERT INTO project_info (project_id, project_info_type_id, value, create_user, create_date, modify_user, modify_date) VALUES (80018020, 32, '80018001', 132456, CURRENT, 132456, CURRENT);
INSERT INTO project_info (project_id, project_info_type_id, value, create_user, create_date, modify_user, modify_date) VALUES (80018020, 41, 'true', 132456, CURRENT, 132456, CURRENT);
INSERT INTO project_info (project_id, project_info_type_id, value, create_user, create_date, modify_user, modify_date) VALUES (80018020, 43, 'true', 132456, CURRENT, 132456, CURRENT);
INSERT INTO project_info (project_id, project_info_type_id, value, create_user, create_date, modify_user, modify_date) VALUES (80018020, 44, 'false', 132456, CURRENT, 132456, CURRENT);
INSERT INTO project_info (project_id, project_info_type_id, value, create_user, create_date, modify_user, modify_date) VALUES (80018020, 46, 'true', 132456, CURRENT, 132456, CURRENT);
INSERT INTO project_info (project_id, project_info_type_id, value, create_user, create_date, modify_user, modify_date) VALUES (80018020, 48, 'true', 132456, CURRENT, 132456, CURRENT);
INSERT INTO project_info (project_id, project_info_type_id, value, create_user, create_date, modify_user, modify_date) VALUES (80018020, 49, '500', 132456, CURRENT, 132456, CURRENT);
INSERT INTO project_info (project_id, project_info_type_id, value, create_user, create_date, modify_user, modify_date) VALUES (80018020, 59, 'true', 132456, CURRENT, 132456, CURRENT);
INSERT INTO project_info (project_id, project_info_type_id, value, create_user, create_date, modify_user, modify_date) VALUES (80018020, 64, '46189', 132456, CURRENT, 132456, CURRENT);
INSERT INTO prize (prize_id, place, prize_amount, prize_type_id, number_of_submissions,                    create_user, create_date, modify_user, modify_date, project_id) VALUES (80018045, 1, 1200.0, 15, 1, 132456, CURRENT, 132456, CURRENT, 80018020);
INSERT INTO prize (prize_id, place, prize_amount, prize_type_id, number_of_submissions,                    create_user, create_date, modify_user, modify_date, project_id) VALUES (80018046, 2, 600.0, 15, 1, 132456, CURRENT, 132456, CURRENT, 80018020);
INSERT INTO project_spec (project_spec_id, project_id, version, detailed_requirements, submission_deliverables, environment_setup_instruction, final_submission_guidelines, private_description, create_user, create_date, modify_user, modify_date) VALUES (80018020, 80018020, 1, 'Detailed requirements for First2Finish Contest 20', '', '', 'Final submission guidelines for First2Finish Contest 20', '', 132456, CURRENT, 132456, CURRENT);
INSERT INTO project_phase (project_phase_id, project_id, phase_type_id, phase_status_id, fixed_start_time, scheduled_start_time, scheduled_end_time, actual_start_time, actual_end_time, duration, create_user, create_date, modify_user, modify_date) VALUES (80018232, 80018020, 1, 3, CURRENT + -6480 UNITS MINUTE, CURRENT + -6480 UNITS MINUTE, CURRENT + -3600 UNITS MINUTE, CURRENT + -6480 UNITS MINUTE, CURRENT + -3600 UNITS MINUTE, 172800000, 132456, CURRENT, 132456, CURRENT);
INSERT INTO project_phase (project_phase_id, project_id, phase_type_id, phase_status_id, fixed_start_time, scheduled_start_time, scheduled_end_time, actual_start_time, actual_end_time, duration, create_user, create_date, modify_user, modify_date) VALUES (80018233, 80018020, 2, 2, null, CURRENT + -6480 UNITS MINUTE, CURRENT + 720 UNITS MINUTE, CURRENT + -6480 UNITS MINUTE, null, 432000000, 132456, CURRENT, 132456, CURRENT);
INSERT INTO project_phase (project_phase_id, project_id, phase_type_id, phase_status_id, fixed_start_time, scheduled_start_time, scheduled_end_time, actual_start_time, actual_end_time, duration, create_user, create_date, modify_user, modify_date) VALUES (80018234, 80018020, 18, 1, null, CURRENT + -6480 UNITS MINUTE, CURRENT + -5760 UNITS MINUTE, null, null, 43200000, 132456, CURRENT, 132456, CURRENT);
INSERT INTO project_phase (project_phase_id, project_id, phase_type_id, phase_status_id, fixed_start_time, scheduled_start_time, scheduled_end_time, actual_start_time, actual_end_time, duration, create_user, create_date, modify_user, modify_date) VALUES (80018235, 80018020, 7, 1, null, CURRENT + 33 UNITS MINUTE, CURRENT + 753 UNITS MINUTE, null, null, 43200000, 132456, CURRENT, 132456, CURRENT);
INSERT INTO project_phase (project_phase_id, project_id, phase_type_id, phase_status_id, fixed_start_time, scheduled_start_time, scheduled_end_time, actual_start_time, actual_end_time, duration, create_user, create_date, modify_user, modify_date) VALUES (80018236, 80018020, 9, 1, null, CURRENT + 753 UNITS MINUTE, CURRENT + 2193 UNITS MINUTE, null, null, 86400000, 132456, CURRENT, 132456, CURRENT);
INSERT INTO project_phase (project_phase_id, project_id, phase_type_id, phase_status_id, fixed_start_time, scheduled_start_time, scheduled_end_time, actual_start_time, actual_end_time, duration, create_user, create_date, modify_user, modify_date) VALUES (80018237, 80018020, 10, 1, null, CURRENT + 2193 UNITS MINUTE, CURRENT + 2913 UNITS MINUTE, null, null, 43200000, 132456, CURRENT, 132456, CURRENT);
INSERT INTO project_phase (project_phase_id, project_id, phase_type_id, phase_status_id, fixed_start_time, scheduled_start_time, scheduled_end_time, actual_start_time, actual_end_time, duration, create_user, create_date, modify_user, modify_date) VALUES (80018238, 80018020, 11, 1, null, CURRENT + 2913 UNITS MINUTE, CURRENT + 10113 UNITS MINUTE, null, null, 432000000, 132456, CURRENT, 132456, CURRENT);
INSERT INTO phase_dependency (dependency_phase_id, dependent_phase_id, dependency_start, dependent_start, lag_time, create_user, create_date, modify_user, modify_date) VALUES (80018232, 80018233, 1, 1, 0, 132456, CURRENT, 132456, CURRENT);
INSERT INTO phase_dependency (dependency_phase_id, dependent_phase_id, dependency_start, dependent_start, lag_time, create_user, create_date, modify_user, modify_date) VALUES (80018233, 80018234, 1, 1, 0, 132456, CURRENT, 132456, CURRENT);
INSERT INTO phase_dependency (dependency_phase_id, dependent_phase_id, dependency_start, dependent_start, lag_time, create_user, create_date, modify_user, modify_date) VALUES (80018235, 80018236, 0, 1, 0, 132456, CURRENT, 132456, CURRENT);
INSERT INTO phase_dependency (dependency_phase_id, dependent_phase_id, dependency_start, dependent_start, lag_time, create_user, create_date, modify_user, modify_date) VALUES (80018236, 80018237, 0, 1, 0, 132456, CURRENT, 132456, CURRENT);
INSERT INTO phase_dependency (dependency_phase_id, dependent_phase_id, dependency_start, dependent_start, lag_time, create_user, create_date, modify_user, modify_date) VALUES (80018237, 80018238, 0, 1, 0, 132456, CURRENT, 132456, CURRENT);
INSERT INTO phase_criteria (project_phase_id, phase_criteria_type_id, parameter, create_user, create_date, modify_user, modify_date) VALUES (80018232, 2, '0', 132456, CURRENT, 132456, CURRENT);
INSERT INTO phase_criteria (project_phase_id, phase_criteria_type_id, parameter, create_user, create_date, modify_user, modify_date) VALUES (80018232, 5, 'No', 132456, CURRENT, 132456, CURRENT);
INSERT INTO phase_criteria (project_phase_id, phase_criteria_type_id, parameter, create_user, create_date, modify_user, modify_date) VALUES (80018233, 3, '0', 132456, CURRENT, 132456, CURRENT);
INSERT INTO phase_criteria (project_phase_id, phase_criteria_type_id, parameter, create_user, create_date, modify_user, modify_date) VALUES (80018233, 5, 'Yes', 132456, CURRENT, 132456, CURRENT);
INSERT INTO phase_criteria (project_phase_id, phase_criteria_type_id, parameter, create_user, create_date, modify_user, modify_date) VALUES (80018234, 1, '30000419', 132456, CURRENT, 132456, CURRENT);
INSERT INTO phase_criteria (project_phase_id, phase_criteria_type_id, parameter, create_user, create_date, modify_user, modify_date) VALUES (80018234, 5, 'No', 132456, CURRENT, 132456, CURRENT);
INSERT INTO phase_criteria (project_phase_id, phase_criteria_type_id, parameter, create_user, create_date, modify_user, modify_date) VALUES (80018234, 6, '3', 132456, CURRENT, 132456, CURRENT);
INSERT INTO phase_criteria (project_phase_id, phase_criteria_type_id, parameter, create_user, create_date, modify_user, modify_date) VALUES (80018235, 5, 'No', 132456, CURRENT, 132456, CURRENT);
INSERT INTO phase_criteria (project_phase_id, phase_criteria_type_id, parameter, create_user, create_date, modify_user, modify_date) VALUES (80018236, 5, 'No', 132456, CURRENT, 132456, CURRENT);
INSERT INTO phase_criteria (project_phase_id, phase_criteria_type_id, parameter, create_user, create_date, modify_user, modify_date) VALUES (80018237, 5, 'No', 132456, CURRENT, 132456, CURRENT);
INSERT INTO phase_criteria (project_phase_id, phase_criteria_type_id, parameter, create_user, create_date, modify_user, modify_date) VALUES (80018238, 1, '30000720', 132456, CURRENT, 132456, CURRENT);
INSERT INTO phase_criteria (project_phase_id, phase_criteria_type_id, parameter, create_user, create_date, modify_user, modify_date) VALUES (80018238, 6, '1', 132456, CURRENT, 132456, CURRENT);
INSERT INTO resource (resource_id, resource_role_id, project_id, project_phase_id, create_user, create_date, modify_user, modify_date, user_id) VALUES (80018240, 13, 80018020, NULL, 132456, CURRENT, 132456, CURRENT, 132456);
INSERT INTO resource (resource_id, resource_role_id, project_id, project_phase_id, create_user, create_date, modify_user, modify_date, user_id) VALUES (80018241, 13, 80018020, NULL, 132456, CURRENT, 132456, CURRENT, 22770213);
INSERT INTO resource (resource_id, resource_role_id, project_id, project_phase_id, create_user, create_date, modify_user, modify_date, user_id) VALUES (80018242, 1, 80018020, NULL, 132456, CURRENT, 132456, CURRENT, 80018018);
INSERT INTO component_inquiry (component_inquiry_id, component_id, user_id, comment, agreed_to_terms, rating, phase, tc_user_id, version, create_time, project_id) VALUES (80018054, 80018020, 80018018, null, 1, 0, 149, 80018018, 0, CURRENT, 80018020);
INSERT INTO project_result (user_id, project_id, old_rating, new_rating, raw_score, final_score, payment, placed, rating_ind, valid_submission_ind, create_date, modify_date, passed_review_ind, point_adjustment, rating_order) VALUES (80018018, 80018020, null, null, null, null, null, null, 0, 0, CURRENT, CURRENT, null, null, null);
UPDATE user_rating SET rating = 0 WHERE user_id = 80018018 AND phase_id = 149;
INSERT INTO resource (resource_id, resource_role_id, project_id, project_phase_id, create_user, create_date, modify_user, modify_date, user_id) VALUES (80018243, 1, 80018020, NULL, 132456, CURRENT, 132456, CURRENT, 80018015);
INSERT INTO component_inquiry (component_inquiry_id, component_id, user_id, comment, agreed_to_terms, rating, phase, tc_user_id, version, create_time, project_id) VALUES (80018055, 80018020, 80018015, null, 1, 2861, 149, 80018015, 0, CURRENT, 80018020);
INSERT INTO project_result (user_id, project_id, old_rating, new_rating, raw_score, final_score, payment, placed, rating_ind, valid_submission_ind, create_date, modify_date, passed_review_ind, point_adjustment, rating_order) VALUES (80018015, 80018020, 2861, null, null, null, null, null, 0, 0, CURRENT, CURRENT, null, null, null);
UPDATE user_rating SET rating = 2861 WHERE user_id = 80018015 AND phase_id = 149;
INSERT INTO resource (resource_id, resource_role_id, project_id, project_phase_id, create_user, create_date, modify_user, modify_date, user_id) VALUES (80018244, 8, 80018020, 80018235, 132456, CURRENT, 132456, CURRENT, 124852);
INSERT INTO resource (resource_id, resource_role_id, project_id, project_phase_id, create_user, create_date, modify_user, modify_date, user_id) VALUES (80018245, 9, 80018020, 80018237, 132456, CURRENT, 132456, CURRENT, 124852);
INSERT INTO resource (resource_id, resource_role_id, project_id, project_phase_id, create_user, create_date, modify_user, modify_date, user_id) VALUES (80018246, 14, 80018020, NULL, 132456, CURRENT, 132456, CURRENT, 132456);
INSERT INTO resource (resource_id, resource_role_id, project_id, project_phase_id, create_user, create_date, modify_user, modify_date, user_id) VALUES (80018247, 10, 80018020, NULL, 132456, CURRENT, 132456, CURRENT, 132458);
INSERT INTO resource_info (resource_id, resource_info_type_id, value, create_user, create_date, modify_user, modify_date) VALUES (80018240, 1, '132456', 132456, CURRENT, 132456, CURRENT);
INSERT INTO resource_info (resource_id, resource_info_type_id, value, create_user, create_date, modify_user, modify_date) VALUES (80018240, 2, 'heffan', 132456, CURRENT, 132456, CURRENT);
INSERT INTO resource_info (resource_id, resource_info_type_id, value, create_user, create_date, modify_user, modify_date) VALUES (80018240, 8, 'N/A', 132456, CURRENT, 132456, CURRENT);
INSERT INTO resource_info (resource_id, resource_info_type_id, value, create_user, create_date, modify_user, modify_date) VALUES (80018240, 6, '05.12.2016 03:16 AM', 132456, CURRENT, 132456, CURRENT);
INSERT INTO resource_info (resource_id, resource_info_type_id, value, create_user, create_date, modify_user, modify_date) VALUES (80018241, 1, '22770213', 132456, CURRENT, 132456, CURRENT);
INSERT INTO resource_info (resource_id, resource_info_type_id, value, create_user, create_date, modify_user, modify_date) VALUES (80018241, 2, 'Applications', 132456, CURRENT, 132456, CURRENT);
INSERT INTO resource_info (resource_id, resource_info_type_id, value, create_user, create_date, modify_user, modify_date) VALUES (80018241, 8, 'N/A', 132456, CURRENT, 132456, CURRENT);
INSERT INTO resource_info (resource_id, resource_info_type_id, value, create_user, create_date, modify_user, modify_date) VALUES (80018241, 6, '05.12.2016 03:17 AM', 132456, CURRENT, 132456, CURRENT);
INSERT INTO resource_info (resource_id, resource_info_type_id, value, create_user, create_date, modify_user, modify_date) VALUES (80018242, 1, '80018018', 132456, CURRENT, 132456, CURRENT);
INSERT INTO resource_info (resource_id, resource_info_type_id, value, create_user, create_date, modify_user, modify_date) VALUES (80018242, 2, 'jwlms80018018', 132456, CURRENT, 132456, CURRENT);
INSERT INTO resource_info (resource_id, resource_info_type_id, value, create_user, create_date, modify_user, modify_date) VALUES (80018242, 3, 'test@test.com', 132456, CURRENT, 132456, CURRENT);
INSERT INTO resource_info (resource_id, resource_info_type_id, value, create_user, create_date, modify_user, modify_date) VALUES (80018242, 8, 'N/A', 132456, CURRENT, 132456, CURRENT);
INSERT INTO resource_info (resource_id, resource_info_type_id, value, create_user, create_date, modify_user, modify_date) VALUES (80018242, 6, '05.12.2016 03:18 AM', 132456, CURRENT, 132456, CURRENT);
INSERT INTO resource_info (resource_id, resource_info_type_id, value, create_user, create_date, modify_user, modify_date) VALUES (80018242, 13, 'No', 132456, CURRENT, 132456, CURRENT);
INSERT INTO resource_info (resource_id, resource_info_type_id, value, create_user, create_date, modify_user, modify_date) VALUES (80018243, 1, '80018015', 132456, CURRENT, 132456, CURRENT);
INSERT INTO resource_info (resource_id, resource_info_type_id, value, create_user, create_date, modify_user, modify_date) VALUES (80018243, 2, 'Pops80018015', 132456, CURRENT, 132456, CURRENT);
INSERT INTO resource_info (resource_id, resource_info_type_id, value, create_user, create_date, modify_user, modify_date) VALUES (80018243, 3, 'test@test.com', 132456, CURRENT, 132456, CURRENT);
INSERT INTO resource_info (resource_id, resource_info_type_id, value, create_user, create_date, modify_user, modify_date) VALUES (80018243, 4, '2861', 132456, CURRENT, 132456, CURRENT);
INSERT INTO resource_info (resource_id, resource_info_type_id, value, create_user, create_date, modify_user, modify_date) VALUES (80018243, 5, '13', 132456, CURRENT, 132456, CURRENT);
INSERT INTO resource_info (resource_id, resource_info_type_id, value, create_user, create_date, modify_user, modify_date) VALUES (80018243, 8, 'N/A', 132456, CURRENT, 132456, CURRENT);
INSERT INTO resource_info (resource_id, resource_info_type_id, value, create_user, create_date, modify_user, modify_date) VALUES (80018243, 6, '05.12.2016 03:19 AM', 132456, CURRENT, 132456, CURRENT);
INSERT INTO resource_info (resource_id, resource_info_type_id, value, create_user, create_date, modify_user, modify_date) VALUES (80018243, 13, 'No', 132456, CURRENT, 132456, CURRENT);
INSERT INTO resource_info (resource_id, resource_info_type_id, value, create_user, create_date, modify_user, modify_date) VALUES (80018244, 1, '124852', 132456, CURRENT, 132456, CURRENT);
INSERT INTO resource_info (resource_id, resource_info_type_id, value, create_user, create_date, modify_user, modify_date) VALUES (80018244, 2, 'plinehan', 132456, CURRENT, 132456, CURRENT);
INSERT INTO resource_info (resource_id, resource_info_type_id, value, create_user, create_date, modify_user, modify_date) VALUES (80018244, 8, 'N/A', 132456, CURRENT, 132456, CURRENT);
INSERT INTO resource_info (resource_id, resource_info_type_id, value, create_user, create_date, modify_user, modify_date) VALUES (80018244, 6, '05.12.2016 03:53 AM', 132456, CURRENT, 132456, CURRENT);
INSERT INTO resource_info (resource_id, resource_info_type_id, value, create_user, create_date, modify_user, modify_date) VALUES (80018245, 1, '124852', 132456, CURRENT, 132456, CURRENT);
INSERT INTO resource_info (resource_id, resource_info_type_id, value, create_user, create_date, modify_user, modify_date) VALUES (80018245, 2, 'plinehan', 132456, CURRENT, 132456, CURRENT);
INSERT INTO resource_info (resource_id, resource_info_type_id, value, create_user, create_date, modify_user, modify_date) VALUES (80018245, 8, 'N/A', 132456, CURRENT, 132456, CURRENT);
INSERT INTO resource_info (resource_id, resource_info_type_id, value, create_user, create_date, modify_user, modify_date) VALUES (80018245, 6, '05.13.2016 03:54 PM', 132456, CURRENT, 132456, CURRENT);
INSERT INTO resource_info (resource_id, resource_info_type_id, value, create_user, create_date, modify_user, modify_date) VALUES (80018246, 1, '132456', 132456, CURRENT, 132456, CURRENT);
INSERT INTO resource_info (resource_id, resource_info_type_id, value, create_user, create_date, modify_user, modify_date) VALUES (80018246, 2, 'heffan', 132456, CURRENT, 132456, CURRENT);
INSERT INTO resource_info (resource_id, resource_info_type_id, value, create_user, create_date, modify_user, modify_date) VALUES (80018246, 8, 'N/A', 132456, CURRENT, 132456, CURRENT);
INSERT INTO resource_info (resource_id, resource_info_type_id, value, create_user, create_date, modify_user, modify_date) VALUES (80018246, 6, '05.12.2016 03:22 AM', 132456, CURRENT, 132456, CURRENT);
INSERT INTO resource_info (resource_id, resource_info_type_id, value, create_user, create_date, modify_user, modify_date) VALUES (80018247, 1, '132458', 132456, CURRENT, 132456, CURRENT);
INSERT INTO resource_info (resource_id, resource_info_type_id, value, create_user, create_date, modify_user, modify_date) VALUES (80018247, 2, 'user', 132456, CURRENT, 132456, CURRENT);
INSERT INTO resource_info (resource_id, resource_info_type_id, value, create_user, create_date, modify_user, modify_date) VALUES (80018247, 8, 'N/A', 132456, CURRENT, 132456, CURRENT);
INSERT INTO resource_info (resource_id, resource_info_type_id, value, create_user, create_date, modify_user, modify_date) VALUES (80018247, 6, '05.12.2016 03:23 AM', 132456, CURRENT, 132456, CURRENT);
INSERT INTO notification (project_id, external_ref_id, notification_type_id, create_user, create_date, modify_user, modify_date) VALUES (80018020, 124852, 1, 132456, CURRENT, 132456, CURRENT);
INSERT INTO notification (project_id, external_ref_id, notification_type_id, create_user, create_date, modify_user, modify_date) VALUES (80018020, 80018018, 1, 132456, CURRENT, 132456, CURRENT);
INSERT INTO notification (project_id, external_ref_id, notification_type_id, create_user, create_date, modify_user, modify_date) VALUES (80018020, 132458, 1, 132456, CURRENT, 132456, CURRENT);
INSERT INTO notification (project_id, external_ref_id, notification_type_id, create_user, create_date, modify_user, modify_date) VALUES (80018020, 132456, 1, 132456, CURRENT, 132456, CURRENT);
INSERT INTO notification (project_id, external_ref_id, notification_type_id, create_user, create_date, modify_user, modify_date) VALUES (80018020, 80018015, 1, 132456, CURRENT, 132456, CURRENT);
INSERT INTO notification (project_id, external_ref_id, notification_type_id, create_user, create_date, modify_user, modify_date) VALUES (80018020, 22770213, 1, 132456, CURRENT, 132456, CURRENT);
INSERT INTO contest_sale (contest_sale_id, contest_id, sale_status_id, price, paypal_order_id, create_date, sale_reference_id, sale_type_id) VALUES (80018020, 80018020, 1, 9512.0, 'PO BOX 80018001', CURRENT, 'PO BOX 80018001', 2);
INSERT INTO project_payment (project_payment_id, project_payment_type_id, resource_id, submission_id, amount, pacts_payment_id, create_user,create_date, modify_user, modify_date) VALUES (80018082, 4, 80018246, null, 350.0, null, 132456, CURRENT, 132456, CURRENT);
INSERT INTO contest_milestone_xref (contest_id, project_milestone_id, create_user, create_date, modify_user, modify_date) VALUES (80018020, 800180010, 132456, CURRENT, 132456, CURRENT);
INSERT INTO project_platform (project_id, project_platform_id, create_user, create_date, modify_user, modify_date) VALUES (80018020, 23, 132456, CURRENT, 132456, CURRENT);
INSERT INTO project_platform (project_id, project_platform_id, create_user, create_date, modify_user, modify_date) VALUES (80018020, 17, 132456, CURRENT, 132456, CURRENT);
INSERT INTO review_auction (review_auction_id, project_id, review_auction_type_id) VALUES (80018020, 80018020, 1);
INSERT INTO comp_catalog (component_id, current_version, short_desc, component_name, description, function_desc, create_time, status_id, root_category_id, modify_date, public_ind)  VALUES (80018021, 1, 'Short description for Code Contest 21', 'Code Contest 21', 'Description for Code Contest 21', 'Functional description for Code Contest 21', CURRENT, 1, 27202911, CURRENT, 1);
INSERT INTO comp_categories (comp_categories_id, component_id, category_id)  VALUES (80018021, 80018021, 27202911);
INSERT INTO comp_versions (comp_vers_id, component_id, version, version_text, create_time, phase_id, phase_time, price, comments, modify_date, suspended_ind) VALUES (80018021, 80018021, 1, '1.0', CURRENT, 112, CURRENT, 800.0, 'Comments for version #1', CURRENT, 0);
INSERT INTO comp_version_dates (comp_version_dates_id, comp_vers_id, phase_id, posting_date, initial_submission_date, winner_announced_date, final_submission_date, estimated_dev_date, price, total_submissions, status_id, create_time, level_id, screening_complete_date, review_complete_date, aggregation_complete_date, phase_complete_date, production_date, aggregation_complete_date_comment, phase_complete_date_comment, review_complete_date_comment, winner_announced_date_comment, initial_submission_date_comment, screening_complete_date_comment, final_submission_date_comment, production_date_comment, modify_date) VALUES (80018021, 80018021, 112, '1976-06-05', '2000-02-01', '2000-02-01', '2000-02-01', '2000-02-01', 0.00, 0, 301, CURRENT, 100, '2000-02-01', '2000-02-01', '2000-02-01', '2000-02-01', null, null, null, null, null, null, null, null, null, CURRENT);
INSERT INTO comp_technology (comp_tech_id, comp_vers_id, technology_type_id) VALUES (800180210, 80018021, 27114506);
INSERT INTO project (project_id, project_status_id, project_category_id, create_user, create_date, modify_user, modify_date, tc_direct_project_id, project_studio_spec_id) VALUES (80018021, 1, 39, 132456, CURRENT, 132456, CURRENT, 80018001, NULL);
INSERT INTO project_info (project_id, project_info_type_id, value, create_user, create_date, modify_user, modify_date) VALUES (80018021, 1, '80018021', 132456, CURRENT, 132456, CURRENT);
INSERT INTO project_info (project_id, project_info_type_id, value, create_user, create_date, modify_user, modify_date) VALUES (80018021, 2, '80018021', 132456, CURRENT, 132456, CURRENT);
INSERT INTO project_info (project_id, project_info_type_id, value, create_user, create_date, modify_user, modify_date) VALUES (80018021, 3, '80018021', 132456, CURRENT, 132456, CURRENT);
INSERT INTO project_info (project_id, project_info_type_id, value, create_user, create_date, modify_user, modify_date) VALUES (80018021, 4, '80018022', 132456, CURRENT, 132456, CURRENT);
INSERT INTO comp_jive_category_xref (comp_vers_id, jive_category_id) VALUES (80018021, 0);
INSERT INTO project_info (project_id, project_info_type_id, value, create_user, create_date, modify_user, modify_date) VALUES (80018021, 5, '27202911', 132456, CURRENT, 132456, CURRENT);
INSERT INTO project_info (project_id, project_info_type_id, value, create_user, create_date, modify_user, modify_date) VALUES (80018021, 6, 'Code Contest 21', 132456, CURRENT, 132456, CURRENT);
INSERT INTO project_info (project_id, project_info_type_id, value, create_user, create_date, modify_user, modify_date) VALUES (80018021, 7, '1.0', 132456, CURRENT, 132456, CURRENT);
INSERT INTO project_info (project_id, project_info_type_id, value, create_user, create_date, modify_user, modify_date) VALUES (80018021, 8, '', 132456, CURRENT, 132456, CURRENT);
INSERT INTO project_info (project_id, project_info_type_id, value, create_user, create_date, modify_user, modify_date) VALUES (80018021, 11, 'On', 132456, CURRENT, 132456, CURRENT);
INSERT INTO project_info (project_id, project_info_type_id, value, create_user, create_date, modify_user, modify_date) VALUES (80018021, 9, 'On', 132456, CURRENT, 132456, CURRENT);
INSERT INTO project_info (project_id, project_info_type_id, value, create_user, create_date, modify_user, modify_date) VALUES (80018021, 10, 'On', 132456, CURRENT, 132456, CURRENT);
INSERT INTO project_info (project_id, project_info_type_id, value, create_user, create_date, modify_user, modify_date) VALUES (80018021, 12, 'Yes', 132456, CURRENT, 132456, CURRENT);
INSERT INTO project_info (project_id, project_info_type_id, value, create_user, create_date, modify_user, modify_date) VALUES (80018021, 13, 'Yes', 132456, CURRENT, 132456, CURRENT);
INSERT INTO project_info (project_id, project_info_type_id, value, create_user, create_date, modify_user, modify_date) VALUES (80018021, 14, 'Open', 132456, CURRENT, 132456, CURRENT);
INSERT INTO project_info (project_id, project_info_type_id, value, create_user, create_date, modify_user, modify_date) VALUES (80018021, 16, '800.0', 132456, CURRENT, 132456, CURRENT);
INSERT INTO project_info (project_id, project_info_type_id, value, create_user, create_date, modify_user, modify_date) VALUES (80018021, 17, '', 132456, CURRENT, 132456, CURRENT);
INSERT INTO project_info (project_id, project_info_type_id, value, create_user, create_date, modify_user, modify_date) VALUES (80018021, 26, 'On', 132456, CURRENT, 132456, CURRENT);
INSERT INTO project_info (project_id, project_info_type_id, value, create_user, create_date, modify_user, modify_date) VALUES (80018021, 30, '360.0', 132456, CURRENT, 132456, CURRENT);
INSERT INTO project_info (project_id, project_info_type_id, value, create_user, create_date, modify_user, modify_date) VALUES (80018021, 31, '6001.0', 132456, CURRENT, 132456, CURRENT);
INSERT INTO project_info (project_id, project_info_type_id, value, create_user, create_date, modify_user, modify_date) VALUES (80018021, 33, '605.0', 132456, CURRENT, 132456, CURRENT);
INSERT INTO project_info (project_id, project_info_type_id, value, create_user, create_date, modify_user, modify_date) VALUES (80018021, 35, '30.0', 132456, CURRENT, 132456, CURRENT);
INSERT INTO project_info (project_id, project_info_type_id, value, create_user, create_date, modify_user, modify_date) VALUES (80018021, 36, '800.0', 132456, CURRENT, 132456, CURRENT);
INSERT INTO project_info (project_id, project_info_type_id, value, create_user, create_date, modify_user, modify_date) VALUES (80018021, 37, '400.0', 132456, CURRENT, 132456, CURRENT);
INSERT INTO project_info (project_id, project_info_type_id, value, create_user, create_date, modify_user, modify_date) VALUES (80018021, 45, 'true', 132456, CURRENT, 132456, CURRENT);
INSERT INTO project_info (project_id, project_info_type_id, value, create_user, create_date, modify_user, modify_date) VALUES (80018021, 47, 'true', 132456, CURRENT, 132456, CURRENT);
INSERT INTO project_info (project_id, project_info_type_id, value, create_user, create_date, modify_user, modify_date) VALUES (80018021, 38, '240.0', 132456, CURRENT, 132456, CURRENT);
INSERT INTO project_info (project_id, project_info_type_id, value, create_user, create_date, modify_user, modify_date) VALUES (80018021, 39, '0.0', 132456, CURRENT, 132456, CURRENT);
INSERT INTO project_info (project_id, project_info_type_id, value, create_user, create_date, modify_user, modify_date) VALUES (80018021, 40, 'A', 132456, CURRENT, 132456, CURRENT);
INSERT INTO project_info (project_id, project_info_type_id, value, create_user, create_date, modify_user, modify_date) VALUES (80018021, 32, '80018001', 132456, CURRENT, 132456, CURRENT);
INSERT INTO project_info (project_id, project_info_type_id, value, create_user, create_date, modify_user, modify_date) VALUES (80018021, 41, 'true', 132456, CURRENT, 132456, CURRENT);
INSERT INTO project_info (project_id, project_info_type_id, value, create_user, create_date, modify_user, modify_date) VALUES (80018021, 43, 'true', 132456, CURRENT, 132456, CURRENT);
INSERT INTO project_info (project_id, project_info_type_id, value, create_user, create_date, modify_user, modify_date) VALUES (80018021, 44, 'false', 132456, CURRENT, 132456, CURRENT);
INSERT INTO project_info (project_id, project_info_type_id, value, create_user, create_date, modify_user, modify_date) VALUES (80018021, 46, 'true', 132456, CURRENT, 132456, CURRENT);
INSERT INTO project_info (project_id, project_info_type_id, value, create_user, create_date, modify_user, modify_date) VALUES (80018021, 48, 'true', 132456, CURRENT, 132456, CURRENT);
INSERT INTO project_info (project_id, project_info_type_id, value, create_user, create_date, modify_user, modify_date) VALUES (80018021, 49, '500', 132456, CURRENT, 132456, CURRENT);
INSERT INTO project_info (project_id, project_info_type_id, value, create_user, create_date, modify_user, modify_date) VALUES (80018021, 59, 'true', 132456, CURRENT, 132456, CURRENT);
INSERT INTO project_info (project_id, project_info_type_id, value, create_user, create_date, modify_user, modify_date) VALUES (80018021, 64, '14952', 132456, CURRENT, 132456, CURRENT);
INSERT INTO prize (prize_id, place, prize_amount, prize_type_id, number_of_submissions,                    create_user, create_date, modify_user, modify_date, project_id) VALUES (80018047, 1, 800.0, 15, 1, 132456, CURRENT, 132456, CURRENT, 80018021);
INSERT INTO prize (prize_id, place, prize_amount, prize_type_id, number_of_submissions,                    create_user, create_date, modify_user, modify_date, project_id) VALUES (80018048, 2, 400.0, 15, 1, 132456, CURRENT, 132456, CURRENT, 80018021);
INSERT INTO project_spec (project_spec_id, project_id, version, detailed_requirements, submission_deliverables, environment_setup_instruction, final_submission_guidelines, private_description, create_user, create_date, modify_user, modify_date) VALUES (80018021, 80018021, 1, 'Detailed requirements for Code Contest 21', '', '', 'Final submission guidelines for Code Contest 21', '', 132456, CURRENT, 132456, CURRENT);
INSERT INTO project_phase (project_phase_id, project_id, phase_type_id, phase_status_id, fixed_start_time, scheduled_start_time, scheduled_end_time, actual_start_time, actual_end_time, duration, create_user, create_date, modify_user, modify_date) VALUES (80018239, 80018021, 13, 3, CURRENT + -15240 UNITS MINUTE, CURRENT + -15240 UNITS MINUTE, CURRENT + -12360 UNITS MINUTE, CURRENT + -15240 UNITS MINUTE, CURRENT + -12360 UNITS MINUTE, 172800000, 132456, CURRENT, 132456, CURRENT);
INSERT INTO project_phase (project_phase_id, project_id, phase_type_id, phase_status_id, fixed_start_time, scheduled_start_time, scheduled_end_time, actual_start_time, actual_end_time, duration, create_user, create_date, modify_user, modify_date) VALUES (80018240, 80018021, 14, 3, null, CURRENT + -12360 UNITS MINUTE, CURRENT + -12240 UNITS MINUTE, CURRENT + -12360 UNITS MINUTE, CURRENT + -12240 UNITS MINUTE, 7200000, 132456, CURRENT, 132456, CURRENT);
INSERT INTO project_phase (project_phase_id, project_id, phase_type_id, phase_status_id, fixed_start_time, scheduled_start_time, scheduled_end_time, actual_start_time, actual_end_time, duration, create_user, create_date, modify_user, modify_date) VALUES (80018241, 80018021, 1, 3, CURRENT + -12240 UNITS MINUTE, CURRENT + -12240 UNITS MINUTE, CURRENT + -9360 UNITS MINUTE, CURRENT + -12240 UNITS MINUTE, CURRENT + -9360 UNITS MINUTE, 172800000, 132456, CURRENT, 132456, CURRENT);
INSERT INTO project_phase (project_phase_id, project_id, phase_type_id, phase_status_id, fixed_start_time, scheduled_start_time, scheduled_end_time, actual_start_time, actual_end_time, duration, create_user, create_date, modify_user, modify_date) VALUES (80018242, 80018021, 2, 3, null, CURRENT + -12240 UNITS MINUTE, CURRENT + -5040 UNITS MINUTE, CURRENT + -12240 UNITS MINUTE, CURRENT + -5040 UNITS MINUTE, 432000000, 132456, CURRENT, 132456, CURRENT);
INSERT INTO project_phase (project_phase_id, project_id, phase_type_id, phase_status_id, fixed_start_time, scheduled_start_time, scheduled_end_time, actual_start_time, actual_end_time, duration, create_user, create_date, modify_user, modify_date) VALUES (80018243, 80018021, 3, 3, null, CURRENT + -5040 UNITS MINUTE, CURRENT + -4320 UNITS MINUTE, CURRENT + -5040 UNITS MINUTE, CURRENT + -4320 UNITS MINUTE, 43200000, 132456, CURRENT, 132456, CURRENT);
INSERT INTO project_phase (project_phase_id, project_id, phase_type_id, phase_status_id, fixed_start_time, scheduled_start_time, scheduled_end_time, actual_start_time, actual_end_time, duration, create_user, create_date, modify_user, modify_date) VALUES (80018244, 80018021, 4, 2, null, CURRENT + -4320 UNITS MINUTE, CURRENT + -1440 UNITS MINUTE, CURRENT + -4320 UNITS MINUTE, null, 172800000, 132456, CURRENT, 132456, CURRENT);
INSERT INTO project_phase (project_phase_id, project_id, phase_type_id, phase_status_id, fixed_start_time, scheduled_start_time, scheduled_end_time, actual_start_time, actual_end_time, duration, create_user, create_date, modify_user, modify_date) VALUES (80018245, 80018021, 5, 1, null, CURRENT + -1440 UNITS MINUTE, CURRENT + 0 UNITS MINUTE, null, null, 86400000, 132456, CURRENT, 132456, CURRENT);
INSERT INTO project_phase (project_phase_id, project_id, phase_type_id, phase_status_id, fixed_start_time, scheduled_start_time, scheduled_end_time, actual_start_time, actual_end_time, duration, create_user, create_date, modify_user, modify_date) VALUES (80018246, 80018021, 6, 1, null, CURRENT + 0 UNITS MINUTE, CURRENT + 720 UNITS MINUTE, null, null, 43200000, 132456, CURRENT, 132456, CURRENT);
INSERT INTO project_phase (project_phase_id, project_id, phase_type_id, phase_status_id, fixed_start_time, scheduled_start_time, scheduled_end_time, actual_start_time, actual_end_time, duration, create_user, create_date, modify_user, modify_date) VALUES (80018247, 80018021, 7, 1, null, CURRENT + 720 UNITS MINUTE, CURRENT + 1440 UNITS MINUTE, null, null, 43200000, 132456, CURRENT, 132456, CURRENT);
INSERT INTO project_phase (project_phase_id, project_id, phase_type_id, phase_status_id, fixed_start_time, scheduled_start_time, scheduled_end_time, actual_start_time, actual_end_time, duration, create_user, create_date, modify_user, modify_date) VALUES (80018248, 80018021, 9, 1, null, CURRENT + 1440 UNITS MINUTE, CURRENT + 2880 UNITS MINUTE, null, null, 86400000, 132456, CURRENT, 132456, CURRENT);
INSERT INTO project_phase (project_phase_id, project_id, phase_type_id, phase_status_id, fixed_start_time, scheduled_start_time, scheduled_end_time, actual_start_time, actual_end_time, duration, create_user, create_date, modify_user, modify_date) VALUES (80018249, 80018021, 10, 1, null, CURRENT + 2880 UNITS MINUTE, CURRENT + 3600 UNITS MINUTE, null, null, 43200000, 132456, CURRENT, 132456, CURRENT);
INSERT INTO project_phase (project_phase_id, project_id, phase_type_id, phase_status_id, fixed_start_time, scheduled_start_time, scheduled_end_time, actual_start_time, actual_end_time, duration, create_user, create_date, modify_user, modify_date) VALUES (80018250, 80018021, 11, 1, null, CURRENT + 3600 UNITS MINUTE, CURRENT + 10800 UNITS MINUTE, null, null, 432000000, 132456, CURRENT, 132456, CURRENT);
INSERT INTO phase_dependency (dependency_phase_id, dependent_phase_id, dependency_start, dependent_start, lag_time, create_user, create_date, modify_user, modify_date) VALUES (80018239, 80018240, 0, 1, 0, 132456, CURRENT, 132456, CURRENT);
INSERT INTO phase_dependency (dependency_phase_id, dependent_phase_id, dependency_start, dependent_start, lag_time, create_user, create_date, modify_user, modify_date) VALUES (80018240, 80018241, 0, 1, 0, 132456, CURRENT, 132456, CURRENT);
INSERT INTO phase_dependency (dependency_phase_id, dependent_phase_id, dependency_start, dependent_start, lag_time, create_user, create_date, modify_user, modify_date) VALUES (80018241, 80018242, 1, 1, 0, 132456, CURRENT, 132456, CURRENT);
INSERT INTO phase_dependency (dependency_phase_id, dependent_phase_id, dependency_start, dependent_start, lag_time, create_user, create_date, modify_user, modify_date) VALUES (80018242, 80018243, 0, 1, 0, 132456, CURRENT, 132456, CURRENT);
INSERT INTO phase_dependency (dependency_phase_id, dependent_phase_id, dependency_start, dependent_start, lag_time, create_user, create_date, modify_user, modify_date) VALUES (80018243, 80018244, 0, 1, 0, 132456, CURRENT, 132456, CURRENT);
INSERT INTO phase_dependency (dependency_phase_id, dependent_phase_id, dependency_start, dependent_start, lag_time, create_user, create_date, modify_user, modify_date) VALUES (80018244, 80018245, 0, 1, 0, 132456, CURRENT, 132456, CURRENT);
INSERT INTO phase_dependency (dependency_phase_id, dependent_phase_id, dependency_start, dependent_start, lag_time, create_user, create_date, modify_user, modify_date) VALUES (80018245, 80018246, 0, 1, 0, 132456, CURRENT, 132456, CURRENT);
INSERT INTO phase_dependency (dependency_phase_id, dependent_phase_id, dependency_start, dependent_start, lag_time, create_user, create_date, modify_user, modify_date) VALUES (80018246, 80018247, 0, 1, 0, 132456, CURRENT, 132456, CURRENT);
INSERT INTO phase_dependency (dependency_phase_id, dependent_phase_id, dependency_start, dependent_start, lag_time, create_user, create_date, modify_user, modify_date) VALUES (80018247, 80018248, 0, 1, 0, 132456, CURRENT, 132456, CURRENT);
INSERT INTO phase_dependency (dependency_phase_id, dependent_phase_id, dependency_start, dependent_start, lag_time, create_user, create_date, modify_user, modify_date) VALUES (80018248, 80018249, 0, 1, 0, 132456, CURRENT, 132456, CURRENT);
INSERT INTO phase_dependency (dependency_phase_id, dependent_phase_id, dependency_start, dependent_start, lag_time, create_user, create_date, modify_user, modify_date) VALUES (80018249, 80018250, 0, 1, 0, 132456, CURRENT, 132456, CURRENT);
INSERT INTO phase_criteria (project_phase_id, phase_criteria_type_id, parameter, create_user, create_date, modify_user, modify_date) VALUES (80018240, 1, '30000722', 132456, CURRENT, 132456, CURRENT);
INSERT INTO phase_criteria (project_phase_id, phase_criteria_type_id, parameter, create_user, create_date, modify_user, modify_date) VALUES (80018240, 6, '1', 132456, CURRENT, 132456, CURRENT);
INSERT INTO phase_criteria (project_phase_id, phase_criteria_type_id, parameter, create_user, create_date, modify_user, modify_date) VALUES (80018241, 2, '0', 132456, CURRENT, 132456, CURRENT);
INSERT INTO phase_criteria (project_phase_id, phase_criteria_type_id, parameter, create_user, create_date, modify_user, modify_date) VALUES (80018241, 5, 'No', 132456, CURRENT, 132456, CURRENT);
INSERT INTO phase_criteria (project_phase_id, phase_criteria_type_id, parameter, create_user, create_date, modify_user, modify_date) VALUES (80018242, 3, '0', 132456, CURRENT, 132456, CURRENT);
INSERT INTO phase_criteria (project_phase_id, phase_criteria_type_id, parameter, create_user, create_date, modify_user, modify_date) VALUES (80018242, 5, 'Yes', 132456, CURRENT, 132456, CURRENT);
INSERT INTO phase_criteria (project_phase_id, phase_criteria_type_id, parameter, create_user, create_date, modify_user, modify_date) VALUES (80018243, 1, '30000410', 132456, CURRENT, 132456, CURRENT);
INSERT INTO phase_criteria (project_phase_id, phase_criteria_type_id, parameter, create_user, create_date, modify_user, modify_date) VALUES (80018243, 5, 'No', 132456, CURRENT, 132456, CURRENT);
INSERT INTO phase_criteria (project_phase_id, phase_criteria_type_id, parameter, create_user, create_date, modify_user, modify_date) VALUES (80018244, 1, '30000411', 132456, CURRENT, 132456, CURRENT);
INSERT INTO phase_criteria (project_phase_id, phase_criteria_type_id, parameter, create_user, create_date, modify_user, modify_date) VALUES (80018244, 5, 'No', 132456, CURRENT, 132456, CURRENT);
INSERT INTO phase_criteria (project_phase_id, phase_criteria_type_id, parameter, create_user, create_date, modify_user, modify_date) VALUES (80018244, 6, '3', 132456, CURRENT, 132456, CURRENT);
INSERT INTO phase_criteria (project_phase_id, phase_criteria_type_id, parameter, create_user, create_date, modify_user, modify_date) VALUES (80018245, 4, 'No', 132456, CURRENT, 132456, CURRENT);
INSERT INTO phase_criteria (project_phase_id, phase_criteria_type_id, parameter, create_user, create_date, modify_user, modify_date) VALUES (80018245, 5, 'No', 132456, CURRENT, 132456, CURRENT);
INSERT INTO phase_criteria (project_phase_id, phase_criteria_type_id, parameter, create_user, create_date, modify_user, modify_date) VALUES (80018246, 5, 'No', 132456, CURRENT, 132456, CURRENT);
INSERT INTO phase_criteria (project_phase_id, phase_criteria_type_id, parameter, create_user, create_date, modify_user, modify_date) VALUES (80018247, 5, 'No', 132456, CURRENT, 132456, CURRENT);
INSERT INTO phase_criteria (project_phase_id, phase_criteria_type_id, parameter, create_user, create_date, modify_user, modify_date) VALUES (80018248, 5, 'No', 132456, CURRENT, 132456, CURRENT);
INSERT INTO phase_criteria (project_phase_id, phase_criteria_type_id, parameter, create_user, create_date, modify_user, modify_date) VALUES (80018249, 5, 'No', 132456, CURRENT, 132456, CURRENT);
INSERT INTO phase_criteria (project_phase_id, phase_criteria_type_id, parameter, create_user, create_date, modify_user, modify_date) VALUES (80018250, 1, '30000720', 132456, CURRENT, 132456, CURRENT);
INSERT INTO phase_criteria (project_phase_id, phase_criteria_type_id, parameter, create_user, create_date, modify_user, modify_date) VALUES (80018250, 6, '1', 132456, CURRENT, 132456, CURRENT);
INSERT INTO resource (resource_id, resource_role_id, project_id, project_phase_id, create_user, create_date, modify_user, modify_date, user_id) VALUES (80018248, 13, 80018021, NULL, 132456, CURRENT, 132456, CURRENT, 132456);
INSERT INTO resource (resource_id, resource_role_id, project_id, project_phase_id, create_user, create_date, modify_user, modify_date, user_id) VALUES (80018249, 13, 80018021, NULL, 132456, CURRENT, 132456, CURRENT, 22770213);
INSERT INTO resource (resource_id, resource_role_id, project_id, project_phase_id, create_user, create_date, modify_user, modify_date, user_id) VALUES (80018250, 17, 80018021, NULL, 132456, CURRENT, 132456, CURRENT, 132458);
INSERT INTO resource (resource_id, resource_role_id, project_id, project_phase_id, create_user, create_date, modify_user, modify_date, user_id) VALUES (80018251, 18, 80018021, 80018240, 132456, CURRENT, 132456, CURRENT, 124916);
INSERT INTO resource (resource_id, resource_role_id, project_id, project_phase_id, create_user, create_date, modify_user, modify_date, user_id) VALUES (80018252, 1, 80018021, NULL, 132456, CURRENT, 132456, CURRENT, 80018006);
INSERT INTO component_inquiry (component_inquiry_id, component_id, user_id, comment, agreed_to_terms, rating, phase, tc_user_id, version, create_time, project_id) VALUES (80018056, 80018021, 80018006, null, 1, 1817, 150, 80018006, 0, CURRENT, 80018021);
INSERT INTO project_result (user_id, project_id, old_rating, new_rating, raw_score, final_score, payment, placed, rating_ind, valid_submission_ind, create_date, modify_date, passed_review_ind, point_adjustment, rating_order) VALUES (80018006, 80018021, 1817, null, null, null, null, null, 0, 0, CURRENT, CURRENT, null, null, null);
UPDATE user_rating SET rating = 1817 WHERE user_id = 80018006 AND phase_id = 150;
INSERT INTO resource (resource_id, resource_role_id, project_id, project_phase_id, create_user, create_date, modify_user, modify_date, user_id) VALUES (80018253, 1, 80018021, NULL, 132456, CURRENT, 132456, CURRENT, 80018019);
INSERT INTO component_inquiry (component_inquiry_id, component_id, user_id, comment, agreed_to_terms, rating, phase, tc_user_id, version, create_time, project_id) VALUES (80018057, 80018021, 80018019, null, 1, 0, 150, 80018019, 0, CURRENT, 80018021);
INSERT INTO project_result (user_id, project_id, old_rating, new_rating, raw_score, final_score, payment, placed, rating_ind, valid_submission_ind, create_date, modify_date, passed_review_ind, point_adjustment, rating_order) VALUES (80018019, 80018021, null, null, null, null, null, null, 0, 0, CURRENT, CURRENT, null, null, null);
UPDATE user_rating SET rating = 0 WHERE user_id = 80018019 AND phase_id = 150;
INSERT INTO resource (resource_id, resource_role_id, project_id, project_phase_id, create_user, create_date, modify_user, modify_date, user_id) VALUES (80018254, 1, 80018021, NULL, 132456, CURRENT, 132456, CURRENT, 80018004);
INSERT INTO component_inquiry (component_inquiry_id, component_id, user_id, comment, agreed_to_terms, rating, phase, tc_user_id, version, create_time, project_id) VALUES (80018058, 80018021, 80018004, null, 1, 683, 150, 80018004, 0, CURRENT, 80018021);
INSERT INTO project_result (user_id, project_id, old_rating, new_rating, raw_score, final_score, payment, placed, rating_ind, valid_submission_ind, create_date, modify_date, passed_review_ind, point_adjustment, rating_order) VALUES (80018004, 80018021, 683, null, null, null, null, null, 0, 0, CURRENT, CURRENT, null, null, null);
UPDATE user_rating SET rating = 683 WHERE user_id = 80018004 AND phase_id = 150;
INSERT INTO resource (resource_id, resource_role_id, project_id, project_phase_id, create_user, create_date, modify_user, modify_date, user_id) VALUES (80018255, 2, 80018021, 80018243, 132456, CURRENT, 132456, CURRENT, 124835);
INSERT INTO resource (resource_id, resource_role_id, project_id, project_phase_id, create_user, create_date, modify_user, modify_date, user_id) VALUES (80018256, 4, 80018021, 80018244, 132456, CURRENT, 132456, CURRENT, 124835);
INSERT INTO resource (resource_id, resource_role_id, project_id, project_phase_id, create_user, create_date, modify_user, modify_date, user_id) VALUES (80018257, 8, 80018021, 80018247, 132456, CURRENT, 132456, CURRENT, 124835);
INSERT INTO resource (resource_id, resource_role_id, project_id, project_phase_id, create_user, create_date, modify_user, modify_date, user_id) VALUES (80018258, 9, 80018021, 80018249, 132456, CURRENT, 132456, CURRENT, 124835);
INSERT INTO resource (resource_id, resource_role_id, project_id, project_phase_id, create_user, create_date, modify_user, modify_date, user_id) VALUES (80018259, 14, 80018021, NULL, 132456, CURRENT, 132456, CURRENT, 132456);
INSERT INTO resource (resource_id, resource_role_id, project_id, project_phase_id, create_user, create_date, modify_user, modify_date, user_id) VALUES (80018260, 10, 80018021, NULL, 132456, CURRENT, 132456, CURRENT, 132458);
INSERT INTO resource_info (resource_id, resource_info_type_id, value, create_user, create_date, modify_user, modify_date) VALUES (80018248, 1, '132456', 132456, CURRENT, 132456, CURRENT);
INSERT INTO resource_info (resource_id, resource_info_type_id, value, create_user, create_date, modify_user, modify_date) VALUES (80018248, 2, 'heffan', 132456, CURRENT, 132456, CURRENT);
INSERT INTO resource_info (resource_id, resource_info_type_id, value, create_user, create_date, modify_user, modify_date) VALUES (80018248, 8, 'N/A', 132456, CURRENT, 132456, CURRENT);
INSERT INTO resource_info (resource_id, resource_info_type_id, value, create_user, create_date, modify_user, modify_date) VALUES (80018248, 6, '05.12.2016 03:16 AM', 132456, CURRENT, 132456, CURRENT);
INSERT INTO resource_info (resource_id, resource_info_type_id, value, create_user, create_date, modify_user, modify_date) VALUES (80018249, 1, '22770213', 132456, CURRENT, 132456, CURRENT);
INSERT INTO resource_info (resource_id, resource_info_type_id, value, create_user, create_date, modify_user, modify_date) VALUES (80018249, 2, 'Applications', 132456, CURRENT, 132456, CURRENT);
INSERT INTO resource_info (resource_id, resource_info_type_id, value, create_user, create_date, modify_user, modify_date) VALUES (80018249, 8, 'N/A', 132456, CURRENT, 132456, CURRENT);
INSERT INTO resource_info (resource_id, resource_info_type_id, value, create_user, create_date, modify_user, modify_date) VALUES (80018249, 6, '05.12.2016 03:17 AM', 132456, CURRENT, 132456, CURRENT);
INSERT INTO resource_info (resource_id, resource_info_type_id, value, create_user, create_date, modify_user, modify_date) VALUES (80018250, 1, '132458', 132456, CURRENT, 132456, CURRENT);
INSERT INTO resource_info (resource_id, resource_info_type_id, value, create_user, create_date, modify_user, modify_date) VALUES (80018250, 2, 'user', 132456, CURRENT, 132456, CURRENT);
INSERT INTO resource_info (resource_id, resource_info_type_id, value, create_user, create_date, modify_user, modify_date) VALUES (80018250, 8, 'N/A', 132456, CURRENT, 132456, CURRENT);
INSERT INTO resource_info (resource_id, resource_info_type_id, value, create_user, create_date, modify_user, modify_date) VALUES (80018250, 6, '05.12.2016 03:18 AM', 132456, CURRENT, 132456, CURRENT);
INSERT INTO resource_info (resource_id, resource_info_type_id, value, create_user, create_date, modify_user, modify_date) VALUES (80018251, 1, '124916', 132456, CURRENT, 132456, CURRENT);
INSERT INTO resource_info (resource_id, resource_info_type_id, value, create_user, create_date, modify_user, modify_date) VALUES (80018251, 2, 'Yoshi', 132456, CURRENT, 132456, CURRENT);
INSERT INTO resource_info (resource_id, resource_info_type_id, value, create_user, create_date, modify_user, modify_date) VALUES (80018251, 8, 'N/A', 132456, CURRENT, 132456, CURRENT);
INSERT INTO resource_info (resource_id, resource_info_type_id, value, create_user, create_date, modify_user, modify_date) VALUES (80018251, 6, '05.03.2016 01:19 PM', 132456, CURRENT, 132456, CURRENT);
INSERT INTO resource_info (resource_id, resource_info_type_id, value, create_user, create_date, modify_user, modify_date) VALUES (80018252, 1, '80018006', 132456, CURRENT, 132456, CURRENT);
INSERT INTO resource_info (resource_id, resource_info_type_id, value, create_user, create_date, modify_user, modify_date) VALUES (80018252, 2, 'TonyJ80018006', 132456, CURRENT, 132456, CURRENT);
INSERT INTO resource_info (resource_id, resource_info_type_id, value, create_user, create_date, modify_user, modify_date) VALUES (80018252, 3, 'test@test.com', 132456, CURRENT, 132456, CURRENT);
INSERT INTO resource_info (resource_id, resource_info_type_id, value, create_user, create_date, modify_user, modify_date) VALUES (80018252, 4, '1817', 132456, CURRENT, 132456, CURRENT);
INSERT INTO resource_info (resource_id, resource_info_type_id, value, create_user, create_date, modify_user, modify_date) VALUES (80018252, 5, '43', 132456, CURRENT, 132456, CURRENT);
INSERT INTO resource_info (resource_id, resource_info_type_id, value, create_user, create_date, modify_user, modify_date) VALUES (80018252, 8, 'N/A', 132456, CURRENT, 132456, CURRENT);
INSERT INTO resource_info (resource_id, resource_info_type_id, value, create_user, create_date, modify_user, modify_date) VALUES (80018252, 6, '05.12.2016 03:20 AM', 132456, CURRENT, 132456, CURRENT);
INSERT INTO resource_info (resource_id, resource_info_type_id, value, create_user, create_date, modify_user, modify_date) VALUES (80018252, 13, 'No', 132456, CURRENT, 132456, CURRENT);
INSERT INTO resource_info (resource_id, resource_info_type_id, value, create_user, create_date, modify_user, modify_date) VALUES (80018253, 1, '80018019', 132456, CURRENT, 132456, CURRENT);
INSERT INTO resource_info (resource_id, resource_info_type_id, value, create_user, create_date, modify_user, modify_date) VALUES (80018253, 2, 'marcg80018019', 132456, CURRENT, 132456, CURRENT);
INSERT INTO resource_info (resource_id, resource_info_type_id, value, create_user, create_date, modify_user, modify_date) VALUES (80018253, 3, 'test@test.com', 132456, CURRENT, 132456, CURRENT);
INSERT INTO resource_info (resource_id, resource_info_type_id, value, create_user, create_date, modify_user, modify_date) VALUES (80018253, 8, 'N/A', 132456, CURRENT, 132456, CURRENT);
INSERT INTO resource_info (resource_id, resource_info_type_id, value, create_user, create_date, modify_user, modify_date) VALUES (80018253, 6, '05.12.2016 03:21 AM', 132456, CURRENT, 132456, CURRENT);
INSERT INTO resource_info (resource_id, resource_info_type_id, value, create_user, create_date, modify_user, modify_date) VALUES (80018253, 13, 'No', 132456, CURRENT, 132456, CURRENT);
INSERT INTO resource_info (resource_id, resource_info_type_id, value, create_user, create_date, modify_user, modify_date) VALUES (80018254, 1, '80018004', 132456, CURRENT, 132456, CURRENT);
INSERT INTO resource_info (resource_id, resource_info_type_id, value, create_user, create_date, modify_user, modify_date) VALUES (80018254, 2, 'ThinMan80018004', 132456, CURRENT, 132456, CURRENT);
INSERT INTO resource_info (resource_id, resource_info_type_id, value, create_user, create_date, modify_user, modify_date) VALUES (80018254, 3, 'test@test.com', 132456, CURRENT, 132456, CURRENT);
INSERT INTO resource_info (resource_id, resource_info_type_id, value, create_user, create_date, modify_user, modify_date) VALUES (80018254, 4, '683', 132456, CURRENT, 132456, CURRENT);
INSERT INTO resource_info (resource_id, resource_info_type_id, value, create_user, create_date, modify_user, modify_date) VALUES (80018254, 5, '97', 132456, CURRENT, 132456, CURRENT);
INSERT INTO resource_info (resource_id, resource_info_type_id, value, create_user, create_date, modify_user, modify_date) VALUES (80018254, 8, 'N/A', 132456, CURRENT, 132456, CURRENT);
INSERT INTO resource_info (resource_id, resource_info_type_id, value, create_user, create_date, modify_user, modify_date) VALUES (80018254, 6, '05.12.2016 03:22 AM', 132456, CURRENT, 132456, CURRENT);
INSERT INTO resource_info (resource_id, resource_info_type_id, value, create_user, create_date, modify_user, modify_date) VALUES (80018254, 13, 'No', 132456, CURRENT, 132456, CURRENT);
INSERT INTO resource_info (resource_id, resource_info_type_id, value, create_user, create_date, modify_user, modify_date) VALUES (80018255, 1, '124835', 132456, CURRENT, 132456, CURRENT);
INSERT INTO resource_info (resource_id, resource_info_type_id, value, create_user, create_date, modify_user, modify_date) VALUES (80018255, 2, 'reassembler', 132456, CURRENT, 132456, CURRENT);
INSERT INTO resource_info (resource_id, resource_info_type_id, value, create_user, create_date, modify_user, modify_date) VALUES (80018255, 8, 'N/A', 132456, CURRENT, 132456, CURRENT);
INSERT INTO resource_info (resource_id, resource_info_type_id, value, create_user, create_date, modify_user, modify_date) VALUES (80018255, 6, '05.08.2016 03:23 PM', 132456, CURRENT, 132456, CURRENT);
INSERT INTO resource_info (resource_id, resource_info_type_id, value, create_user, create_date, modify_user, modify_date) VALUES (80018256, 1, '124835', 132456, CURRENT, 132456, CURRENT);
INSERT INTO resource_info (resource_id, resource_info_type_id, value, create_user, create_date, modify_user, modify_date) VALUES (80018256, 2, 'reassembler', 132456, CURRENT, 132456, CURRENT);
INSERT INTO resource_info (resource_id, resource_info_type_id, value, create_user, create_date, modify_user, modify_date) VALUES (80018256, 8, 'N/A', 132456, CURRENT, 132456, CURRENT);
INSERT INTO resource_info (resource_id, resource_info_type_id, value, create_user, create_date, modify_user, modify_date) VALUES (80018256, 6, '05.09.2016 03:24 AM', 132456, CURRENT, 132456, CURRENT);
INSERT INTO resource_info (resource_id, resource_info_type_id, value, create_user, create_date, modify_user, modify_date) VALUES (80018257, 1, '124835', 132456, CURRENT, 132456, CURRENT);
INSERT INTO resource_info (resource_id, resource_info_type_id, value, create_user, create_date, modify_user, modify_date) VALUES (80018257, 2, 'reassembler', 132456, CURRENT, 132456, CURRENT);
INSERT INTO resource_info (resource_id, resource_info_type_id, value, create_user, create_date, modify_user, modify_date) VALUES (80018257, 8, 'N/A', 132456, CURRENT, 132456, CURRENT);
INSERT INTO resource_info (resource_id, resource_info_type_id, value, create_user, create_date, modify_user, modify_date) VALUES (80018257, 6, '05.12.2016 03:25 PM', 132456, CURRENT, 132456, CURRENT);
INSERT INTO resource_info (resource_id, resource_info_type_id, value, create_user, create_date, modify_user, modify_date) VALUES (80018258, 1, '124835', 132456, CURRENT, 132456, CURRENT);
INSERT INTO resource_info (resource_id, resource_info_type_id, value, create_user, create_date, modify_user, modify_date) VALUES (80018258, 2, 'reassembler', 132456, CURRENT, 132456, CURRENT);
INSERT INTO resource_info (resource_id, resource_info_type_id, value, create_user, create_date, modify_user, modify_date) VALUES (80018258, 8, 'N/A', 132456, CURRENT, 132456, CURRENT);
INSERT INTO resource_info (resource_id, resource_info_type_id, value, create_user, create_date, modify_user, modify_date) VALUES (80018258, 6, '05.14.2016 03:26 AM', 132456, CURRENT, 132456, CURRENT);
INSERT INTO resource_info (resource_id, resource_info_type_id, value, create_user, create_date, modify_user, modify_date) VALUES (80018259, 1, '132456', 132456, CURRENT, 132456, CURRENT);
INSERT INTO resource_info (resource_id, resource_info_type_id, value, create_user, create_date, modify_user, modify_date) VALUES (80018259, 2, 'heffan', 132456, CURRENT, 132456, CURRENT);
INSERT INTO resource_info (resource_id, resource_info_type_id, value, create_user, create_date, modify_user, modify_date) VALUES (80018259, 8, 'N/A', 132456, CURRENT, 132456, CURRENT);
INSERT INTO resource_info (resource_id, resource_info_type_id, value, create_user, create_date, modify_user, modify_date) VALUES (80018259, 6, '05.12.2016 03:27 AM', 132456, CURRENT, 132456, CURRENT);
INSERT INTO resource_info (resource_id, resource_info_type_id, value, create_user, create_date, modify_user, modify_date) VALUES (80018260, 1, '132458', 132456, CURRENT, 132456, CURRENT);
INSERT INTO resource_info (resource_id, resource_info_type_id, value, create_user, create_date, modify_user, modify_date) VALUES (80018260, 2, 'user', 132456, CURRENT, 132456, CURRENT);
INSERT INTO resource_info (resource_id, resource_info_type_id, value, create_user, create_date, modify_user, modify_date) VALUES (80018260, 8, 'N/A', 132456, CURRENT, 132456, CURRENT);
INSERT INTO resource_info (resource_id, resource_info_type_id, value, create_user, create_date, modify_user, modify_date) VALUES (80018260, 6, '05.12.2016 03:28 AM', 132456, CURRENT, 132456, CURRENT);
INSERT INTO upload (upload_id, project_id, resource_id, upload_type_id, upload_status_id, parameter, create_user, create_date, modify_user, modify_date, project_phase_id) VALUES (80018066, 80018021, 80018250, 1, 1, '80018021_80018250_80018066.zip', 132458, '2016-05-12 03:18:09', 132458, CURRENT, 80018239);
INSERT INTO upload (upload_id, project_id, resource_id, upload_type_id, upload_status_id, parameter, create_user, create_date, modify_user, modify_date, project_phase_id) VALUES (80018067, 80018021, 80018252, 1, 1, '80018021_80018252_80018067.zip', 80018006, '2016-05-12 03:20:09', 80018006, CURRENT, 80018242);
INSERT INTO submission (submission_id, upload_id, submission_status_id, screening_score, initial_score, final_score, placement, submission_type_id, create_user, create_date, modify_user, modify_date, prize_id) VALUES (80018054, 80018066, 1, null, null, null, null, 2, 132458, '2016-05-12 12:10:40', 132458, '2016-05-12 12:10:40', null);
INSERT INTO resource_submission (resource_id, submission_id, create_user, create_date, modify_user, modify_date) VALUES (80018250, 80018054, 132458, CURRENT, 132458, CURRENT);
INSERT INTO submission (submission_id, upload_id, submission_status_id, screening_score, initial_score, final_score, placement, submission_type_id, create_user, create_date, modify_user, modify_date, prize_id) VALUES (80018055, 80018067, 1, 75.0, null, null, null, 1, 80018006, '2016-05-12 11:01:47', 80018006, '2016-05-12 11:01:47', null);
INSERT INTO resource_submission (resource_id, submission_id, create_user, create_date, modify_user, modify_date) VALUES (80018252, 80018055, 80018006, CURRENT, 80018006, CURRENT);
INSERT INTO review (review_id, resource_id, submission_id, scorecard_id, committed, initial_score, score, create_user, create_date, modify_user, modify_date, project_phase_id) VALUES (80018095, 80018251, 80018054, 30000722, 1, 75.0, 75.0, 124916, CURRENT, 124916, CURRENT, 80018240);
INSERT INTO review_comment (review_comment_id, resource_id, review_id, comment_type_id, content, extra_info, sort, create_user, create_date, modify_user, modify_date) VALUES (80018025, 80018251, 80018095, 14, '', 'Approved', 0, 124916, CURRENT, 124916, CURRENT);
INSERT INTO review_item (review_item_id, review_id, scorecard_question_id, upload_id, answer, sort, create_user, create_date, modify_user, modify_date) VALUES (80018095, 80018095, 30001008, null, '3/4', 0, 124916, CURRENT, 124916, CURRENT);
INSERT INTO review_item_comment (review_item_comment_id, resource_id, review_item_id, comment_type_id, content, extra_info, sort, create_user, create_date, modify_user, modify_date) VALUES (80018153, 80018251, 80018095, 1, 'Ok', NULL, 0, 124916, CURRENT, 124916, CURRENT);
INSERT INTO review (review_id, resource_id, submission_id, scorecard_id, committed, initial_score, score, create_user, create_date, modify_user, modify_date, project_phase_id) VALUES (80018096, 80018255, 80018055, 30000410, 1, 75.0, 75.0, 124835, CURRENT, 124835, CURRENT, 80018243);
INSERT INTO review_item (review_item_id, review_id, scorecard_question_id, upload_id, answer, sort, create_user, create_date, modify_user, modify_date) VALUES (80018096, 80018096, 30001000, null, '3/4', 0, 124835, CURRENT, 124835, CURRENT);
INSERT INTO review_item_comment (review_item_comment_id, resource_id, review_item_id, comment_type_id, content, extra_info, sort, create_user, create_date, modify_user, modify_date) VALUES (80018154, 80018255, 80018096, 1, 'Direct web module: server responds with error when trying to visit https://localhost/direct/allProjects.action', NULL, 0, 124835, CURRENT, 124835, CURRENT);
INSERT INTO review (review_id, resource_id, submission_id, scorecard_id, committed, initial_score, score, create_user, create_date, modify_user, modify_date, project_phase_id) VALUES (80018097, 80018256, 80018055, 30000411, 0, null, null, 124835, CURRENT, 124835, CURRENT, 80018244);
INSERT INTO review_item (review_item_id, review_id, scorecard_question_id, upload_id, answer, sort, create_user, create_date, modify_user, modify_date) VALUES (80018097, 80018097, 30001001, null, '4/4', 0, 124835, CURRENT, 124835, CURRENT);
INSERT INTO review_item_comment (review_item_comment_id, resource_id, review_item_id, comment_type_id, content, extra_info, sort, create_user, create_date, modify_user, modify_date) VALUES (80018155, 80018256, 80018097, 1, 'analytics web module is not workable. When trying to access it the server responds with HTTP 404 error.', NULL, 0, 124835, CURRENT, 124835, CURRENT);
INSERT INTO review_item_comment (review_item_comment_id, resource_id, review_item_id, comment_type_id, content, extra_info, sort, create_user, create_date, modify_user, modify_date) VALUES (80018156, 80018256, 80018097, 1, 'analytics web module is not workable. When trying to access it the server responds with HTTP 404 error.', NULL, 0, 124835, CURRENT, 124835, CURRENT);
INSERT INTO review_item_comment (review_item_comment_id, resource_id, review_item_id, comment_type_id, content, extra_info, sort, create_user, create_date, modify_user, modify_date) VALUES (80018157, 80018256, 80018097, 1, 'Verification section provides the instructions just for testing the Direct web module while there are other web modules deployed and to be tested as well like /mobile, /present', NULL, 0, 124835, CURRENT, 124835, CURRENT);
INSERT INTO notification (project_id, external_ref_id, notification_type_id, create_user, create_date, modify_user, modify_date) VALUES (80018021, 80018004, 1, 132456, CURRENT, 132456, CURRENT);
INSERT INTO notification (project_id, external_ref_id, notification_type_id, create_user, create_date, modify_user, modify_date) VALUES (80018021, 80018006, 1, 132456, CURRENT, 132456, CURRENT);
INSERT INTO notification (project_id, external_ref_id, notification_type_id, create_user, create_date, modify_user, modify_date) VALUES (80018021, 124835, 1, 132456, CURRENT, 132456, CURRENT);
INSERT INTO notification (project_id, external_ref_id, notification_type_id, create_user, create_date, modify_user, modify_date) VALUES (80018021, 124916, 1, 132456, CURRENT, 132456, CURRENT);
INSERT INTO notification (project_id, external_ref_id, notification_type_id, create_user, create_date, modify_user, modify_date) VALUES (80018021, 80018019, 1, 132456, CURRENT, 132456, CURRENT);
INSERT INTO notification (project_id, external_ref_id, notification_type_id, create_user, create_date, modify_user, modify_date) VALUES (80018021, 132458, 1, 132456, CURRENT, 132456, CURRENT);
INSERT INTO notification (project_id, external_ref_id, notification_type_id, create_user, create_date, modify_user, modify_date) VALUES (80018021, 132456, 1, 132456, CURRENT, 132456, CURRENT);
INSERT INTO notification (project_id, external_ref_id, notification_type_id, create_user, create_date, modify_user, modify_date) VALUES (80018021, 22770213, 1, 132456, CURRENT, 132456, CURRENT);
INSERT INTO contest_sale (contest_sale_id, contest_id, sale_status_id, price, paypal_order_id, create_date, sale_reference_id, sale_type_id) VALUES (80018021, 80018021, 1, 8436.0, 'PO BOX 80018001', CURRENT, 'PO BOX 80018001', 2);
INSERT INTO project_payment (project_payment_id, project_payment_type_id, resource_id, submission_id, amount, pacts_payment_id, create_user,create_date, modify_user, modify_date) VALUES (80018083, 3, 80018251, null, 50.0, null, 132456, CURRENT, 132456, CURRENT);
INSERT INTO project_payment (project_payment_id, project_payment_type_id, resource_id, submission_id, amount, pacts_payment_id, create_user,create_date, modify_user, modify_date) VALUES (80018084, 3, 80018255, null, 50.0, null, 132456, CURRENT, 132456, CURRENT);
INSERT INTO project_payment (project_payment_id, project_payment_type_id, resource_id, submission_id, amount, pacts_payment_id, create_user,create_date, modify_user, modify_date) VALUES (80018085, 4, 80018259, null, 350.0, null, 132456, CURRENT, 132456, CURRENT);
INSERT INTO contest_milestone_xref (contest_id, project_milestone_id, create_user, create_date, modify_user, modify_date) VALUES (80018021, 800180011, 132456, CURRENT, 132456, CURRENT);
INSERT INTO project_platform (project_id, project_platform_id, create_user, create_date, modify_user, modify_date) VALUES (80018021, 3, 132456, CURRENT, 132456, CURRENT);
INSERT INTO review_auction (review_auction_id, project_id, review_auction_type_id) VALUES (80028021, 80018021, 3);
INSERT INTO review_auction (review_auction_id, project_id, review_auction_type_id) VALUES (80018021, 80018021, 1);
INSERT INTO comp_catalog (component_id, current_version, short_desc, component_name, description, function_desc, create_time, status_id, root_category_id, modify_date, public_ind)  VALUES (80018022, 1, 'Short description for Code Contest 22', 'Code Contest 22', 'Description for Code Contest 22', 'Functional description for Code Contest 22', CURRENT, 1, 27202909, CURRENT, 1);
INSERT INTO comp_categories (comp_categories_id, component_id, category_id)  VALUES (80018022, 80018022, 27202909);
INSERT INTO comp_versions (comp_vers_id, component_id, version, version_text, create_time, phase_id, phase_time, price, comments, modify_date, suspended_ind) VALUES (80018022, 80018022, 1, '1.0', CURRENT, 112, CURRENT, 1000.0, 'Comments for version #1', CURRENT, 0);
INSERT INTO comp_version_dates (comp_version_dates_id, comp_vers_id, phase_id, posting_date, initial_submission_date, winner_announced_date, final_submission_date, estimated_dev_date, price, total_submissions, status_id, create_time, level_id, screening_complete_date, review_complete_date, aggregation_complete_date, phase_complete_date, production_date, aggregation_complete_date_comment, phase_complete_date_comment, review_complete_date_comment, winner_announced_date_comment, initial_submission_date_comment, screening_complete_date_comment, final_submission_date_comment, production_date_comment, modify_date) VALUES (80018022, 80018022, 112, '1976-06-05', '2000-02-01', '2000-02-01', '2000-02-01', '2000-02-01', 0.00, 0, 301, CURRENT, 100, '2000-02-01', '2000-02-01', '2000-02-01', '2000-02-01', null, null, null, null, null, null, null, null, null, CURRENT);
INSERT INTO comp_technology (comp_tech_id, comp_vers_id, technology_type_id) VALUES (800180220, 80018022, 26951708);
INSERT INTO comp_technology (comp_tech_id, comp_vers_id, technology_type_id) VALUES (800180221, 80018022, 17);
INSERT INTO comp_technology (comp_tech_id, comp_vers_id, technology_type_id) VALUES (800180222, 80018022, 4202326);
INSERT INTO comp_technology (comp_tech_id, comp_vers_id, technology_type_id) VALUES (800180223, 80018022, 27202765);
INSERT INTO comp_technology (comp_tech_id, comp_vers_id, technology_type_id) VALUES (800180224, 80018022, 12);
INSERT INTO project (project_id, project_status_id, project_category_id, create_user, create_date, modify_user, modify_date, tc_direct_project_id, project_studio_spec_id) VALUES (80018022, 1, 39, 132456, CURRENT, 132456, CURRENT, 80018001, NULL);
INSERT INTO project_info (project_id, project_info_type_id, value, create_user, create_date, modify_user, modify_date) VALUES (80018022, 1, '80018022', 132456, CURRENT, 132456, CURRENT);
INSERT INTO project_info (project_id, project_info_type_id, value, create_user, create_date, modify_user, modify_date) VALUES (80018022, 2, '80018022', 132456, CURRENT, 132456, CURRENT);
INSERT INTO project_info (project_id, project_info_type_id, value, create_user, create_date, modify_user, modify_date) VALUES (80018022, 3, '80018022', 132456, CURRENT, 132456, CURRENT);
INSERT INTO project_info (project_id, project_info_type_id, value, create_user, create_date, modify_user, modify_date) VALUES (80018022, 4, '80018023', 132456, CURRENT, 132456, CURRENT);
INSERT INTO comp_jive_category_xref (comp_vers_id, jive_category_id) VALUES (80018022, 0);
INSERT INTO project_info (project_id, project_info_type_id, value, create_user, create_date, modify_user, modify_date) VALUES (80018022, 5, '27202909', 132456, CURRENT, 132456, CURRENT);
INSERT INTO project_info (project_id, project_info_type_id, value, create_user, create_date, modify_user, modify_date) VALUES (80018022, 6, 'Code Contest 22', 132456, CURRENT, 132456, CURRENT);
INSERT INTO project_info (project_id, project_info_type_id, value, create_user, create_date, modify_user, modify_date) VALUES (80018022, 7, '1.0', 132456, CURRENT, 132456, CURRENT);
INSERT INTO project_info (project_id, project_info_type_id, value, create_user, create_date, modify_user, modify_date) VALUES (80018022, 8, '', 132456, CURRENT, 132456, CURRENT);
INSERT INTO project_info (project_id, project_info_type_id, value, create_user, create_date, modify_user, modify_date) VALUES (80018022, 11, 'On', 132456, CURRENT, 132456, CURRENT);
INSERT INTO project_info (project_id, project_info_type_id, value, create_user, create_date, modify_user, modify_date) VALUES (80018022, 9, 'On', 132456, CURRENT, 132456, CURRENT);
INSERT INTO project_info (project_id, project_info_type_id, value, create_user, create_date, modify_user, modify_date) VALUES (80018022, 10, 'On', 132456, CURRENT, 132456, CURRENT);
INSERT INTO project_info (project_id, project_info_type_id, value, create_user, create_date, modify_user, modify_date) VALUES (80018022, 12, 'Yes', 132456, CURRENT, 132456, CURRENT);
INSERT INTO project_info (project_id, project_info_type_id, value, create_user, create_date, modify_user, modify_date) VALUES (80018022, 13, 'Yes', 132456, CURRENT, 132456, CURRENT);
INSERT INTO project_info (project_id, project_info_type_id, value, create_user, create_date, modify_user, modify_date) VALUES (80018022, 14, 'Open', 132456, CURRENT, 132456, CURRENT);
INSERT INTO project_info (project_id, project_info_type_id, value, create_user, create_date, modify_user, modify_date) VALUES (80018022, 16, '1000.0', 132456, CURRENT, 132456, CURRENT);
INSERT INTO project_info (project_id, project_info_type_id, value, create_user, create_date, modify_user, modify_date) VALUES (80018022, 17, '', 132456, CURRENT, 132456, CURRENT);
INSERT INTO project_info (project_id, project_info_type_id, value, create_user, create_date, modify_user, modify_date) VALUES (80018022, 26, 'On', 132456, CURRENT, 132456, CURRENT);
INSERT INTO project_info (project_id, project_info_type_id, value, create_user, create_date, modify_user, modify_date) VALUES (80018022, 30, '450.0', 132456, CURRENT, 132456, CURRENT);
INSERT INTO project_info (project_id, project_info_type_id, value, create_user, create_date, modify_user, modify_date) VALUES (80018022, 31, '6001.0', 132456, CURRENT, 132456, CURRENT);
INSERT INTO project_info (project_id, project_info_type_id, value, create_user, create_date, modify_user, modify_date) VALUES (80018022, 33, '683.0', 132456, CURRENT, 132456, CURRENT);
INSERT INTO project_info (project_id, project_info_type_id, value, create_user, create_date, modify_user, modify_date) VALUES (80018022, 35, '30.0', 132456, CURRENT, 132456, CURRENT);
INSERT INTO project_info (project_id, project_info_type_id, value, create_user, create_date, modify_user, modify_date) VALUES (80018022, 36, '1000.0', 132456, CURRENT, 132456, CURRENT);
INSERT INTO project_info (project_id, project_info_type_id, value, create_user, create_date, modify_user, modify_date) VALUES (80018022, 37, '500.0', 132456, CURRENT, 132456, CURRENT);
INSERT INTO project_info (project_id, project_info_type_id, value, create_user, create_date, modify_user, modify_date) VALUES (80018022, 45, 'true', 132456, CURRENT, 132456, CURRENT);
INSERT INTO project_info (project_id, project_info_type_id, value, create_user, create_date, modify_user, modify_date) VALUES (80018022, 47, 'true', 132456, CURRENT, 132456, CURRENT);
INSERT INTO project_info (project_id, project_info_type_id, value, create_user, create_date, modify_user, modify_date) VALUES (80018022, 38, '300.0', 132456, CURRENT, 132456, CURRENT);
INSERT INTO project_info (project_id, project_info_type_id, value, create_user, create_date, modify_user, modify_date) VALUES (80018022, 39, '0.0', 132456, CURRENT, 132456, CURRENT);
INSERT INTO project_info (project_id, project_info_type_id, value, create_user, create_date, modify_user, modify_date) VALUES (80018022, 40, 'B', 132456, CURRENT, 132456, CURRENT);
INSERT INTO project_info (project_id, project_info_type_id, value, create_user, create_date, modify_user, modify_date) VALUES (80018022, 32, '80018001', 132456, CURRENT, 132456, CURRENT);
INSERT INTO project_info (project_id, project_info_type_id, value, create_user, create_date, modify_user, modify_date) VALUES (80018022, 41, 'true', 132456, CURRENT, 132456, CURRENT);
INSERT INTO project_info (project_id, project_info_type_id, value, create_user, create_date, modify_user, modify_date) VALUES (80018022, 43, 'true', 132456, CURRENT, 132456, CURRENT);
INSERT INTO project_info (project_id, project_info_type_id, value, create_user, create_date, modify_user, modify_date) VALUES (80018022, 44, 'false', 132456, CURRENT, 132456, CURRENT);
INSERT INTO project_info (project_id, project_info_type_id, value, create_user, create_date, modify_user, modify_date) VALUES (80018022, 46, 'true', 132456, CURRENT, 132456, CURRENT);
INSERT INTO project_info (project_id, project_info_type_id, value, create_user, create_date, modify_user, modify_date) VALUES (80018022, 48, 'true', 132456, CURRENT, 132456, CURRENT);
INSERT INTO project_info (project_id, project_info_type_id, value, create_user, create_date, modify_user, modify_date) VALUES (80018022, 49, '500', 132456, CURRENT, 132456, CURRENT);
INSERT INTO project_info (project_id, project_info_type_id, value, create_user, create_date, modify_user, modify_date) VALUES (80018022, 59, 'true', 132456, CURRENT, 132456, CURRENT);
INSERT INTO project_info (project_id, project_info_type_id, value, create_user, create_date, modify_user, modify_date) VALUES (80018022, 64, '62806', 132456, CURRENT, 132456, CURRENT);
INSERT INTO prize (prize_id, place, prize_amount, prize_type_id, number_of_submissions,                    create_user, create_date, modify_user, modify_date, project_id) VALUES (80018049, 1, 1000.0, 15, 1, 132456, CURRENT, 132456, CURRENT, 80018022);
INSERT INTO prize (prize_id, place, prize_amount, prize_type_id, number_of_submissions,                    create_user, create_date, modify_user, modify_date, project_id) VALUES (80018050, 2, 500.0, 15, 1, 132456, CURRENT, 132456, CURRENT, 80018022);
INSERT INTO project_spec (project_spec_id, project_id, version, detailed_requirements, submission_deliverables, environment_setup_instruction, final_submission_guidelines, private_description, create_user, create_date, modify_user, modify_date) VALUES (80018022, 80018022, 1, 'Detailed requirements for Code Contest 22', '', '', 'Final submission guidelines for Code Contest 22', '', 132456, CURRENT, 132456, CURRENT);
INSERT INTO project_phase (project_phase_id, project_id, phase_type_id, phase_status_id, fixed_start_time, scheduled_start_time, scheduled_end_time, actual_start_time, actual_end_time, duration, create_user, create_date, modify_user, modify_date) VALUES (80018251, 80018022, 13, 3, CURRENT + -9480 UNITS MINUTE, CURRENT + -9480 UNITS MINUTE, CURRENT + -6600 UNITS MINUTE, CURRENT + -9480 UNITS MINUTE, CURRENT + -6600 UNITS MINUTE, 172800000, 132456, CURRENT, 132456, CURRENT);
INSERT INTO project_phase (project_phase_id, project_id, phase_type_id, phase_status_id, fixed_start_time, scheduled_start_time, scheduled_end_time, actual_start_time, actual_end_time, duration, create_user, create_date, modify_user, modify_date) VALUES (80018252, 80018022, 14, 3, null, CURRENT + -6600 UNITS MINUTE, CURRENT + -6480 UNITS MINUTE, CURRENT + -6600 UNITS MINUTE, CURRENT + -6480 UNITS MINUTE, 7200000, 132456, CURRENT, 132456, CURRENT);
INSERT INTO project_phase (project_phase_id, project_id, phase_type_id, phase_status_id, fixed_start_time, scheduled_start_time, scheduled_end_time, actual_start_time, actual_end_time, duration, create_user, create_date, modify_user, modify_date) VALUES (80018253, 80018022, 1, 3, CURRENT + -6480 UNITS MINUTE, CURRENT + -6480 UNITS MINUTE, CURRENT + -3600 UNITS MINUTE, CURRENT + -6480 UNITS MINUTE, CURRENT + -3600 UNITS MINUTE, 172800000, 132456, CURRENT, 132456, CURRENT);
INSERT INTO project_phase (project_phase_id, project_id, phase_type_id, phase_status_id, fixed_start_time, scheduled_start_time, scheduled_end_time, actual_start_time, actual_end_time, duration, create_user, create_date, modify_user, modify_date) VALUES (80018254, 80018022, 2, 2, null, CURRENT + -6480 UNITS MINUTE, CURRENT + 720 UNITS MINUTE, CURRENT + -6480 UNITS MINUTE, null, 432000000, 132456, CURRENT, 132456, CURRENT);
INSERT INTO project_phase (project_phase_id, project_id, phase_type_id, phase_status_id, fixed_start_time, scheduled_start_time, scheduled_end_time, actual_start_time, actual_end_time, duration, create_user, create_date, modify_user, modify_date) VALUES (80018255, 80018022, 3, 1, null, CURRENT + 720 UNITS MINUTE, CURRENT + 1440 UNITS MINUTE, null, null, 43200000, 132456, CURRENT, 132456, CURRENT);
INSERT INTO project_phase (project_phase_id, project_id, phase_type_id, phase_status_id, fixed_start_time, scheduled_start_time, scheduled_end_time, actual_start_time, actual_end_time, duration, create_user, create_date, modify_user, modify_date) VALUES (80018256, 80018022, 4, 1, null, CURRENT + 1440 UNITS MINUTE, CURRENT + 4320 UNITS MINUTE, null, null, 172800000, 132456, CURRENT, 132456, CURRENT);
INSERT INTO project_phase (project_phase_id, project_id, phase_type_id, phase_status_id, fixed_start_time, scheduled_start_time, scheduled_end_time, actual_start_time, actual_end_time, duration, create_user, create_date, modify_user, modify_date) VALUES (80018257, 80018022, 5, 1, null, CURRENT + 4320 UNITS MINUTE, CURRENT + 5760 UNITS MINUTE, null, null, 86400000, 132456, CURRENT, 132456, CURRENT);
INSERT INTO project_phase (project_phase_id, project_id, phase_type_id, phase_status_id, fixed_start_time, scheduled_start_time, scheduled_end_time, actual_start_time, actual_end_time, duration, create_user, create_date, modify_user, modify_date) VALUES (80018258, 80018022, 6, 1, null, CURRENT + 5760 UNITS MINUTE, CURRENT + 6480 UNITS MINUTE, null, null, 43200000, 132456, CURRENT, 132456, CURRENT);
INSERT INTO project_phase (project_phase_id, project_id, phase_type_id, phase_status_id, fixed_start_time, scheduled_start_time, scheduled_end_time, actual_start_time, actual_end_time, duration, create_user, create_date, modify_user, modify_date) VALUES (80018259, 80018022, 7, 1, null, CURRENT + 6480 UNITS MINUTE, CURRENT + 7200 UNITS MINUTE, null, null, 43200000, 132456, CURRENT, 132456, CURRENT);
INSERT INTO project_phase (project_phase_id, project_id, phase_type_id, phase_status_id, fixed_start_time, scheduled_start_time, scheduled_end_time, actual_start_time, actual_end_time, duration, create_user, create_date, modify_user, modify_date) VALUES (80018260, 80018022, 9, 1, null, CURRENT + 7200 UNITS MINUTE, CURRENT + 8640 UNITS MINUTE, null, null, 86400000, 132456, CURRENT, 132456, CURRENT);
INSERT INTO project_phase (project_phase_id, project_id, phase_type_id, phase_status_id, fixed_start_time, scheduled_start_time, scheduled_end_time, actual_start_time, actual_end_time, duration, create_user, create_date, modify_user, modify_date) VALUES (80018261, 80018022, 10, 1, null, CURRENT + 8640 UNITS MINUTE, CURRENT + 9360 UNITS MINUTE, null, null, 43200000, 132456, CURRENT, 132456, CURRENT);
INSERT INTO project_phase (project_phase_id, project_id, phase_type_id, phase_status_id, fixed_start_time, scheduled_start_time, scheduled_end_time, actual_start_time, actual_end_time, duration, create_user, create_date, modify_user, modify_date) VALUES (80018262, 80018022, 11, 1, null, CURRENT + 9360 UNITS MINUTE, CURRENT + 16560 UNITS MINUTE, null, null, 432000000, 132456, CURRENT, 132456, CURRENT);
INSERT INTO phase_dependency (dependency_phase_id, dependent_phase_id, dependency_start, dependent_start, lag_time, create_user, create_date, modify_user, modify_date) VALUES (80018251, 80018252, 0, 1, 0, 132456, CURRENT, 132456, CURRENT);
INSERT INTO phase_dependency (dependency_phase_id, dependent_phase_id, dependency_start, dependent_start, lag_time, create_user, create_date, modify_user, modify_date) VALUES (80018252, 80018253, 0, 1, 0, 132456, CURRENT, 132456, CURRENT);
INSERT INTO phase_dependency (dependency_phase_id, dependent_phase_id, dependency_start, dependent_start, lag_time, create_user, create_date, modify_user, modify_date) VALUES (80018253, 80018254, 1, 1, 0, 132456, CURRENT, 132456, CURRENT);
INSERT INTO phase_dependency (dependency_phase_id, dependent_phase_id, dependency_start, dependent_start, lag_time, create_user, create_date, modify_user, modify_date) VALUES (80018254, 80018255, 0, 1, 0, 132456, CURRENT, 132456, CURRENT);
INSERT INTO phase_dependency (dependency_phase_id, dependent_phase_id, dependency_start, dependent_start, lag_time, create_user, create_date, modify_user, modify_date) VALUES (80018255, 80018256, 0, 1, 0, 132456, CURRENT, 132456, CURRENT);
INSERT INTO phase_dependency (dependency_phase_id, dependent_phase_id, dependency_start, dependent_start, lag_time, create_user, create_date, modify_user, modify_date) VALUES (80018256, 80018257, 0, 1, 0, 132456, CURRENT, 132456, CURRENT);
INSERT INTO phase_dependency (dependency_phase_id, dependent_phase_id, dependency_start, dependent_start, lag_time, create_user, create_date, modify_user, modify_date) VALUES (80018257, 80018258, 0, 1, 0, 132456, CURRENT, 132456, CURRENT);
INSERT INTO phase_dependency (dependency_phase_id, dependent_phase_id, dependency_start, dependent_start, lag_time, create_user, create_date, modify_user, modify_date) VALUES (80018258, 80018259, 0, 1, 0, 132456, CURRENT, 132456, CURRENT);
INSERT INTO phase_dependency (dependency_phase_id, dependent_phase_id, dependency_start, dependent_start, lag_time, create_user, create_date, modify_user, modify_date) VALUES (80018259, 80018260, 0, 1, 0, 132456, CURRENT, 132456, CURRENT);
INSERT INTO phase_dependency (dependency_phase_id, dependent_phase_id, dependency_start, dependent_start, lag_time, create_user, create_date, modify_user, modify_date) VALUES (80018260, 80018261, 0, 1, 0, 132456, CURRENT, 132456, CURRENT);
INSERT INTO phase_dependency (dependency_phase_id, dependent_phase_id, dependency_start, dependent_start, lag_time, create_user, create_date, modify_user, modify_date) VALUES (80018261, 80018262, 0, 1, 0, 132456, CURRENT, 132456, CURRENT);
INSERT INTO phase_criteria (project_phase_id, phase_criteria_type_id, parameter, create_user, create_date, modify_user, modify_date) VALUES (80018252, 1, '30000722', 132456, CURRENT, 132456, CURRENT);
INSERT INTO phase_criteria (project_phase_id, phase_criteria_type_id, parameter, create_user, create_date, modify_user, modify_date) VALUES (80018252, 6, '1', 132456, CURRENT, 132456, CURRENT);
INSERT INTO phase_criteria (project_phase_id, phase_criteria_type_id, parameter, create_user, create_date, modify_user, modify_date) VALUES (80018253, 2, '0', 132456, CURRENT, 132456, CURRENT);
INSERT INTO phase_criteria (project_phase_id, phase_criteria_type_id, parameter, create_user, create_date, modify_user, modify_date) VALUES (80018253, 5, 'No', 132456, CURRENT, 132456, CURRENT);
INSERT INTO phase_criteria (project_phase_id, phase_criteria_type_id, parameter, create_user, create_date, modify_user, modify_date) VALUES (80018254, 3, '0', 132456, CURRENT, 132456, CURRENT);
INSERT INTO phase_criteria (project_phase_id, phase_criteria_type_id, parameter, create_user, create_date, modify_user, modify_date) VALUES (80018254, 5, 'Yes', 132456, CURRENT, 132456, CURRENT);
INSERT INTO phase_criteria (project_phase_id, phase_criteria_type_id, parameter, create_user, create_date, modify_user, modify_date) VALUES (80018255, 1, '30000410', 132456, CURRENT, 132456, CURRENT);
INSERT INTO phase_criteria (project_phase_id, phase_criteria_type_id, parameter, create_user, create_date, modify_user, modify_date) VALUES (80018255, 5, 'No', 132456, CURRENT, 132456, CURRENT);
INSERT INTO phase_criteria (project_phase_id, phase_criteria_type_id, parameter, create_user, create_date, modify_user, modify_date) VALUES (80018256, 1, '30000411', 132456, CURRENT, 132456, CURRENT);
INSERT INTO phase_criteria (project_phase_id, phase_criteria_type_id, parameter, create_user, create_date, modify_user, modify_date) VALUES (80018256, 5, 'No', 132456, CURRENT, 132456, CURRENT);
INSERT INTO phase_criteria (project_phase_id, phase_criteria_type_id, parameter, create_user, create_date, modify_user, modify_date) VALUES (80018256, 6, '3', 132456, CURRENT, 132456, CURRENT);
INSERT INTO phase_criteria (project_phase_id, phase_criteria_type_id, parameter, create_user, create_date, modify_user, modify_date) VALUES (80018257, 4, 'No', 132456, CURRENT, 132456, CURRENT);
INSERT INTO phase_criteria (project_phase_id, phase_criteria_type_id, parameter, create_user, create_date, modify_user, modify_date) VALUES (80018257, 5, 'No', 132456, CURRENT, 132456, CURRENT);
INSERT INTO phase_criteria (project_phase_id, phase_criteria_type_id, parameter, create_user, create_date, modify_user, modify_date) VALUES (80018258, 5, 'No', 132456, CURRENT, 132456, CURRENT);
INSERT INTO phase_criteria (project_phase_id, phase_criteria_type_id, parameter, create_user, create_date, modify_user, modify_date) VALUES (80018259, 5, 'No', 132456, CURRENT, 132456, CURRENT);
INSERT INTO phase_criteria (project_phase_id, phase_criteria_type_id, parameter, create_user, create_date, modify_user, modify_date) VALUES (80018260, 5, 'No', 132456, CURRENT, 132456, CURRENT);
INSERT INTO phase_criteria (project_phase_id, phase_criteria_type_id, parameter, create_user, create_date, modify_user, modify_date) VALUES (80018261, 5, 'No', 132456, CURRENT, 132456, CURRENT);
INSERT INTO phase_criteria (project_phase_id, phase_criteria_type_id, parameter, create_user, create_date, modify_user, modify_date) VALUES (80018262, 1, '30000720', 132456, CURRENT, 132456, CURRENT);
INSERT INTO phase_criteria (project_phase_id, phase_criteria_type_id, parameter, create_user, create_date, modify_user, modify_date) VALUES (80018262, 6, '1', 132456, CURRENT, 132456, CURRENT);
INSERT INTO resource (resource_id, resource_role_id, project_id, project_phase_id, create_user, create_date, modify_user, modify_date, user_id) VALUES (80018261, 13, 80018022, NULL, 132456, CURRENT, 132456, CURRENT, 132456);
INSERT INTO resource (resource_id, resource_role_id, project_id, project_phase_id, create_user, create_date, modify_user, modify_date, user_id) VALUES (80018262, 13, 80018022, NULL, 132456, CURRENT, 132456, CURRENT, 22770213);
INSERT INTO resource (resource_id, resource_role_id, project_id, project_phase_id, create_user, create_date, modify_user, modify_date, user_id) VALUES (80018263, 17, 80018022, NULL, 132456, CURRENT, 132456, CURRENT, 132458);
INSERT INTO resource (resource_id, resource_role_id, project_id, project_phase_id, create_user, create_date, modify_user, modify_date, user_id) VALUES (80018264, 18, 80018022, 80018252, 132456, CURRENT, 132456, CURRENT, 124916);
INSERT INTO resource (resource_id, resource_role_id, project_id, project_phase_id, create_user, create_date, modify_user, modify_date, user_id) VALUES (80018265, 1, 80018022, NULL, 132456, CURRENT, 132456, CURRENT, 80018007);
INSERT INTO component_inquiry (component_inquiry_id, component_id, user_id, comment, agreed_to_terms, rating, phase, tc_user_id, version, create_time, project_id) VALUES (80018059, 80018022, 80018007, null, 1, 0, 150, 80018007, 0, CURRENT, 80018022);
INSERT INTO project_result (user_id, project_id, old_rating, new_rating, raw_score, final_score, payment, placed, rating_ind, valid_submission_ind, create_date, modify_date, passed_review_ind, point_adjustment, rating_order) VALUES (80018007, 80018022, null, null, null, null, null, null, 0, 0, CURRENT, CURRENT, null, null, null);
UPDATE user_rating SET rating = 0 WHERE user_id = 80018007 AND phase_id = 150;
INSERT INTO resource (resource_id, resource_role_id, project_id, project_phase_id, create_user, create_date, modify_user, modify_date, user_id) VALUES (80018266, 1, 80018022, NULL, 132456, CURRENT, 132456, CURRENT, 80018008);
INSERT INTO component_inquiry (component_inquiry_id, component_id, user_id, comment, agreed_to_terms, rating, phase, tc_user_id, version, create_time, project_id) VALUES (80018060, 80018022, 80018008, null, 1, 0, 150, 80018008, 0, CURRENT, 80018022);
INSERT INTO project_result (user_id, project_id, old_rating, new_rating, raw_score, final_score, payment, placed, rating_ind, valid_submission_ind, create_date, modify_date, passed_review_ind, point_adjustment, rating_order) VALUES (80018008, 80018022, null, null, null, null, null, null, 0, 0, CURRENT, CURRENT, null, null, null);
UPDATE user_rating SET rating = 0 WHERE user_id = 80018008 AND phase_id = 150;
INSERT INTO resource (resource_id, resource_role_id, project_id, project_phase_id, create_user, create_date, modify_user, modify_date, user_id) VALUES (80018267, 2, 80018022, 80018255, 132456, CURRENT, 132456, CURRENT, 124836);
INSERT INTO resource (resource_id, resource_role_id, project_id, project_phase_id, create_user, create_date, modify_user, modify_date, user_id) VALUES (80018268, 4, 80018022, 80018256, 132456, CURRENT, 132456, CURRENT, 124836);
INSERT INTO resource (resource_id, resource_role_id, project_id, project_phase_id, create_user, create_date, modify_user, modify_date, user_id) VALUES (80018269, 8, 80018022, 80018259, 132456, CURRENT, 132456, CURRENT, 124836);
INSERT INTO resource (resource_id, resource_role_id, project_id, project_phase_id, create_user, create_date, modify_user, modify_date, user_id) VALUES (80018270, 9, 80018022, 80018261, 132456, CURRENT, 132456, CURRENT, 124836);
INSERT INTO resource (resource_id, resource_role_id, project_id, project_phase_id, create_user, create_date, modify_user, modify_date, user_id) VALUES (80018271, 14, 80018022, NULL, 132456, CURRENT, 132456, CURRENT, 132456);
INSERT INTO resource (resource_id, resource_role_id, project_id, project_phase_id, create_user, create_date, modify_user, modify_date, user_id) VALUES (80018272, 10, 80018022, NULL, 132456, CURRENT, 132456, CURRENT, 132458);
INSERT INTO resource_info (resource_id, resource_info_type_id, value, create_user, create_date, modify_user, modify_date) VALUES (80018261, 1, '132456', 132456, CURRENT, 132456, CURRENT);
INSERT INTO resource_info (resource_id, resource_info_type_id, value, create_user, create_date, modify_user, modify_date) VALUES (80018261, 2, 'heffan', 132456, CURRENT, 132456, CURRENT);
INSERT INTO resource_info (resource_id, resource_info_type_id, value, create_user, create_date, modify_user, modify_date) VALUES (80018261, 8, 'N/A', 132456, CURRENT, 132456, CURRENT);
INSERT INTO resource_info (resource_id, resource_info_type_id, value, create_user, create_date, modify_user, modify_date) VALUES (80018261, 6, '05.12.2016 03:16 AM', 132456, CURRENT, 132456, CURRENT);
INSERT INTO resource_info (resource_id, resource_info_type_id, value, create_user, create_date, modify_user, modify_date) VALUES (80018262, 1, '22770213', 132456, CURRENT, 132456, CURRENT);
INSERT INTO resource_info (resource_id, resource_info_type_id, value, create_user, create_date, modify_user, modify_date) VALUES (80018262, 2, 'Applications', 132456, CURRENT, 132456, CURRENT);
INSERT INTO resource_info (resource_id, resource_info_type_id, value, create_user, create_date, modify_user, modify_date) VALUES (80018262, 8, 'N/A', 132456, CURRENT, 132456, CURRENT);
INSERT INTO resource_info (resource_id, resource_info_type_id, value, create_user, create_date, modify_user, modify_date) VALUES (80018262, 6, '05.12.2016 03:17 AM', 132456, CURRENT, 132456, CURRENT);
INSERT INTO resource_info (resource_id, resource_info_type_id, value, create_user, create_date, modify_user, modify_date) VALUES (80018263, 1, '132458', 132456, CURRENT, 132456, CURRENT);
INSERT INTO resource_info (resource_id, resource_info_type_id, value, create_user, create_date, modify_user, modify_date) VALUES (80018263, 2, 'user', 132456, CURRENT, 132456, CURRENT);
INSERT INTO resource_info (resource_id, resource_info_type_id, value, create_user, create_date, modify_user, modify_date) VALUES (80018263, 8, 'N/A', 132456, CURRENT, 132456, CURRENT);
INSERT INTO resource_info (resource_id, resource_info_type_id, value, create_user, create_date, modify_user, modify_date) VALUES (80018263, 6, '05.12.2016 03:18 AM', 132456, CURRENT, 132456, CURRENT);
INSERT INTO resource_info (resource_id, resource_info_type_id, value, create_user, create_date, modify_user, modify_date) VALUES (80018264, 1, '124916', 132456, CURRENT, 132456, CURRENT);
INSERT INTO resource_info (resource_id, resource_info_type_id, value, create_user, create_date, modify_user, modify_date) VALUES (80018264, 2, 'Yoshi', 132456, CURRENT, 132456, CURRENT);
INSERT INTO resource_info (resource_id, resource_info_type_id, value, create_user, create_date, modify_user, modify_date) VALUES (80018264, 8, 'N/A', 132456, CURRENT, 132456, CURRENT);
INSERT INTO resource_info (resource_id, resource_info_type_id, value, create_user, create_date, modify_user, modify_date) VALUES (80018264, 6, '05.07.2016 01:19 PM', 132456, CURRENT, 132456, CURRENT);
INSERT INTO resource_info (resource_id, resource_info_type_id, value, create_user, create_date, modify_user, modify_date) VALUES (80018265, 1, '80018007', 132456, CURRENT, 132456, CURRENT);
INSERT INTO resource_info (resource_id, resource_info_type_id, value, create_user, create_date, modify_user, modify_date) VALUES (80018265, 2, 'dok80018007', 132456, CURRENT, 132456, CURRENT);
INSERT INTO resource_info (resource_id, resource_info_type_id, value, create_user, create_date, modify_user, modify_date) VALUES (80018265, 3, 'test@test.com', 132456, CURRENT, 132456, CURRENT);
INSERT INTO resource_info (resource_id, resource_info_type_id, value, create_user, create_date, modify_user, modify_date) VALUES (80018265, 8, 'N/A', 132456, CURRENT, 132456, CURRENT);
INSERT INTO resource_info (resource_id, resource_info_type_id, value, create_user, create_date, modify_user, modify_date) VALUES (80018265, 6, '05.12.2016 03:20 AM', 132456, CURRENT, 132456, CURRENT);
INSERT INTO resource_info (resource_id, resource_info_type_id, value, create_user, create_date, modify_user, modify_date) VALUES (80018265, 13, 'No', 132456, CURRENT, 132456, CURRENT);
INSERT INTO resource_info (resource_id, resource_info_type_id, value, create_user, create_date, modify_user, modify_date) VALUES (80018266, 1, '80018008', 132456, CURRENT, 132456, CURRENT);
INSERT INTO resource_info (resource_id, resource_info_type_id, value, create_user, create_date, modify_user, modify_date) VALUES (80018266, 2, 'mess80018008', 132456, CURRENT, 132456, CURRENT);
INSERT INTO resource_info (resource_id, resource_info_type_id, value, create_user, create_date, modify_user, modify_date) VALUES (80018266, 3, 'test@test.com', 132456, CURRENT, 132456, CURRENT);
INSERT INTO resource_info (resource_id, resource_info_type_id, value, create_user, create_date, modify_user, modify_date) VALUES (80018266, 8, 'N/A', 132456, CURRENT, 132456, CURRENT);
INSERT INTO resource_info (resource_id, resource_info_type_id, value, create_user, create_date, modify_user, modify_date) VALUES (80018266, 6, '05.12.2016 03:21 AM', 132456, CURRENT, 132456, CURRENT);
INSERT INTO resource_info (resource_id, resource_info_type_id, value, create_user, create_date, modify_user, modify_date) VALUES (80018266, 13, 'No', 132456, CURRENT, 132456, CURRENT);
INSERT INTO resource_info (resource_id, resource_info_type_id, value, create_user, create_date, modify_user, modify_date) VALUES (80018267, 1, '124836', 132456, CURRENT, 132456, CURRENT);
INSERT INTO resource_info (resource_id, resource_info_type_id, value, create_user, create_date, modify_user, modify_date) VALUES (80018267, 2, 'annej9ny', 132456, CURRENT, 132456, CURRENT);
INSERT INTO resource_info (resource_id, resource_info_type_id, value, create_user, create_date, modify_user, modify_date) VALUES (80018267, 8, 'N/A', 132456, CURRENT, 132456, CURRENT);
INSERT INTO resource_info (resource_id, resource_info_type_id, value, create_user, create_date, modify_user, modify_date) VALUES (80018267, 6, '05.12.2016 03:22 PM', 132456, CURRENT, 132456, CURRENT);
INSERT INTO resource_info (resource_id, resource_info_type_id, value, create_user, create_date, modify_user, modify_date) VALUES (80018268, 1, '124836', 132456, CURRENT, 132456, CURRENT);
INSERT INTO resource_info (resource_id, resource_info_type_id, value, create_user, create_date, modify_user, modify_date) VALUES (80018268, 2, 'annej9ny', 132456, CURRENT, 132456, CURRENT);
INSERT INTO resource_info (resource_id, resource_info_type_id, value, create_user, create_date, modify_user, modify_date) VALUES (80018268, 8, 'N/A', 132456, CURRENT, 132456, CURRENT);
INSERT INTO resource_info (resource_id, resource_info_type_id, value, create_user, create_date, modify_user, modify_date) VALUES (80018268, 6, '05.13.2016 03:23 AM', 132456, CURRENT, 132456, CURRENT);
INSERT INTO resource_info (resource_id, resource_info_type_id, value, create_user, create_date, modify_user, modify_date) VALUES (80018269, 1, '124836', 132456, CURRENT, 132456, CURRENT);
INSERT INTO resource_info (resource_id, resource_info_type_id, value, create_user, create_date, modify_user, modify_date) VALUES (80018269, 2, 'annej9ny', 132456, CURRENT, 132456, CURRENT);
INSERT INTO resource_info (resource_id, resource_info_type_id, value, create_user, create_date, modify_user, modify_date) VALUES (80018269, 8, 'N/A', 132456, CURRENT, 132456, CURRENT);
INSERT INTO resource_info (resource_id, resource_info_type_id, value, create_user, create_date, modify_user, modify_date) VALUES (80018269, 6, '05.16.2016 03:24 PM', 132456, CURRENT, 132456, CURRENT);
INSERT INTO resource_info (resource_id, resource_info_type_id, value, create_user, create_date, modify_user, modify_date) VALUES (80018270, 1, '124836', 132456, CURRENT, 132456, CURRENT);
INSERT INTO resource_info (resource_id, resource_info_type_id, value, create_user, create_date, modify_user, modify_date) VALUES (80018270, 2, 'annej9ny', 132456, CURRENT, 132456, CURRENT);
INSERT INTO resource_info (resource_id, resource_info_type_id, value, create_user, create_date, modify_user, modify_date) VALUES (80018270, 8, 'N/A', 132456, CURRENT, 132456, CURRENT);
INSERT INTO resource_info (resource_id, resource_info_type_id, value, create_user, create_date, modify_user, modify_date) VALUES (80018270, 6, '05.18.2016 03:25 AM', 132456, CURRENT, 132456, CURRENT);
INSERT INTO resource_info (resource_id, resource_info_type_id, value, create_user, create_date, modify_user, modify_date) VALUES (80018271, 1, '132456', 132456, CURRENT, 132456, CURRENT);
INSERT INTO resource_info (resource_id, resource_info_type_id, value, create_user, create_date, modify_user, modify_date) VALUES (80018271, 2, 'heffan', 132456, CURRENT, 132456, CURRENT);
INSERT INTO resource_info (resource_id, resource_info_type_id, value, create_user, create_date, modify_user, modify_date) VALUES (80018271, 8, 'N/A', 132456, CURRENT, 132456, CURRENT);
INSERT INTO resource_info (resource_id, resource_info_type_id, value, create_user, create_date, modify_user, modify_date) VALUES (80018271, 6, '05.12.2016 03:26 AM', 132456, CURRENT, 132456, CURRENT);
INSERT INTO resource_info (resource_id, resource_info_type_id, value, create_user, create_date, modify_user, modify_date) VALUES (80018272, 1, '132458', 132456, CURRENT, 132456, CURRENT);
INSERT INTO resource_info (resource_id, resource_info_type_id, value, create_user, create_date, modify_user, modify_date) VALUES (80018272, 2, 'user', 132456, CURRENT, 132456, CURRENT);
INSERT INTO resource_info (resource_id, resource_info_type_id, value, create_user, create_date, modify_user, modify_date) VALUES (80018272, 8, 'N/A', 132456, CURRENT, 132456, CURRENT);
INSERT INTO resource_info (resource_id, resource_info_type_id, value, create_user, create_date, modify_user, modify_date) VALUES (80018272, 6, '05.12.2016 03:27 AM', 132456, CURRENT, 132456, CURRENT);
INSERT INTO upload (upload_id, project_id, resource_id, upload_type_id, upload_status_id, parameter, create_user, create_date, modify_user, modify_date, project_phase_id) VALUES (80018068, 80018022, 80018263, 1, 1, '80018022_80018263_80018068.zip', 132458, '2016-05-12 03:18:09', 132458, CURRENT, 80018251);
INSERT INTO submission (submission_id, upload_id, submission_status_id, screening_score, initial_score, final_score, placement, submission_type_id, create_user, create_date, modify_user, modify_date, prize_id) VALUES (80018056, 80018068, 1, null, null, null, null, 2, 132458, '2016-05-12 13:00:33', 132458, '2016-05-12 13:00:33', null);
INSERT INTO resource_submission (resource_id, submission_id, create_user, create_date, modify_user, modify_date) VALUES (80018263, 80018056, 132458, CURRENT, 132458, CURRENT);
INSERT INTO review (review_id, resource_id, submission_id, scorecard_id, committed, initial_score, score, create_user, create_date, modify_user, modify_date, project_phase_id) VALUES (80018098, 80018264, 80018056, 30000722, 1, 100.0, 100.0, 124916, CURRENT, 124916, CURRENT, 80018252);
INSERT INTO review_comment (review_comment_id, resource_id, review_id, comment_type_id, content, extra_info, sort, create_user, create_date, modify_user, modify_date) VALUES (80018026, 80018264, 80018098, 14, '', 'Approved', 0, 124916, CURRENT, 124916, CURRENT);
INSERT INTO review_item (review_item_id, review_id, scorecard_question_id, upload_id, answer, sort, create_user, create_date, modify_user, modify_date) VALUES (80018098, 80018098, 30001008, null, '4/4', 0, 124916, CURRENT, 124916, CURRENT);
INSERT INTO review_item_comment (review_item_comment_id, resource_id, review_item_id, comment_type_id, content, extra_info, sort, create_user, create_date, modify_user, modify_date) VALUES (80018158, 80018264, 80018098, 1, 'Ok', NULL, 0, 124916, CURRENT, 124916, CURRENT);
INSERT INTO notification (project_id, external_ref_id, notification_type_id, create_user, create_date, modify_user, modify_date) VALUES (80018022, 80018007, 1, 132456, CURRENT, 132456, CURRENT);
INSERT INTO notification (project_id, external_ref_id, notification_type_id, create_user, create_date, modify_user, modify_date) VALUES (80018022, 124916, 1, 132456, CURRENT, 132456, CURRENT);
INSERT INTO notification (project_id, external_ref_id, notification_type_id, create_user, create_date, modify_user, modify_date) VALUES (80018022, 124836, 1, 132456, CURRENT, 132456, CURRENT);
INSERT INTO notification (project_id, external_ref_id, notification_type_id, create_user, create_date, modify_user, modify_date) VALUES (80018022, 132458, 1, 132456, CURRENT, 132456, CURRENT);
INSERT INTO notification (project_id, external_ref_id, notification_type_id, create_user, create_date, modify_user, modify_date) VALUES (80018022, 132456, 1, 132456, CURRENT, 132456, CURRENT);
INSERT INTO notification (project_id, external_ref_id, notification_type_id, create_user, create_date, modify_user, modify_date) VALUES (80018022, 80018008, 1, 132456, CURRENT, 132456, CURRENT);
INSERT INTO notification (project_id, external_ref_id, notification_type_id, create_user, create_date, modify_user, modify_date) VALUES (80018022, 22770213, 1, 132456, CURRENT, 132456, CURRENT);
INSERT INTO contest_sale (contest_sale_id, contest_id, sale_status_id, price, paypal_order_id, create_date, sale_reference_id, sale_type_id) VALUES (80018022, 80018022, 1, 8964.0, 'PO BOX 80018001', CURRENT, 'PO BOX 80018001', 2);
INSERT INTO project_payment (project_payment_id, project_payment_type_id, resource_id, submission_id, amount, pacts_payment_id, create_user,create_date, modify_user, modify_date) VALUES (80018086, 3, 80018264, null, 50.0, null, 132456, CURRENT, 132456, CURRENT);
INSERT INTO project_payment (project_payment_id, project_payment_type_id, resource_id, submission_id, amount, pacts_payment_id, create_user,create_date, modify_user, modify_date) VALUES (80018087, 4, 80018271, null, 350.0, null, 132456, CURRENT, 132456, CURRENT);
INSERT INTO contest_milestone_xref (contest_id, project_milestone_id, create_user, create_date, modify_user, modify_date) VALUES (80018022, 800180010, 132456, CURRENT, 132456, CURRENT);
INSERT INTO project_platform (project_id, project_platform_id, create_user, create_date, modify_user, modify_date) VALUES (80018022, 14, 132456, CURRENT, 132456, CURRENT);
INSERT INTO review_auction (review_auction_id, project_id, review_auction_type_id) VALUES (80028022, 80018022, 3);
INSERT INTO review_auction (review_auction_id, project_id, review_auction_type_id) VALUES (80018022, 80018022, 1);
INSERT INTO comp_catalog (component_id, current_version, short_desc, component_name, description, function_desc, create_time, status_id, root_category_id, modify_date, public_ind)  VALUES (80018023, 1, 'Short description for Code Contest 23', 'Code Contest 23', 'Description for Code Contest 23', 'Functional description for Code Contest 23', CURRENT, 1, 27202903, CURRENT, 1);
INSERT INTO comp_categories (comp_categories_id, component_id, category_id)  VALUES (80018023, 80018023, 27202903);
INSERT INTO comp_versions (comp_vers_id, component_id, version, version_text, create_time, phase_id, phase_time, price, comments, modify_date, suspended_ind) VALUES (80018023, 80018023, 1, '1.0', CURRENT, 112, CURRENT, 1000.0, 'Comments for version #1', CURRENT, 0);
INSERT INTO comp_version_dates (comp_version_dates_id, comp_vers_id, phase_id, posting_date, initial_submission_date, winner_announced_date, final_submission_date, estimated_dev_date, price, total_submissions, status_id, create_time, level_id, screening_complete_date, review_complete_date, aggregation_complete_date, phase_complete_date, production_date, aggregation_complete_date_comment, phase_complete_date_comment, review_complete_date_comment, winner_announced_date_comment, initial_submission_date_comment, screening_complete_date_comment, final_submission_date_comment, production_date_comment, modify_date) VALUES (80018023, 80018023, 112, '1976-06-05', '2000-02-01', '2000-02-01', '2000-02-01', '2000-02-01', 0.00, 0, 301, CURRENT, 100, '2000-02-01', '2000-02-01', '2000-02-01', '2000-02-01', null, null, null, null, null, null, null, null, null, CURRENT);
INSERT INTO comp_technology (comp_tech_id, comp_vers_id, technology_type_id) VALUES (800180230, 80018023, 9);
INSERT INTO comp_technology (comp_tech_id, comp_vers_id, technology_type_id) VALUES (800180231, 80018023, 8);
INSERT INTO comp_technology (comp_tech_id, comp_vers_id, technology_type_id) VALUES (800180232, 80018023, 27169590);
INSERT INTO comp_technology (comp_tech_id, comp_vers_id, technology_type_id) VALUES (800180233, 80018023, 4202327);
INSERT INTO comp_technology (comp_tech_id, comp_vers_id, technology_type_id) VALUES (800180234, 80018023, 27141051);
INSERT INTO project (project_id, project_status_id, project_category_id, create_user, create_date, modify_user, modify_date, tc_direct_project_id, project_studio_spec_id) VALUES (80018023, 1, 39, 132456, CURRENT, 132456, CURRENT, 80018001, NULL);
INSERT INTO project_info (project_id, project_info_type_id, value, create_user, create_date, modify_user, modify_date) VALUES (80018023, 1, '80018023', 132456, CURRENT, 132456, CURRENT);
INSERT INTO project_info (project_id, project_info_type_id, value, create_user, create_date, modify_user, modify_date) VALUES (80018023, 2, '80018023', 132456, CURRENT, 132456, CURRENT);
INSERT INTO project_info (project_id, project_info_type_id, value, create_user, create_date, modify_user, modify_date) VALUES (80018023, 3, '80018023', 132456, CURRENT, 132456, CURRENT);
INSERT INTO project_info (project_id, project_info_type_id, value, create_user, create_date, modify_user, modify_date) VALUES (80018023, 4, '80018024', 132456, CURRENT, 132456, CURRENT);
INSERT INTO comp_jive_category_xref (comp_vers_id, jive_category_id) VALUES (80018023, 0);
INSERT INTO project_info (project_id, project_info_type_id, value, create_user, create_date, modify_user, modify_date) VALUES (80018023, 5, '27202903', 132456, CURRENT, 132456, CURRENT);
INSERT INTO project_info (project_id, project_info_type_id, value, create_user, create_date, modify_user, modify_date) VALUES (80018023, 6, 'Code Contest 23', 132456, CURRENT, 132456, CURRENT);
INSERT INTO project_info (project_id, project_info_type_id, value, create_user, create_date, modify_user, modify_date) VALUES (80018023, 7, '1.0', 132456, CURRENT, 132456, CURRENT);
INSERT INTO project_info (project_id, project_info_type_id, value, create_user, create_date, modify_user, modify_date) VALUES (80018023, 8, '', 132456, CURRENT, 132456, CURRENT);
INSERT INTO project_info (project_id, project_info_type_id, value, create_user, create_date, modify_user, modify_date) VALUES (80018023, 11, 'On', 132456, CURRENT, 132456, CURRENT);
INSERT INTO project_info (project_id, project_info_type_id, value, create_user, create_date, modify_user, modify_date) VALUES (80018023, 9, 'On', 132456, CURRENT, 132456, CURRENT);
INSERT INTO project_info (project_id, project_info_type_id, value, create_user, create_date, modify_user, modify_date) VALUES (80018023, 10, 'On', 132456, CURRENT, 132456, CURRENT);
INSERT INTO project_info (project_id, project_info_type_id, value, create_user, create_date, modify_user, modify_date) VALUES (80018023, 12, 'Yes', 132456, CURRENT, 132456, CURRENT);
INSERT INTO project_info (project_id, project_info_type_id, value, create_user, create_date, modify_user, modify_date) VALUES (80018023, 13, 'Yes', 132456, CURRENT, 132456, CURRENT);
INSERT INTO project_info (project_id, project_info_type_id, value, create_user, create_date, modify_user, modify_date) VALUES (80018023, 14, 'Open', 132456, CURRENT, 132456, CURRENT);
INSERT INTO project_info (project_id, project_info_type_id, value, create_user, create_date, modify_user, modify_date) VALUES (80018023, 16, '1000.0', 132456, CURRENT, 132456, CURRENT);
INSERT INTO project_info (project_id, project_info_type_id, value, create_user, create_date, modify_user, modify_date) VALUES (80018023, 17, '', 132456, CURRENT, 132456, CURRENT);
INSERT INTO project_info (project_id, project_info_type_id, value, create_user, create_date, modify_user, modify_date) VALUES (80018023, 26, 'On', 132456, CURRENT, 132456, CURRENT);
INSERT INTO project_info (project_id, project_info_type_id, value, create_user, create_date, modify_user, modify_date) VALUES (80018023, 30, '450.0', 132456, CURRENT, 132456, CURRENT);
INSERT INTO project_info (project_id, project_info_type_id, value, create_user, create_date, modify_user, modify_date) VALUES (80018023, 31, '6001.0', 132456, CURRENT, 132456, CURRENT);
INSERT INTO project_info (project_id, project_info_type_id, value, create_user, create_date, modify_user, modify_date) VALUES (80018023, 33, '683.0', 132456, CURRENT, 132456, CURRENT);
INSERT INTO project_info (project_id, project_info_type_id, value, create_user, create_date, modify_user, modify_date) VALUES (80018023, 35, '30.0', 132456, CURRENT, 132456, CURRENT);
INSERT INTO project_info (project_id, project_info_type_id, value, create_user, create_date, modify_user, modify_date) VALUES (80018023, 36, '1000.0', 132456, CURRENT, 132456, CURRENT);
INSERT INTO project_info (project_id, project_info_type_id, value, create_user, create_date, modify_user, modify_date) VALUES (80018023, 37, '500.0', 132456, CURRENT, 132456, CURRENT);
INSERT INTO project_info (project_id, project_info_type_id, value, create_user, create_date, modify_user, modify_date) VALUES (80018023, 45, 'true', 132456, CURRENT, 132456, CURRENT);
INSERT INTO project_info (project_id, project_info_type_id, value, create_user, create_date, modify_user, modify_date) VALUES (80018023, 47, 'true', 132456, CURRENT, 132456, CURRENT);
INSERT INTO project_info (project_id, project_info_type_id, value, create_user, create_date, modify_user, modify_date) VALUES (80018023, 38, '300.0', 132456, CURRENT, 132456, CURRENT);
INSERT INTO project_info (project_id, project_info_type_id, value, create_user, create_date, modify_user, modify_date) VALUES (80018023, 39, '0.0', 132456, CURRENT, 132456, CURRENT);
INSERT INTO project_info (project_id, project_info_type_id, value, create_user, create_date, modify_user, modify_date) VALUES (80018023, 40, 'B', 132456, CURRENT, 132456, CURRENT);
INSERT INTO project_info (project_id, project_info_type_id, value, create_user, create_date, modify_user, modify_date) VALUES (80018023, 32, '80018001', 132456, CURRENT, 132456, CURRENT);
INSERT INTO project_info (project_id, project_info_type_id, value, create_user, create_date, modify_user, modify_date) VALUES (80018023, 41, 'true', 132456, CURRENT, 132456, CURRENT);
INSERT INTO project_info (project_id, project_info_type_id, value, create_user, create_date, modify_user, modify_date) VALUES (80018023, 43, 'true', 132456, CURRENT, 132456, CURRENT);
INSERT INTO project_info (project_id, project_info_type_id, value, create_user, create_date, modify_user, modify_date) VALUES (80018023, 44, 'false', 132456, CURRENT, 132456, CURRENT);
INSERT INTO project_info (project_id, project_info_type_id, value, create_user, create_date, modify_user, modify_date) VALUES (80018023, 46, 'true', 132456, CURRENT, 132456, CURRENT);
INSERT INTO project_info (project_id, project_info_type_id, value, create_user, create_date, modify_user, modify_date) VALUES (80018023, 48, 'true', 132456, CURRENT, 132456, CURRENT);
INSERT INTO project_info (project_id, project_info_type_id, value, create_user, create_date, modify_user, modify_date) VALUES (80018023, 49, '500', 132456, CURRENT, 132456, CURRENT);
INSERT INTO project_info (project_id, project_info_type_id, value, create_user, create_date, modify_user, modify_date) VALUES (80018023, 59, 'true', 132456, CURRENT, 132456, CURRENT);
INSERT INTO project_info (project_id, project_info_type_id, value, create_user, create_date, modify_user, modify_date) VALUES (80018023, 64, '58106', 132456, CURRENT, 132456, CURRENT);
INSERT INTO prize (prize_id, place, prize_amount, prize_type_id, number_of_submissions,                    create_user, create_date, modify_user, modify_date, project_id) VALUES (80018051, 1, 1000.0, 15, 1, 132456, CURRENT, 132456, CURRENT, 80018023);
INSERT INTO prize (prize_id, place, prize_amount, prize_type_id, number_of_submissions,                    create_user, create_date, modify_user, modify_date, project_id) VALUES (80018052, 2, 500.0, 15, 1, 132456, CURRENT, 132456, CURRENT, 80018023);
INSERT INTO project_spec (project_spec_id, project_id, version, detailed_requirements, submission_deliverables, environment_setup_instruction, final_submission_guidelines, private_description, create_user, create_date, modify_user, modify_date) VALUES (80018023, 80018023, 1, 'Detailed requirements for Code Contest 23', '', '', 'Final submission guidelines for Code Contest 23', '', 132456, CURRENT, 132456, CURRENT);
INSERT INTO project_phase (project_phase_id, project_id, phase_type_id, phase_status_id, fixed_start_time, scheduled_start_time, scheduled_end_time, actual_start_time, actual_end_time, duration, create_user, create_date, modify_user, modify_date) VALUES (80018263, 80018023, 13, 3, CURRENT + -15240 UNITS MINUTE, CURRENT + -15240 UNITS MINUTE, CURRENT + -12360 UNITS MINUTE, CURRENT + -15240 UNITS MINUTE, CURRENT + -12360 UNITS MINUTE, 172800000, 132456, CURRENT, 132456, CURRENT);
INSERT INTO project_phase (project_phase_id, project_id, phase_type_id, phase_status_id, fixed_start_time, scheduled_start_time, scheduled_end_time, actual_start_time, actual_end_time, duration, create_user, create_date, modify_user, modify_date) VALUES (80018264, 80018023, 14, 3, null, CURRENT + -12360 UNITS MINUTE, CURRENT + -12240 UNITS MINUTE, CURRENT + -12360 UNITS MINUTE, CURRENT + -12240 UNITS MINUTE, 7200000, 132456, CURRENT, 132456, CURRENT);
INSERT INTO project_phase (project_phase_id, project_id, phase_type_id, phase_status_id, fixed_start_time, scheduled_start_time, scheduled_end_time, actual_start_time, actual_end_time, duration, create_user, create_date, modify_user, modify_date) VALUES (80018265, 80018023, 1, 3, CURRENT + -12240 UNITS MINUTE, CURRENT + -12240 UNITS MINUTE, CURRENT + -9360 UNITS MINUTE, CURRENT + -12240 UNITS MINUTE, CURRENT + -9360 UNITS MINUTE, 172800000, 132456, CURRENT, 132456, CURRENT);
INSERT INTO project_phase (project_phase_id, project_id, phase_type_id, phase_status_id, fixed_start_time, scheduled_start_time, scheduled_end_time, actual_start_time, actual_end_time, duration, create_user, create_date, modify_user, modify_date) VALUES (80018266, 80018023, 2, 3, null, CURRENT + -12240 UNITS MINUTE, CURRENT + -5040 UNITS MINUTE, CURRENT + -12240 UNITS MINUTE, CURRENT + -5040 UNITS MINUTE, 432000000, 132456, CURRENT, 132456, CURRENT);
INSERT INTO project_phase (project_phase_id, project_id, phase_type_id, phase_status_id, fixed_start_time, scheduled_start_time, scheduled_end_time, actual_start_time, actual_end_time, duration, create_user, create_date, modify_user, modify_date) VALUES (80018267, 80018023, 3, 3, null, CURRENT + -5040 UNITS MINUTE, CURRENT + -4320 UNITS MINUTE, CURRENT + -5040 UNITS MINUTE, CURRENT + -4320 UNITS MINUTE, 43200000, 132456, CURRENT, 132456, CURRENT);
INSERT INTO project_phase (project_phase_id, project_id, phase_type_id, phase_status_id, fixed_start_time, scheduled_start_time, scheduled_end_time, actual_start_time, actual_end_time, duration, create_user, create_date, modify_user, modify_date) VALUES (80018268, 80018023, 4, 2, null, CURRENT + -4320 UNITS MINUTE, CURRENT + -1440 UNITS MINUTE, CURRENT + -4320 UNITS MINUTE, null, 172800000, 132456, CURRENT, 132456, CURRENT);
INSERT INTO project_phase (project_phase_id, project_id, phase_type_id, phase_status_id, fixed_start_time, scheduled_start_time, scheduled_end_time, actual_start_time, actual_end_time, duration, create_user, create_date, modify_user, modify_date) VALUES (80018269, 80018023, 5, 1, null, CURRENT + -1440 UNITS MINUTE, CURRENT + 0 UNITS MINUTE, null, null, 86400000, 132456, CURRENT, 132456, CURRENT);
INSERT INTO project_phase (project_phase_id, project_id, phase_type_id, phase_status_id, fixed_start_time, scheduled_start_time, scheduled_end_time, actual_start_time, actual_end_time, duration, create_user, create_date, modify_user, modify_date) VALUES (80018270, 80018023, 6, 1, null, CURRENT + 0 UNITS MINUTE, CURRENT + 720 UNITS MINUTE, null, null, 43200000, 132456, CURRENT, 132456, CURRENT);
INSERT INTO project_phase (project_phase_id, project_id, phase_type_id, phase_status_id, fixed_start_time, scheduled_start_time, scheduled_end_time, actual_start_time, actual_end_time, duration, create_user, create_date, modify_user, modify_date) VALUES (80018271, 80018023, 7, 1, null, CURRENT + 720 UNITS MINUTE, CURRENT + 1440 UNITS MINUTE, null, null, 43200000, 132456, CURRENT, 132456, CURRENT);
INSERT INTO project_phase (project_phase_id, project_id, phase_type_id, phase_status_id, fixed_start_time, scheduled_start_time, scheduled_end_time, actual_start_time, actual_end_time, duration, create_user, create_date, modify_user, modify_date) VALUES (80018272, 80018023, 9, 1, null, CURRENT + 1440 UNITS MINUTE, CURRENT + 2880 UNITS MINUTE, null, null, 86400000, 132456, CURRENT, 132456, CURRENT);
INSERT INTO project_phase (project_phase_id, project_id, phase_type_id, phase_status_id, fixed_start_time, scheduled_start_time, scheduled_end_time, actual_start_time, actual_end_time, duration, create_user, create_date, modify_user, modify_date) VALUES (80018273, 80018023, 10, 1, null, CURRENT + 2880 UNITS MINUTE, CURRENT + 3600 UNITS MINUTE, null, null, 43200000, 132456, CURRENT, 132456, CURRENT);
INSERT INTO project_phase (project_phase_id, project_id, phase_type_id, phase_status_id, fixed_start_time, scheduled_start_time, scheduled_end_time, actual_start_time, actual_end_time, duration, create_user, create_date, modify_user, modify_date) VALUES (80018274, 80018023, 11, 1, null, CURRENT + 3600 UNITS MINUTE, CURRENT + 10800 UNITS MINUTE, null, null, 432000000, 132456, CURRENT, 132456, CURRENT);
INSERT INTO phase_dependency (dependency_phase_id, dependent_phase_id, dependency_start, dependent_start, lag_time, create_user, create_date, modify_user, modify_date) VALUES (80018263, 80018264, 0, 1, 0, 132456, CURRENT, 132456, CURRENT);
INSERT INTO phase_dependency (dependency_phase_id, dependent_phase_id, dependency_start, dependent_start, lag_time, create_user, create_date, modify_user, modify_date) VALUES (80018264, 80018265, 0, 1, 0, 132456, CURRENT, 132456, CURRENT);
INSERT INTO phase_dependency (dependency_phase_id, dependent_phase_id, dependency_start, dependent_start, lag_time, create_user, create_date, modify_user, modify_date) VALUES (80018265, 80018266, 1, 1, 0, 132456, CURRENT, 132456, CURRENT);
INSERT INTO phase_dependency (dependency_phase_id, dependent_phase_id, dependency_start, dependent_start, lag_time, create_user, create_date, modify_user, modify_date) VALUES (80018266, 80018267, 0, 1, 0, 132456, CURRENT, 132456, CURRENT);
INSERT INTO phase_dependency (dependency_phase_id, dependent_phase_id, dependency_start, dependent_start, lag_time, create_user, create_date, modify_user, modify_date) VALUES (80018267, 80018268, 0, 1, 0, 132456, CURRENT, 132456, CURRENT);
INSERT INTO phase_dependency (dependency_phase_id, dependent_phase_id, dependency_start, dependent_start, lag_time, create_user, create_date, modify_user, modify_date) VALUES (80018268, 80018269, 0, 1, 0, 132456, CURRENT, 132456, CURRENT);
INSERT INTO phase_dependency (dependency_phase_id, dependent_phase_id, dependency_start, dependent_start, lag_time, create_user, create_date, modify_user, modify_date) VALUES (80018269, 80018270, 0, 1, 0, 132456, CURRENT, 132456, CURRENT);
INSERT INTO phase_dependency (dependency_phase_id, dependent_phase_id, dependency_start, dependent_start, lag_time, create_user, create_date, modify_user, modify_date) VALUES (80018270, 80018271, 0, 1, 0, 132456, CURRENT, 132456, CURRENT);
INSERT INTO phase_dependency (dependency_phase_id, dependent_phase_id, dependency_start, dependent_start, lag_time, create_user, create_date, modify_user, modify_date) VALUES (80018271, 80018272, 0, 1, 0, 132456, CURRENT, 132456, CURRENT);
INSERT INTO phase_dependency (dependency_phase_id, dependent_phase_id, dependency_start, dependent_start, lag_time, create_user, create_date, modify_user, modify_date) VALUES (80018272, 80018273, 0, 1, 0, 132456, CURRENT, 132456, CURRENT);
INSERT INTO phase_dependency (dependency_phase_id, dependent_phase_id, dependency_start, dependent_start, lag_time, create_user, create_date, modify_user, modify_date) VALUES (80018273, 80018274, 0, 1, 0, 132456, CURRENT, 132456, CURRENT);
INSERT INTO phase_criteria (project_phase_id, phase_criteria_type_id, parameter, create_user, create_date, modify_user, modify_date) VALUES (80018264, 1, '30000722', 132456, CURRENT, 132456, CURRENT);
INSERT INTO phase_criteria (project_phase_id, phase_criteria_type_id, parameter, create_user, create_date, modify_user, modify_date) VALUES (80018264, 6, '1', 132456, CURRENT, 132456, CURRENT);
INSERT INTO phase_criteria (project_phase_id, phase_criteria_type_id, parameter, create_user, create_date, modify_user, modify_date) VALUES (80018265, 2, '0', 132456, CURRENT, 132456, CURRENT);
INSERT INTO phase_criteria (project_phase_id, phase_criteria_type_id, parameter, create_user, create_date, modify_user, modify_date) VALUES (80018265, 5, 'No', 132456, CURRENT, 132456, CURRENT);
INSERT INTO phase_criteria (project_phase_id, phase_criteria_type_id, parameter, create_user, create_date, modify_user, modify_date) VALUES (80018266, 3, '0', 132456, CURRENT, 132456, CURRENT);
INSERT INTO phase_criteria (project_phase_id, phase_criteria_type_id, parameter, create_user, create_date, modify_user, modify_date) VALUES (80018266, 5, 'Yes', 132456, CURRENT, 132456, CURRENT);
INSERT INTO phase_criteria (project_phase_id, phase_criteria_type_id, parameter, create_user, create_date, modify_user, modify_date) VALUES (80018267, 1, '30000410', 132456, CURRENT, 132456, CURRENT);
INSERT INTO phase_criteria (project_phase_id, phase_criteria_type_id, parameter, create_user, create_date, modify_user, modify_date) VALUES (80018267, 5, 'No', 132456, CURRENT, 132456, CURRENT);
INSERT INTO phase_criteria (project_phase_id, phase_criteria_type_id, parameter, create_user, create_date, modify_user, modify_date) VALUES (80018268, 1, '30000411', 132456, CURRENT, 132456, CURRENT);
INSERT INTO phase_criteria (project_phase_id, phase_criteria_type_id, parameter, create_user, create_date, modify_user, modify_date) VALUES (80018268, 5, 'No', 132456, CURRENT, 132456, CURRENT);
INSERT INTO phase_criteria (project_phase_id, phase_criteria_type_id, parameter, create_user, create_date, modify_user, modify_date) VALUES (80018268, 6, '3', 132456, CURRENT, 132456, CURRENT);
INSERT INTO phase_criteria (project_phase_id, phase_criteria_type_id, parameter, create_user, create_date, modify_user, modify_date) VALUES (80018269, 4, 'No', 132456, CURRENT, 132456, CURRENT);
INSERT INTO phase_criteria (project_phase_id, phase_criteria_type_id, parameter, create_user, create_date, modify_user, modify_date) VALUES (80018269, 5, 'No', 132456, CURRENT, 132456, CURRENT);
INSERT INTO phase_criteria (project_phase_id, phase_criteria_type_id, parameter, create_user, create_date, modify_user, modify_date) VALUES (80018270, 5, 'No', 132456, CURRENT, 132456, CURRENT);
INSERT INTO phase_criteria (project_phase_id, phase_criteria_type_id, parameter, create_user, create_date, modify_user, modify_date) VALUES (80018271, 5, 'No', 132456, CURRENT, 132456, CURRENT);
INSERT INTO phase_criteria (project_phase_id, phase_criteria_type_id, parameter, create_user, create_date, modify_user, modify_date) VALUES (80018272, 5, 'No', 132456, CURRENT, 132456, CURRENT);
INSERT INTO phase_criteria (project_phase_id, phase_criteria_type_id, parameter, create_user, create_date, modify_user, modify_date) VALUES (80018273, 5, 'No', 132456, CURRENT, 132456, CURRENT);
INSERT INTO phase_criteria (project_phase_id, phase_criteria_type_id, parameter, create_user, create_date, modify_user, modify_date) VALUES (80018274, 1, '30000720', 132456, CURRENT, 132456, CURRENT);
INSERT INTO phase_criteria (project_phase_id, phase_criteria_type_id, parameter, create_user, create_date, modify_user, modify_date) VALUES (80018274, 6, '1', 132456, CURRENT, 132456, CURRENT);
INSERT INTO resource (resource_id, resource_role_id, project_id, project_phase_id, create_user, create_date, modify_user, modify_date, user_id) VALUES (80018273, 13, 80018023, NULL, 132456, CURRENT, 132456, CURRENT, 132456);
INSERT INTO resource (resource_id, resource_role_id, project_id, project_phase_id, create_user, create_date, modify_user, modify_date, user_id) VALUES (80018274, 13, 80018023, NULL, 132456, CURRENT, 132456, CURRENT, 22770213);
INSERT INTO resource (resource_id, resource_role_id, project_id, project_phase_id, create_user, create_date, modify_user, modify_date, user_id) VALUES (80018275, 17, 80018023, NULL, 132456, CURRENT, 132456, CURRENT, 132458);
INSERT INTO resource (resource_id, resource_role_id, project_id, project_phase_id, create_user, create_date, modify_user, modify_date, user_id) VALUES (80018276, 18, 80018023, 80018264, 132456, CURRENT, 132456, CURRENT, 124916);
INSERT INTO resource (resource_id, resource_role_id, project_id, project_phase_id, create_user, create_date, modify_user, modify_date, user_id) VALUES (80018277, 1, 80018023, NULL, 132456, CURRENT, 132456, CURRENT, 80018014);
INSERT INTO component_inquiry (component_inquiry_id, component_id, user_id, comment, agreed_to_terms, rating, phase, tc_user_id, version, create_time, project_id) VALUES (80018061, 80018023, 80018014, null, 1, 2708, 150, 80018014, 0, CURRENT, 80018023);
INSERT INTO project_result (user_id, project_id, old_rating, new_rating, raw_score, final_score, payment, placed, rating_ind, valid_submission_ind, create_date, modify_date, passed_review_ind, point_adjustment, rating_order) VALUES (80018014, 80018023, 2708, null, null, null, null, null, 0, 0, CURRENT, CURRENT, null, null, null);
UPDATE user_rating SET rating = 2708 WHERE user_id = 80018014 AND phase_id = 150;
INSERT INTO resource (resource_id, resource_role_id, project_id, project_phase_id, create_user, create_date, modify_user, modify_date, user_id) VALUES (80018278, 1, 80018023, NULL, 132456, CURRENT, 132456, CURRENT, 80018010);
INSERT INTO component_inquiry (component_inquiry_id, component_id, user_id, comment, agreed_to_terms, rating, phase, tc_user_id, version, create_time, project_id) VALUES (80018062, 80018023, 80018010, null, 1, 2597, 150, 80018010, 0, CURRENT, 80018023);
INSERT INTO project_result (user_id, project_id, old_rating, new_rating, raw_score, final_score, payment, placed, rating_ind, valid_submission_ind, create_date, modify_date, passed_review_ind, point_adjustment, rating_order) VALUES (80018010, 80018023, 2597, null, null, null, null, null, 0, 0, CURRENT, CURRENT, null, null, null);
UPDATE user_rating SET rating = 2597 WHERE user_id = 80018010 AND phase_id = 150;
INSERT INTO resource (resource_id, resource_role_id, project_id, project_phase_id, create_user, create_date, modify_user, modify_date, user_id) VALUES (80018279, 1, 80018023, NULL, 132456, CURRENT, 132456, CURRENT, 80018016);
INSERT INTO component_inquiry (component_inquiry_id, component_id, user_id, comment, agreed_to_terms, rating, phase, tc_user_id, version, create_time, project_id) VALUES (80018063, 80018023, 80018016, null, 1, 2535, 150, 80018016, 0, CURRENT, 80018023);
INSERT INTO project_result (user_id, project_id, old_rating, new_rating, raw_score, final_score, payment, placed, rating_ind, valid_submission_ind, create_date, modify_date, passed_review_ind, point_adjustment, rating_order) VALUES (80018016, 80018023, 2535, null, null, null, null, null, 0, 0, CURRENT, CURRENT, null, null, null);
UPDATE user_rating SET rating = 2535 WHERE user_id = 80018016 AND phase_id = 150;
INSERT INTO resource (resource_id, resource_role_id, project_id, project_phase_id, create_user, create_date, modify_user, modify_date, user_id) VALUES (80018280, 1, 80018023, NULL, 132456, CURRENT, 132456, CURRENT, 80018013);
INSERT INTO component_inquiry (component_inquiry_id, component_id, user_id, comment, agreed_to_terms, rating, phase, tc_user_id, version, create_time, project_id) VALUES (80018064, 80018023, 80018013, null, 1, 0, 150, 80018013, 0, CURRENT, 80018023);
INSERT INTO project_result (user_id, project_id, old_rating, new_rating, raw_score, final_score, payment, placed, rating_ind, valid_submission_ind, create_date, modify_date, passed_review_ind, point_adjustment, rating_order) VALUES (80018013, 80018023, null, null, null, null, null, null, 0, 0, CURRENT, CURRENT, null, null, null);
UPDATE user_rating SET rating = 0 WHERE user_id = 80018013 AND phase_id = 150;
INSERT INTO resource (resource_id, resource_role_id, project_id, project_phase_id, create_user, create_date, modify_user, modify_date, user_id) VALUES (80018281, 2, 80018023, 80018267, 132456, CURRENT, 132456, CURRENT, 124852);
INSERT INTO resource (resource_id, resource_role_id, project_id, project_phase_id, create_user, create_date, modify_user, modify_date, user_id) VALUES (80018282, 4, 80018023, 80018268, 132456, CURRENT, 132456, CURRENT, 124852);
INSERT INTO resource (resource_id, resource_role_id, project_id, project_phase_id, create_user, create_date, modify_user, modify_date, user_id) VALUES (80018283, 8, 80018023, 80018271, 132456, CURRENT, 132456, CURRENT, 124852);
INSERT INTO resource (resource_id, resource_role_id, project_id, project_phase_id, create_user, create_date, modify_user, modify_date, user_id) VALUES (80018284, 9, 80018023, 80018273, 132456, CURRENT, 132456, CURRENT, 124852);
INSERT INTO resource (resource_id, resource_role_id, project_id, project_phase_id, create_user, create_date, modify_user, modify_date, user_id) VALUES (80018285, 14, 80018023, NULL, 132456, CURRENT, 132456, CURRENT, 132456);
INSERT INTO resource (resource_id, resource_role_id, project_id, project_phase_id, create_user, create_date, modify_user, modify_date, user_id) VALUES (80018286, 10, 80018023, NULL, 132456, CURRENT, 132456, CURRENT, 132458);
INSERT INTO resource_info (resource_id, resource_info_type_id, value, create_user, create_date, modify_user, modify_date) VALUES (80018273, 1, '132456', 132456, CURRENT, 132456, CURRENT);
INSERT INTO resource_info (resource_id, resource_info_type_id, value, create_user, create_date, modify_user, modify_date) VALUES (80018273, 2, 'heffan', 132456, CURRENT, 132456, CURRENT);
INSERT INTO resource_info (resource_id, resource_info_type_id, value, create_user, create_date, modify_user, modify_date) VALUES (80018273, 8, 'N/A', 132456, CURRENT, 132456, CURRENT);
INSERT INTO resource_info (resource_id, resource_info_type_id, value, create_user, create_date, modify_user, modify_date) VALUES (80018273, 6, '05.12.2016 03:16 AM', 132456, CURRENT, 132456, CURRENT);
INSERT INTO resource_info (resource_id, resource_info_type_id, value, create_user, create_date, modify_user, modify_date) VALUES (80018274, 1, '22770213', 132456, CURRENT, 132456, CURRENT);
INSERT INTO resource_info (resource_id, resource_info_type_id, value, create_user, create_date, modify_user, modify_date) VALUES (80018274, 2, 'Applications', 132456, CURRENT, 132456, CURRENT);
INSERT INTO resource_info (resource_id, resource_info_type_id, value, create_user, create_date, modify_user, modify_date) VALUES (80018274, 8, 'N/A', 132456, CURRENT, 132456, CURRENT);
INSERT INTO resource_info (resource_id, resource_info_type_id, value, create_user, create_date, modify_user, modify_date) VALUES (80018274, 6, '05.12.2016 03:17 AM', 132456, CURRENT, 132456, CURRENT);
INSERT INTO resource_info (resource_id, resource_info_type_id, value, create_user, create_date, modify_user, modify_date) VALUES (80018275, 1, '132458', 132456, CURRENT, 132456, CURRENT);
INSERT INTO resource_info (resource_id, resource_info_type_id, value, create_user, create_date, modify_user, modify_date) VALUES (80018275, 2, 'user', 132456, CURRENT, 132456, CURRENT);
INSERT INTO resource_info (resource_id, resource_info_type_id, value, create_user, create_date, modify_user, modify_date) VALUES (80018275, 8, 'N/A', 132456, CURRENT, 132456, CURRENT);
INSERT INTO resource_info (resource_id, resource_info_type_id, value, create_user, create_date, modify_user, modify_date) VALUES (80018275, 6, '05.12.2016 03:18 AM', 132456, CURRENT, 132456, CURRENT);
INSERT INTO resource_info (resource_id, resource_info_type_id, value, create_user, create_date, modify_user, modify_date) VALUES (80018276, 1, '124916', 132456, CURRENT, 132456, CURRENT);
INSERT INTO resource_info (resource_id, resource_info_type_id, value, create_user, create_date, modify_user, modify_date) VALUES (80018276, 2, 'Yoshi', 132456, CURRENT, 132456, CURRENT);
INSERT INTO resource_info (resource_id, resource_info_type_id, value, create_user, create_date, modify_user, modify_date) VALUES (80018276, 8, 'N/A', 132456, CURRENT, 132456, CURRENT);
INSERT INTO resource_info (resource_id, resource_info_type_id, value, create_user, create_date, modify_user, modify_date) VALUES (80018276, 6, '05.03.2016 01:19 PM', 132456, CURRENT, 132456, CURRENT);
INSERT INTO resource_info (resource_id, resource_info_type_id, value, create_user, create_date, modify_user, modify_date) VALUES (80018277, 1, '80018014', 132456, CURRENT, 132456, CURRENT);
INSERT INTO resource_info (resource_id, resource_info_type_id, value, create_user, create_date, modify_user, modify_date) VALUES (80018277, 2, 'srowen80018014', 132456, CURRENT, 132456, CURRENT);
INSERT INTO resource_info (resource_id, resource_info_type_id, value, create_user, create_date, modify_user, modify_date) VALUES (80018277, 3, 'test@test.com', 132456, CURRENT, 132456, CURRENT);
INSERT INTO resource_info (resource_id, resource_info_type_id, value, create_user, create_date, modify_user, modify_date) VALUES (80018277, 4, '2708', 132456, CURRENT, 132456, CURRENT);
INSERT INTO resource_info (resource_id, resource_info_type_id, value, create_user, create_date, modify_user, modify_date) VALUES (80018277, 5, '12', 132456, CURRENT, 132456, CURRENT);
INSERT INTO resource_info (resource_id, resource_info_type_id, value, create_user, create_date, modify_user, modify_date) VALUES (80018277, 8, 'N/A', 132456, CURRENT, 132456, CURRENT);
INSERT INTO resource_info (resource_id, resource_info_type_id, value, create_user, create_date, modify_user, modify_date) VALUES (80018277, 6, '05.12.2016 03:20 AM', 132456, CURRENT, 132456, CURRENT);
INSERT INTO resource_info (resource_id, resource_info_type_id, value, create_user, create_date, modify_user, modify_date) VALUES (80018277, 13, 'No', 132456, CURRENT, 132456, CURRENT);
INSERT INTO resource_info (resource_id, resource_info_type_id, value, create_user, create_date, modify_user, modify_date) VALUES (80018278, 1, '80018010', 132456, CURRENT, 132456, CURRENT);
INSERT INTO resource_info (resource_id, resource_info_type_id, value, create_user, create_date, modify_user, modify_date) VALUES (80018278, 2, 'hohosky80018010', 132456, CURRENT, 132456, CURRENT);
INSERT INTO resource_info (resource_id, resource_info_type_id, value, create_user, create_date, modify_user, modify_date) VALUES (80018278, 3, 'test@test.com', 132456, CURRENT, 132456, CURRENT);
INSERT INTO resource_info (resource_id, resource_info_type_id, value, create_user, create_date, modify_user, modify_date) VALUES (80018278, 4, '2597', 132456, CURRENT, 132456, CURRENT);
INSERT INTO resource_info (resource_id, resource_info_type_id, value, create_user, create_date, modify_user, modify_date) VALUES (80018278, 5, '98', 132456, CURRENT, 132456, CURRENT);
INSERT INTO resource_info (resource_id, resource_info_type_id, value, create_user, create_date, modify_user, modify_date) VALUES (80018278, 8, 'N/A', 132456, CURRENT, 132456, CURRENT);
INSERT INTO resource_info (resource_id, resource_info_type_id, value, create_user, create_date, modify_user, modify_date) VALUES (80018278, 6, '05.12.2016 03:21 AM', 132456, CURRENT, 132456, CURRENT);
INSERT INTO resource_info (resource_id, resource_info_type_id, value, create_user, create_date, modify_user, modify_date) VALUES (80018278, 13, 'No', 132456, CURRENT, 132456, CURRENT);
INSERT INTO resource_info (resource_id, resource_info_type_id, value, create_user, create_date, modify_user, modify_date) VALUES (80018279, 1, '80018016', 132456, CURRENT, 132456, CURRENT);
INSERT INTO resource_info (resource_id, resource_info_type_id, value, create_user, create_date, modify_user, modify_date) VALUES (80018279, 2, 'marcg80018016', 132456, CURRENT, 132456, CURRENT);
INSERT INTO resource_info (resource_id, resource_info_type_id, value, create_user, create_date, modify_user, modify_date) VALUES (80018279, 3, 'test@test.com', 132456, CURRENT, 132456, CURRENT);
INSERT INTO resource_info (resource_id, resource_info_type_id, value, create_user, create_date, modify_user, modify_date) VALUES (80018279, 4, '2535', 132456, CURRENT, 132456, CURRENT);
INSERT INTO resource_info (resource_id, resource_info_type_id, value, create_user, create_date, modify_user, modify_date) VALUES (80018279, 5, '48', 132456, CURRENT, 132456, CURRENT);
INSERT INTO resource_info (resource_id, resource_info_type_id, value, create_user, create_date, modify_user, modify_date) VALUES (80018279, 8, 'N/A', 132456, CURRENT, 132456, CURRENT);
INSERT INTO resource_info (resource_id, resource_info_type_id, value, create_user, create_date, modify_user, modify_date) VALUES (80018279, 6, '05.12.2016 03:22 AM', 132456, CURRENT, 132456, CURRENT);
INSERT INTO resource_info (resource_id, resource_info_type_id, value, create_user, create_date, modify_user, modify_date) VALUES (80018279, 13, 'No', 132456, CURRENT, 132456, CURRENT);
INSERT INTO resource_info (resource_id, resource_info_type_id, value, create_user, create_date, modify_user, modify_date) VALUES (80018280, 1, '80018013', 132456, CURRENT, 132456, CURRENT);
INSERT INTO resource_info (resource_id, resource_info_type_id, value, create_user, create_date, modify_user, modify_date) VALUES (80018280, 2, 'srowen80018013', 132456, CURRENT, 132456, CURRENT);
INSERT INTO resource_info (resource_id, resource_info_type_id, value, create_user, create_date, modify_user, modify_date) VALUES (80018280, 3, 'test@test.com', 132456, CURRENT, 132456, CURRENT);
INSERT INTO resource_info (resource_id, resource_info_type_id, value, create_user, create_date, modify_user, modify_date) VALUES (80018280, 8, 'N/A', 132456, CURRENT, 132456, CURRENT);
INSERT INTO resource_info (resource_id, resource_info_type_id, value, create_user, create_date, modify_user, modify_date) VALUES (80018280, 6, '05.12.2016 03:23 AM', 132456, CURRENT, 132456, CURRENT);
INSERT INTO resource_info (resource_id, resource_info_type_id, value, create_user, create_date, modify_user, modify_date) VALUES (80018280, 13, 'No', 132456, CURRENT, 132456, CURRENT);
INSERT INTO resource_info (resource_id, resource_info_type_id, value, create_user, create_date, modify_user, modify_date) VALUES (80018281, 1, '124852', 132456, CURRENT, 132456, CURRENT);
INSERT INTO resource_info (resource_id, resource_info_type_id, value, create_user, create_date, modify_user, modify_date) VALUES (80018281, 2, 'plinehan', 132456, CURRENT, 132456, CURRENT);
INSERT INTO resource_info (resource_id, resource_info_type_id, value, create_user, create_date, modify_user, modify_date) VALUES (80018281, 8, 'N/A', 132456, CURRENT, 132456, CURRENT);
INSERT INTO resource_info (resource_id, resource_info_type_id, value, create_user, create_date, modify_user, modify_date) VALUES (80018281, 6, '05.08.2016 03:24 PM', 132456, CURRENT, 132456, CURRENT);
INSERT INTO resource_info (resource_id, resource_info_type_id, value, create_user, create_date, modify_user, modify_date) VALUES (80018282, 1, '124852', 132456, CURRENT, 132456, CURRENT);
INSERT INTO resource_info (resource_id, resource_info_type_id, value, create_user, create_date, modify_user, modify_date) VALUES (80018282, 2, 'plinehan', 132456, CURRENT, 132456, CURRENT);
INSERT INTO resource_info (resource_id, resource_info_type_id, value, create_user, create_date, modify_user, modify_date) VALUES (80018282, 8, 'N/A', 132456, CURRENT, 132456, CURRENT);
INSERT INTO resource_info (resource_id, resource_info_type_id, value, create_user, create_date, modify_user, modify_date) VALUES (80018282, 6, '05.09.2016 03:25 AM', 132456, CURRENT, 132456, CURRENT);
INSERT INTO resource_info (resource_id, resource_info_type_id, value, create_user, create_date, modify_user, modify_date) VALUES (80018283, 1, '124852', 132456, CURRENT, 132456, CURRENT);
INSERT INTO resource_info (resource_id, resource_info_type_id, value, create_user, create_date, modify_user, modify_date) VALUES (80018283, 2, 'plinehan', 132456, CURRENT, 132456, CURRENT);
INSERT INTO resource_info (resource_id, resource_info_type_id, value, create_user, create_date, modify_user, modify_date) VALUES (80018283, 8, 'N/A', 132456, CURRENT, 132456, CURRENT);
INSERT INTO resource_info (resource_id, resource_info_type_id, value, create_user, create_date, modify_user, modify_date) VALUES (80018283, 6, '05.12.2016 03:26 PM', 132456, CURRENT, 132456, CURRENT);
INSERT INTO resource_info (resource_id, resource_info_type_id, value, create_user, create_date, modify_user, modify_date) VALUES (80018284, 1, '124852', 132456, CURRENT, 132456, CURRENT);
INSERT INTO resource_info (resource_id, resource_info_type_id, value, create_user, create_date, modify_user, modify_date) VALUES (80018284, 2, 'plinehan', 132456, CURRENT, 132456, CURRENT);
INSERT INTO resource_info (resource_id, resource_info_type_id, value, create_user, create_date, modify_user, modify_date) VALUES (80018284, 8, 'N/A', 132456, CURRENT, 132456, CURRENT);
INSERT INTO resource_info (resource_id, resource_info_type_id, value, create_user, create_date, modify_user, modify_date) VALUES (80018284, 6, '05.14.2016 03:27 AM', 132456, CURRENT, 132456, CURRENT);
INSERT INTO resource_info (resource_id, resource_info_type_id, value, create_user, create_date, modify_user, modify_date) VALUES (80018285, 1, '132456', 132456, CURRENT, 132456, CURRENT);
INSERT INTO resource_info (resource_id, resource_info_type_id, value, create_user, create_date, modify_user, modify_date) VALUES (80018285, 2, 'heffan', 132456, CURRENT, 132456, CURRENT);
INSERT INTO resource_info (resource_id, resource_info_type_id, value, create_user, create_date, modify_user, modify_date) VALUES (80018285, 8, 'N/A', 132456, CURRENT, 132456, CURRENT);
INSERT INTO resource_info (resource_id, resource_info_type_id, value, create_user, create_date, modify_user, modify_date) VALUES (80018285, 6, '05.12.2016 03:28 AM', 132456, CURRENT, 132456, CURRENT);
INSERT INTO resource_info (resource_id, resource_info_type_id, value, create_user, create_date, modify_user, modify_date) VALUES (80018286, 1, '132458', 132456, CURRENT, 132456, CURRENT);
INSERT INTO resource_info (resource_id, resource_info_type_id, value, create_user, create_date, modify_user, modify_date) VALUES (80018286, 2, 'user', 132456, CURRENT, 132456, CURRENT);
INSERT INTO resource_info (resource_id, resource_info_type_id, value, create_user, create_date, modify_user, modify_date) VALUES (80018286, 8, 'N/A', 132456, CURRENT, 132456, CURRENT);
INSERT INTO resource_info (resource_id, resource_info_type_id, value, create_user, create_date, modify_user, modify_date) VALUES (80018286, 6, '05.12.2016 03:29 AM', 132456, CURRENT, 132456, CURRENT);
INSERT INTO upload (upload_id, project_id, resource_id, upload_type_id, upload_status_id, parameter, create_user, create_date, modify_user, modify_date, project_phase_id) VALUES (80018069, 80018023, 80018275, 1, 1, '80018023_80018275_80018069.zip', 132458, '2016-05-12 03:18:09', 132458, CURRENT, 80018263);
INSERT INTO upload (upload_id, project_id, resource_id, upload_type_id, upload_status_id, parameter, create_user, create_date, modify_user, modify_date, project_phase_id) VALUES (80018070, 80018023, 80018277, 1, 1, '80018023_80018277_80018070.zip', 80018014, '2016-05-12 03:20:09', 80018014, CURRENT, 80018266);
INSERT INTO upload (upload_id, project_id, resource_id, upload_type_id, upload_status_id, parameter, create_user, create_date, modify_user, modify_date, project_phase_id) VALUES (80018071, 80018023, 80018278, 1, 1, '80018023_80018278_80018071.zip', 80018010, '2016-05-12 03:21:09', 80018010, CURRENT, 80018266);
INSERT INTO upload (upload_id, project_id, resource_id, upload_type_id, upload_status_id, parameter, create_user, create_date, modify_user, modify_date, project_phase_id) VALUES (80018072, 80018023, 80018282, 4, 1, '80018023_80018282_80018072_screenshots.zip', 124852, '2016-05-12 03:15:09', 124852, CURRENT, 80018268);
INSERT INTO submission (submission_id, upload_id, submission_status_id, screening_score, initial_score, final_score, placement, submission_type_id, create_user, create_date, modify_user, modify_date, prize_id) VALUES (80018057, 80018069, 1, null, null, null, null, 2, 132458, '2016-05-12 13:06:19', 132458, '2016-05-12 13:06:19', null);
INSERT INTO resource_submission (resource_id, submission_id, create_user, create_date, modify_user, modify_date) VALUES (80018275, 80018057, 132458, CURRENT, 132458, CURRENT);
INSERT INTO submission (submission_id, upload_id, submission_status_id, screening_score, initial_score, final_score, placement, submission_type_id, create_user, create_date, modify_user, modify_date, prize_id) VALUES (80018058, 80018070, 1, 100.0, null, null, null, 1, 80018014, '2016-05-12 10:41:37', 80018014, '2016-05-12 10:41:37', null);
INSERT INTO resource_submission (resource_id, submission_id, create_user, create_date, modify_user, modify_date) VALUES (80018277, 80018058, 80018014, CURRENT, 80018014, CURRENT);
INSERT INTO submission (submission_id, upload_id, submission_status_id, screening_score, initial_score, final_score, placement, submission_type_id, create_user, create_date, modify_user, modify_date, prize_id) VALUES (80018059, 80018071, 1, 75.0, null, null, null, 1, 80018010, '2016-05-12 12:59:55', 80018010, '2016-05-12 12:59:55', null);
INSERT INTO resource_submission (resource_id, submission_id, create_user, create_date, modify_user, modify_date) VALUES (80018278, 80018059, 80018010, CURRENT, 80018010, CURRENT);
INSERT INTO review (review_id, resource_id, submission_id, scorecard_id, committed, initial_score, score, create_user, create_date, modify_user, modify_date, project_phase_id) VALUES (80018099, 80018276, 80018057, 30000722, 1, 100.0, 100.0, 124916, CURRENT, 124916, CURRENT, 80018264);
INSERT INTO review_comment (review_comment_id, resource_id, review_id, comment_type_id, content, extra_info, sort, create_user, create_date, modify_user, modify_date) VALUES (80018027, 80018276, 80018099, 14, '', 'Approved', 0, 124916, CURRENT, 124916, CURRENT);
INSERT INTO review_item (review_item_id, review_id, scorecard_question_id, upload_id, answer, sort, create_user, create_date, modify_user, modify_date) VALUES (80018099, 80018099, 30001008, null, '4/4', 0, 124916, CURRENT, 124916, CURRENT);
INSERT INTO review_item_comment (review_item_comment_id, resource_id, review_item_id, comment_type_id, content, extra_info, sort, create_user, create_date, modify_user, modify_date) VALUES (80018159, 80018276, 80018099, 1, 'OKey', NULL, 0, 124916, CURRENT, 124916, CURRENT);
INSERT INTO review (review_id, resource_id, submission_id, scorecard_id, committed, initial_score, score, create_user, create_date, modify_user, modify_date, project_phase_id) VALUES (80018100, 80018281, 80018058, 30000410, 1, 100.0, 100.0, 124852, CURRENT, 124852, CURRENT, 80018267);
INSERT INTO review_item (review_item_id, review_id, scorecard_question_id, upload_id, answer, sort, create_user, create_date, modify_user, modify_date) VALUES (80018100, 80018100, 30001000, null, '4/4', 0, 124852, CURRENT, 124852, CURRENT);
INSERT INTO review_item_comment (review_item_comment_id, resource_id, review_item_id, comment_type_id, content, extra_info, sort, create_user, create_date, modify_user, modify_date) VALUES (80018160, 80018281, 80018100, 1, 'Verification section provides the instructions just for testing the Direct web module while there are other web modules deployed and to be tested as well like /mobile, /present', NULL, 0, 124852, CURRENT, 124852, CURRENT);
INSERT INTO review (review_id, resource_id, submission_id, scorecard_id, committed, initial_score, score, create_user, create_date, modify_user, modify_date, project_phase_id) VALUES (80018101, 80018281, 80018059, 30000410, 1, 75.0, 75.0, 124852, CURRENT, 124852, CURRENT, 80018267);
INSERT INTO review_item (review_item_id, review_id, scorecard_question_id, upload_id, answer, sort, create_user, create_date, modify_user, modify_date) VALUES (80018101, 80018101, 30001000, null, '3/4', 0, 124852, CURRENT, 124852, CURRENT);
INSERT INTO review_item_comment (review_item_comment_id, resource_id, review_item_id, comment_type_id, content, extra_info, sort, create_user, create_date, modify_user, modify_date) VALUES (80018161, 80018281, 80018101, 1, 'analytics web module is not workable. When trying to access it the server responds with HTTP 404 error.', NULL, 0, 124852, CURRENT, 124852, CURRENT);
INSERT INTO review (review_id, resource_id, submission_id, scorecard_id, committed, initial_score, score, create_user, create_date, modify_user, modify_date, project_phase_id) VALUES (80018102, 80018282, 80018058, 30000411, 0, null, null, 124852, CURRENT, 124852, CURRENT, 80018268);
INSERT INTO review_item (review_item_id, review_id, scorecard_question_id, upload_id, answer, sort, create_user, create_date, modify_user, modify_date) VALUES (80018102, 80018102, 30001001, null, '3/4', 0, 124852, CURRENT, 124852, CURRENT);
INSERT INTO review_item_comment (review_item_comment_id, resource_id, review_item_id, comment_type_id, content, extra_info, sort, create_user, create_date, modify_user, modify_date) VALUES (80018162, 80018282, 80018102, 1, '/direct/scorecard web module is not workable. When trying to access it the server responds with error like:  There is no Action mapped for namespace [/] and action name [scorecard] associated with context path [/direct]. - [unknown location]', NULL, 0, 124852, CURRENT, 124852, CURRENT);
INSERT INTO review_item_comment (review_item_comment_id, resource_id, review_item_id, comment_type_id, content, extra_info, sort, create_user, create_date, modify_user, modify_date) VALUES (80018163, 80018282, 80018102, 1, 'Direct web module: server responds with error when trying to visit https://localhost/direct/allProjects.action', NULL, 0, 124852, CURRENT, 124852, CURRENT);
INSERT INTO review (review_id, resource_id, submission_id, scorecard_id, committed, initial_score, score, create_user, create_date, modify_user, modify_date, project_phase_id) VALUES (80018103, 80018282, 80018059, 30000411, 0, null, null, 124852, CURRENT, 124852, CURRENT, 80018268);
INSERT INTO review_item (review_item_id, review_id, scorecard_question_id, upload_id, answer, sort, create_user, create_date, modify_user, modify_date) VALUES (80018103, 80018103, 30001001, 80018072, '4/4', 0, 124852, CURRENT, 124852, CURRENT);
INSERT INTO review_item_comment (review_item_comment_id, resource_id, review_item_id, comment_type_id, content, extra_info, sort, create_user, create_date, modify_user, modify_date) VALUES (80018164, 80018282, 80018103, 1, 'visit http://tc.cloud.topcoder.com/tc?module=ProjectDetail&pj=7700001 anonymously, click the Registration button, then enter with user without checking the compete options, it return back to contest detail page, but no popup shows information to check options in profile. ', NULL, 0, 124852, CURRENT, 124852, CURRENT);
INSERT INTO notification (project_id, external_ref_id, notification_type_id, create_user, create_date, modify_user, modify_date) VALUES (80018023, 80018016, 1, 132456, CURRENT, 132456, CURRENT);
INSERT INTO notification (project_id, external_ref_id, notification_type_id, create_user, create_date, modify_user, modify_date) VALUES (80018023, 124916, 1, 132456, CURRENT, 132456, CURRENT);
INSERT INTO notification (project_id, external_ref_id, notification_type_id, create_user, create_date, modify_user, modify_date) VALUES (80018023, 124852, 1, 132456, CURRENT, 132456, CURRENT);
INSERT INTO notification (project_id, external_ref_id, notification_type_id, create_user, create_date, modify_user, modify_date) VALUES (80018023, 132458, 1, 132456, CURRENT, 132456, CURRENT);
INSERT INTO notification (project_id, external_ref_id, notification_type_id, create_user, create_date, modify_user, modify_date) VALUES (80018023, 80018013, 1, 132456, CURRENT, 132456, CURRENT);
INSERT INTO notification (project_id, external_ref_id, notification_type_id, create_user, create_date, modify_user, modify_date) VALUES (80018023, 132456, 1, 132456, CURRENT, 132456, CURRENT);
INSERT INTO notification (project_id, external_ref_id, notification_type_id, create_user, create_date, modify_user, modify_date) VALUES (80018023, 80018014, 1, 132456, CURRENT, 132456, CURRENT);
INSERT INTO notification (project_id, external_ref_id, notification_type_id, create_user, create_date, modify_user, modify_date) VALUES (80018023, 22770213, 1, 132456, CURRENT, 132456, CURRENT);
INSERT INTO notification (project_id, external_ref_id, notification_type_id, create_user, create_date, modify_user, modify_date) VALUES (80018023, 80018010, 1, 132456, CURRENT, 132456, CURRENT);
INSERT INTO contest_sale (contest_sale_id, contest_id, sale_status_id, price, paypal_order_id, create_date, sale_reference_id, sale_type_id) VALUES (80018023, 80018023, 1, 8964.0, 'PO BOX 80018001', CURRENT, 'PO BOX 80018001', 2);
INSERT INTO project_payment (project_payment_id, project_payment_type_id, resource_id, submission_id, amount, pacts_payment_id, create_user,create_date, modify_user, modify_date) VALUES (80018088, 3, 80018276, null, 50.0, null, 132456, CURRENT, 132456, CURRENT);
INSERT INTO project_payment (project_payment_id, project_payment_type_id, resource_id, submission_id, amount, pacts_payment_id, create_user,create_date, modify_user, modify_date) VALUES (80018089, 3, 80018281, null, 50.0, null, 132456, CURRENT, 132456, CURRENT);
INSERT INTO project_payment (project_payment_id, project_payment_type_id, resource_id, submission_id, amount, pacts_payment_id, create_user,create_date, modify_user, modify_date) VALUES (80018090, 4, 80018285, null, 350.0, null, 132456, CURRENT, 132456, CURRENT);
INSERT INTO contest_milestone_xref (contest_id, project_milestone_id, create_user, create_date, modify_user, modify_date) VALUES (80018023, 800180011, 132456, CURRENT, 132456, CURRENT);
INSERT INTO project_platform (project_id, project_platform_id, create_user, create_date, modify_user, modify_date) VALUES (80018023, 4, 132456, CURRENT, 132456, CURRENT);
INSERT INTO review_auction (review_auction_id, project_id, review_auction_type_id) VALUES (80028023, 80018023, 3);
INSERT INTO review_auction (review_auction_id, project_id, review_auction_type_id) VALUES (80018023, 80018023, 1);
